SysConst,AvgTime,Oxygen,,,,,,,,,,,,,,,,,,,,,,,,,,,,,,,,,,,,,,,,,,,,,,,,,,,,,,,,,,,,,,,,,,,,,,,,,,,,,,,,,,,,,,,,,,,,,,,,,,,,,,,,,,,,,,,,,,,,,,,,,,,,,,,,,,,,,,,,,,,,,,,,,,,,,,,,,,,,,,,,,,,,,,,,,,,,,,,,,
,4,21,,,,,,,,,,,,,,,,,,,,,,,,,,,,,,,,,,,,,,,,,,,,,,,,,,,,,,,,,,,,,,,,,,,,,,,,,,,,,,,,,,,,,,,,,,,,,,,,,,,,,,,,,,,,,,,,,,,,,,,,,,,,,,,,,,,,,,,,,,,,,,,,,,,,,,,,,,,,,,,,,,,,,,,,,,,,,,,,,
ChambConst,Chamber,Aperture,blc_a,blc_b,blc_c,blc_d,blc_e,blc_minS,blc_maxS,blc_Po,,,,,,,,,,,,,,,,,,,,,,,,,,,,,,,,,,,,,,,,,,,,,,,,,,,,,,,,,,,,,,,,,,,,,,,,,,,,,,,,,,,,,,,,,,,,,,,,,,,,,,,,,,,,,,,,,,,,,,,,,,,,,,,,,,,,,,,,,,,,,,,,,,,,,,,,,,,,,,,,,,,,,,,,,
,6800-01A,6 cm²,0.578,0.5229739,0.003740252,-0.06197961,-0.005608586,1,6,96.9,,,,,,,,,,,,,,,,,,,,,,,,,,,,,,,,,,,,,,,,,,,,,,,,,,,,,,,,,,,,,,,,,,,,,,,,,,,,,,,,,,,,,,,,,,,,,,,,,,,,,,,,,,,,,,,,,,,,,,,,,,,,,,,,,,,,,,,,,,,,,,,,,,,,,,,,,,,,,,,,,,,,,,,,,
LTConst,deltaTw,fT1,fT2,fTeb,,,,,,,,,,,,,,,,,,,,,,,,,,,,,,,,,,,,,,,,,,,,,,,,,,,,,,,,,,,,,,,,,,,,,,,,,,,,,,,,,,,,,,,,,,,,,,,,,,,,,,,,,,,,,,,,,,,,,,,,,,,,,,,,,,,,,,,,,,,,,,,,,,,,,,,,,,,,,,,,,,,,,,,,,,,,,,,
,0,0,1,0,,,,,,,,,,,,,,,,,,,,,,,,,,,,,,,,,,,,,,,,,,,,,,,,,,,,,,,,,,,,,,,,,,,,,,,,,,,,,,,,,,,,,,,,,,,,,,,,,,,,,,,,,,,,,,,,,,,,,,,,,,,,,,,,,,,,,,,,,,,,,,,,,,,,,,,,,,,,,,,,,,,,,,,,,,,,,,,
LQConst,Leaf,Ambient,abs_ambient,abs_redLED,abs_greenLED,abs_blueLED,abs_whiteLED,abs_redFlr,abs_blueFlr,k_ambient,k_redLED,k_greenLED,k_blueLED,k_whiteLED,k_redFlr,k_blueFlr,,,,,,,,,,,,,,,,,,,,,,,,,,,,,,,,,,,,,,,,,,,,,,,,,,,,,,,,,,,,,,,,,,,,,,,,,,,,,,,,,,,,,,,,,,,,,,,,,,,,,,,,,,,,,,,,,,,,,,,,,,,,,,,,,,,,,,,,,,,,,,,,,,,,,,,,,,,,,,,,,,,
,standard,Sun+Sky,0.8,0.84,0.7,0.87,0.75,0.84,0.87,0.1911,0.1512,0.161,0.2262,0.1575,0.1596,0.2175,,,,,,,,,,,,,,,,,,,,,,,,,,,,,,,,,,,,,,,,,,,,,,,,,,,,,,,,,,,,,,,,,,,,,,,,,,,,,,,,,,,,,,,,,,,,,,,,,,,,,,,,,,,,,,,,,,,,,,,,,,,,,,,,,,,,,,,,,,,,,,,,,,,,,,,,,,,,,,,,,,,
QConst,fQ_Amb_in,fQ_Amb_out,fQ_HeadLS,fQ_ConsoleLS,fQ_Flr,,,,,,,,,,,,,,,,,,,,,,,,,,,,,,,,,,,,,,,,,,,,,,,,,,,,,,,,,,,,,,,,,,,,,,,,,,,,,,,,,,,,,,,,,,,,,,,,,,,,,,,,,,,,,,,,,,,,,,,,,,,,,,,,,,,,,,,,,,,,,,,,,,,,,,,,,,,,,,,,,,,,,,,,,,,,,,
,0,0,0,0,1,,,,,,,,,,,,,,,,,,,,,,,,,,,,,,,,,,,,,,,,,,,,,,,,,,,,,,,,,,,,,,,,,,,,,,,,,,,,,,,,,,,,,,,,,,,,,,,,,,,,,,,,,,,,,,,,,,,,,,,,,,,,,,,,,,,,,,,,,,,,,,,,,,,,,,,,,,,,,,,,,,,,,,,,,,,,,,
LeakConst,fan_a,fan_b,fan_c,fan_d,Fs_meas,Fs_true,leak_wt,,,,,,,,,,,,,,,,,,,,,,,,,,,,,,,,,,,,,,,,,,,,,,,,,,,,,,,,,,,,,,,,,,,,,,,,,,,,,,,,,,,,,,,,,,,,,,,,,,,,,,,,,,,,,,,,,,,,,,,,,,,,,,,,,,,,,,,,,,,,,,,,,,,,,,,,,,,,,,,,,,,,,,,,,,,,
,-6276,6.6,0.00001709,3.11,4.76482 209.407 348.77 565.75 852.21 1031.11 1229.92 1375.31,-4.01968 235.85 382.777 581.898 816.143 1001.65 1203.73 1400.57,0,,,,,,,,,,,,,,,,,,,,,,,,,,,,,,,,,,,,,,,,,,,,,,,,,,,,,,,,,,,,,,,,,,,,,,,,,,,,,,,,,,,,,,,,,,,,,,,,,,,,,,,,,,,,,,,,,,,,,,,,,,,,,,,,,,,,,,,,,,,,,,,,,,,,,,,,,,,,,,,,,,,,,,,,,,,,
SysObs,SysObs,SysObs,SysObs,SysObs,SysObs,UserDefCon,UserDefVar,GasEx,GasEx,GasEx,GasEx,GasEx,GasEx,GasEx,GasEx,GasEx,GasEx,GasEx,GasEx,GasEx,GasEx,GasEx,GasEx,GasEx,GasEx,GasEx,GasEx,GasEx,GasEx,GasEx,GasEx,Leak,Leak,Leak,Leak,Leak,FLR,FLR,FLR,FLR,FLR,FLR,FLR,FLR,FLR,FLR,FLR,FLR,FLR,FLR,FLR,FLR,FLR,FLR,FLR,FLR,FLR,FLR,FLR,FLR,FLR,FLR,FLR,FLR,LeafQ,LeafQ,LeafQ,LeafQ,Const,Const,Const,Const,Meas,Meas,Meas,Meas,Meas,Meas,Meas,Meas,Meas,Meas,Meas,Meas,Meas,Meas,Meas,Meas,Meas,Meas,FlrLS,FlrLS,FlrLS,FlrLS,FlrLS,FlrLS,FlrLS,FlrLS,FlrLS,FlrLS,FlrLS,FlrLS,FlrLS,FlrLS,FlrLS,FlrLS,FlrLS,FlrLS,FlrStats,FlrStats,FlrStats,FlrStats,FlrStats,MchEvent,MchEvent,MchEvent,MchEvent,MchEvent,MchEvent,MchEvent,MchEvent,MchEvent,MchEvent,MchEvent,MchEvent,MchEvent,Stability,Stability,Stability,Stability,Stability,Stability,Stability,Stability,Stability,Stability,Stability,MchStatus,MchStatus,MchStatus,MchStatus,MchStatus,MchStatus,MchStatus,MchStatus,MchStatus,MchStatus,MchStatus,MchStatus,MchStatus,MchStatus,MchStatus,MchStatus,MchStatus,MchStatus,ConStatus,ConStatus,ConStatus,ConStatus,ConStatus,ConStatus,ConStatus,ConStatus,Status,Status,Status,Status,Status,Status,Status,Status,Status,Status,Status,Status,Status,Status,Status,Status
obs,time,elapsed,date,hhmmss,averaging,plant id,WUE,TIME,E,Emm,A,Ca,Ci,Pci,Pca,gsw,gbw,gtw,gtc,Rabs,TleafEB,TleafCnd,SVPleaf,RHcham,VPcham,SVPcham,VPDleaf,LatHFlux,SenHFlux,NetTherm,EBSum,Leak,LeakPct,CorrFact,CorrFactPct,Fan,DarkAdaptedID,Qmax_d,Fo,Fm,Fv/Fm,A_dark,LightAdaptedID,Qmax,Fs,Fm',PhiPS2,PS2/1,Qabs_fs,A_fs,ETR,PhiCO2,NPQ,alt._Fo',DarkPulseID,Fmin,Fo',Fv'/Fm',qP,qN,qP_Fo,qN_Fo,qL,1-qL,Qin,Qabs,alpha,convert,S,K,Geometry,Custom,TIME,CO2_s,CO2_r,H2O_s,H2O_r,CO2_a,H2O_a,Flow,Pa,ΔPcham,Tair,Tleaf,Tleaf2,Offset,Offset2,Fan_speed,Qamb_in,Qamb_out,Q,f_red,f_blue,f_farred,F,Q_modavg,F_dc,Pc,Tled,TDigital,TPreamp,TPwrSpy,TDrive,Q_red,Q_blue,Q_farred,TSPF,state,F_avg,dF/dt,dF_dc/dt,F_dc_avg,period,time,hhmmss,co2_t,h2o_t,count,co2_adj,h2o_adj,co2_match,h2o_match,co2_at,h2o_at,co2_cv,h2o_cv,ΔCO2:MN,ΔCO2:SLP,ΔCO2:SD,ΔCO2:OK,ΔH2O:MN,ΔH2O:SLP,ΔH2O:SD,ΔH2O:OK,Stable,Total,State,MatchValveR,MatchValveS,MatchCO2,MatchH2O,cf_co2_a,cf_co2_b,cf_co2_c,cf_co2_d,cf_h2o_a,cf_h2o_b,cf_h2o_c,cf_h2o_d,co2_fit_low,co2_fit_high,h2o_fit_low,h2o_fit_high,co2_elapsed,h2o_elapsed,CO2_f,CO2_f_s,Pump_f,Pump_f_s,Pump_p,Pump_p_s,Tboard,V_system,DIAG,Flow_s,Flow_r,Txchg,Tirga,Tchopper,Ts,Tr,CO2_%,Desiccant_%,Humidifier_%,Txchg_sp,CO2_r_sp,H2O_r_sp,SS_s,SS_r
,s,s,,,s,,,s,mol m⁻² s⁻¹,mmol m⁻² s⁻¹,µmol m⁻² s⁻¹,µmol mol⁻¹,µmol mol⁻¹,Pa,Pa,mol m⁻² s⁻¹,mol m⁻² s⁻¹,mol m⁻² s⁻¹,mol m⁻² s⁻¹,W m⁻²,°C,°C,kPa,%,kPa,kPa,kPa,W m⁻²,W m⁻²,W m⁻²,W m⁻²,µmol s⁻¹,%,,%,µmol s⁻¹,,,,,,µmol m⁻² s⁻¹,,,,,,,µmol m⁻² s⁻¹,µmol m⁻² s⁻¹,µmol m⁻² s⁻¹,µmol µmol⁻¹,,,,,,,,,,,,,µmol m⁻² s⁻¹,µmol m⁻² s⁻¹,,J/µmol,cm²,,,mol m⁻² s⁻¹,s,µmol mol⁻¹,µmol mol⁻¹,mmol mol⁻¹,mmol mol⁻¹,µmol mol⁻¹,mmol mol⁻¹,µmol s⁻¹,kPa,kPa,°C,°C,°C,°C,°C,rpm,µmol m⁻² s⁻¹,µmol m⁻² s⁻¹,µmol m⁻² s⁻¹,,,,,µmol m⁻² s⁻¹,,,°C,°C,°C,°C,°C,µmol m⁻² s⁻¹,µmol m⁻² s⁻¹,µmol m⁻² s⁻¹,s,,,min⁻¹,min⁻¹,,s,secs,,s,s,,µmol/mol,mmol/mol,µmol/mol,mmol/mol,µmol/mol,mmol/mol,%,%,µmol mol⁻¹,µmol mol⁻¹ min⁻¹,µmol mol⁻¹,,mmol mol⁻¹,mmol mol⁻¹ min⁻¹,mmol mol⁻¹,,,,,%,%,µmol/mol,mmol/mol,µmol/mol,,,,mmol/mol,,,,µmol mol⁻¹,µmol mol⁻¹,mmol mol⁻¹,mmol mol⁻¹,min,min,V,V,V,V,V,V,°C,V,,µmol s⁻¹,µmol s⁻¹,°C,°C,°C,°C,°C,%,%,%,°C,µmol mol⁻¹,mmol mol⁻¹,%,%
1,1712084445,0,20240402 12:00:45,12:00:45,15,e2.erocic.2,56.88591422,1712084437,0.005810217,5.810217329,27.94193159,368.2731875,263.6535622,26.82139593,37.46431828,0.49119245,2.955751085,0.449938361,0.284628696,241.7380227,25.36120788,25.377,3.25185105,60.39114005,1.97190675,3.265225245,1.2799443,-256.2305842,11.00414468,0.790763177,-2.697653616,0,0,1,0,53952.78202,RECT-1505-20210918-17_20_47,10288.4,812.936,2752.91,0.704699391,-1,MPF-222-20240401-11_59_31,10231.1,646.1428,1205.332906,0.463930009,0.5,1261.214251,27.94193159,292.5575694,0.022947673,1.283941628,589.4476597,-,0,589.4476597,0.510966923,0.907945286,0.715324258,1.425062475,0.797730843,0.828278554,0.171721446,1500.00375,1261.214251,0.840807398,0.161158279,6,0.5,0: Broadleaf,2,1712084437,368.2731875,398.3579375,19.3837875,13.6856125,378.4716875,19.8261625,599.93875,101.6085,0.121192938,25.44605625,999.9,25.377,0,0,9989.448125,0,405.004125,1500.00375,0.972996875,0.027003025,0,646.1134375,4.9992,10084.86875,12157.65,43.125,45,44.062,43.92925,44.125,1454.63375,40.37,0,1712085392,0,646.1428,-6.782846152,-111,10083.476,15,1712084409,12:00:09,1712084393,1712084409,1,-0.915,-0.046,-10.346,-0.54,384,14,0.11,0.04,-31.430225,22.56638346,2.511305666,0,5.6952675,-0.041957143,0.039489917,1,1,2,1/2,100,100,-10.202,-0.4442,-7.230490538,-0.007814304,-3.18182E-07,6.4783E-10,-0.420283242,-0.027428369,0.001386821,-3.00526E-06,5,2011,2,27,0.9,0.6,0.959473,2.48535,1.59912,2.30957,1.60278,2.48535,35.4059,16.0058,18,611.849,436.509,23.0018,29.463,29.9993,29.5405,29.5424,19.2062,42.7774,94.5043,23,400,13.732,100.126,102.629
2,1712084490,45,20240402 12:01:30,12:01:30,15,e2.erocic.2,60.42011568,1712084482,0.005640895,5.64089505,28.05660382,368.4012,258.0080628,26.24743679,37.47784898,0.464358658,2.956857868,0.427319546,0.270155908,241.7346578,25.50019268,25.48743333,3.273261789,59.83757122,1.964919377,3.283755235,1.308342412,-248.7634717,8.59114281,0.617770934,2.180099899,0,0,1,0,53968.08745,RECT-1505-20210918-17_20_47,10288.4,812.936,2752.91,0.704699391,-1,MPF-223-20240401-12_00_16,10231.3,642.7251538,1244.274602,0.483453932,0.5,1261.196541,28.05660382,304.865213,0.023038918,1.212461779,598.6094517,-,0,598.6094517,0.518908888,0.931674023,0.700290124,1.394610743,0.777657535,0.867725299,0.132274701,1499.982667,1261.196541,0.84080741,0.161158301,6,0.5,0: Broadleaf,2,1712084482,368.4012,398.5374667,19.31484,13.78261333,378.6006,19.75881333,599.9691333,101.6095333,0.1215386,25.54132667,999.9,25.48743333,0,0,9995.621333,0,404.6410667,1499.982667,0.972996333,0.027003633,0,642.6867333,4.9992,10024.48667,12157.48667,43.1622,45.0496,44.062,43.9622,44.187,1454.612667,40.37,0,43.89999986,0,642.7251538,2.112820513,36.35897434,10025.12692,15,1712084409,12:00:09,1712084393,1712084409,1,-0.915,-0.046,-10.346,-0.54,384,14,0.11,0.04,-30.091895,-1.397201504,0.155783236,0,5.561673,-0.565232481,0.057349773,0,0,2,0/2,100,100,-10.2,-0.4438,-7.230490538,-0.007814304,-3.18182E-07,6.4783E-10,-0.420283242,-0.027428369,0.001386821,-3.00526E-06,5,2011,2,27,1.6,1.4,0.987549,2.47314,1.59912,2.30713,1.60156,2.4707,35.2902,16.0146,18,612.08,436.183,22.997,29.3853,29.9996,29.4787,29.4933,19.753,41.3595,92.6024,23,400,13.9331,100.138,102.641
3,1712084534,89,20240402 12:02:14,12:02:14,15,e2.erocic.2,62.24801525,1712084526,0.005542735,5.542734586,28.50254272,368.5604375,255.1916413,25.96027225,37.49311399,0.457886771,2.959481582,0.421859259,0.266662343,241.740317,25.44144471,25.42871875,3.261862963,59.97363619,1.95957137,3.267387963,1.302291593,-244.4345953,4.544228183,0.32624188,2.176191799,0,0,1,0,54060.37276,RECT-1505-20210918-17_20_47,10288.4,812.936,2752.91,0.704699391,-1,MPF-224-20240401-12_01_00,10233.1,645.12164,1272.624801,0.493077897,0.5,1261.226326,28.50254272,310.9414124,0.02339195,1.163174879,605.0943952,-,0,605.0943952,0.524530408,0.940036822,0.689204974,1.365060797,0.763043834,0.881711257,0.118288743,1500.018125,1261.226326,0.840807391,0.161158264,6,0.5,0: Broadleaf,2,1712084526,368.5604375,399.1045625,19.26275,13.82700625,378.761125,19.70793125,600.0245625,101.6083125,0.120224188,25.4572,999.9,25.42871875,0,0,10010.6275,0,404.4204375,1500.018125,0.972995313,0.02700475,0,644.9919375,4.9992,10058.725,12157.76875,43.144375,45.058125,44.03875,43.8553125,44.187,1454.648125,40.37,0,42.10000014,0,645.12164,7.169384616,112.1230769,10060.592,15,1712084409,12:00:09,1712084393,1712084409,1,-0.915,-0.046,-10.346,-0.54,384,14,0.11,0.04,-30.56209524,0.130316883,0.074554873,0,5.452917143,-0.327181558,0.033780655,0,0,2,0/2,100,100,-10.2,-0.4466,-7.230490538,-0.007814304,-3.18182E-07,6.4783E-10,-0.420283242,-0.027428369,0.001386821,-3.00526E-06,5,2011,2,27,2.4,2.1,1.00464,2.48047,1.59912,2.30591,1.60278,2.5,35.1978,16.0058,18,612.471,435.39,22.9966,29.3254,29.9998,29.4309,29.4492,20.1079,41.3358,90.3126,23,400,13.963,100.145,102.647
4,1712084769,324,20240402 12:06:09,12:06:09,15,f2.erocic.2,32.39986938,1712084761,0.003865033,3.865033141,9.40012021,389.01775,326.7833903,33.24696921,39.57869812,0.290128337,2.956600501,0.275188803,0.173271129,241.7413517,25.53295133,25.79636875,3.333813517,60.65368409,1.941920592,3.201653158,1.391892925,-170.4479615,-108.5159682,-7.799263545,-45.02184153,0,0,1,0,54037.76908,RECT-1505-20210918-17_20_47,10288.4,812.936,2752.91,0.704699391,-1,MPF-225-20240401-12_04_55,10239.6,214.1991538,333.0954007,0.356943526,0.5,1261.229228,9.40012021,225.093804,0.008246019,7.264629275,258.4647141,-,0,258.4647141,0.224051988,1.593128139,0.970081249,-0.247782799,1.24734383,1.922357776,-0.922357776,1500.02125,1261.229228,0.840807574,0.161158618,6,0.5,0: Broadleaf,2,1712084761,389.01775,399.92225,19.087075,15.29553125,399.373375,19.530275,599.95525,101.6176875,0.122395375,25.115575,999.9,25.79636875,0,0,9993.36,0,429.0294375,1500.02125,0.972993188,0.0270068,0,214.2646875,4.9992,3556.933125,12157.7875,42.125,44.125,43.125,42.7655,43.1131875,1454.64625,40.379375,0,233.3000002,0,214.1991538,-5.978735025,-71.83658094,3555.754615,15,1712084739,12:05:39,1712084724,1712084739,2,0.005,0.006,-10.432,-0.517,398,15,0.2,0.06,-11.14895714,5.346763636,0.575147896,0,3.673148571,2.115723896,0.238630197,0,0,2,0/2,100,100,-10.358,-0.446,-7.225275299,-0.007814304,-3.18182E-07,6.4783E-10,-0.414109098,-0.027428369,0.001386821,-3.00526E-06,5,2011,2,27,0.8,0.5,1.04736,2.48413,1.59912,2.30347,1.60278,2.33032,34.2814,15.9795,18,610.242,438.689,23.0023,28.4076,29.9983,28.6649,28.6897,20.9579,36.8356,86.1157,23,400,15.1622,100.327,102.818
5,1712084822,377,20240402 12:07:02,12:07:02,15,f2.erocic.2,33.03215966,1712084814,0.00383717,3.83716997,9.203841216,389.0924,325.6546312,33.13475072,39.58942526,0.278632742,2.957766001,0.264828523,0.166701073,241.7416802,25.70797444,25.98764667,3.371792686,59.86661206,1.935990216,3.233839614,1.43580247,-169.2191957,-112.2655711,-8.080150312,-47.82323688,0,0,1,0,54041.79539,RECT-1505-20210918-17_20_47,10288.4,812.936,2752.91,0.704699391,-1,MPF-226-20240401-12_05_48,10237.4,208.44176,330.4553581,0.369228687,0.5,1261.233501,9.203841216,232.8417949,0.008090366,7.330656268,256.8723291,-,0,256.8723291,0.222671617,1.658175801,0.970520065,-0.252888069,1.248704695,2.043445997,-1.043445997,1500.026667,1261.233501,0.840807386,0.161158255,6,0.5,0: Broadleaf,2,1712084814,389.0924,399.7893333,19.02728,15.26309333,399.4487333,19.47184,599.9956,101.6271333,0.120999667,25.28360667,999.9,25.98764667,0,0,9999.04,0,428.9306,1500.026667,0.972996667,0.027003273,0,208.4251333,4.9992,3468.978667,12157.84,42.25,44.30373333,43.18286667,42.875,43.25,1454.656667,40.37,0,51.5,0,208.44176,-4.439000014,-49.45384648,3468.94,15,1712084739,12:05:39,1712084724,1712084739,2,0.005,0.006,-10.432,-0.517,398,15,0.2,0.06,-10.696515,-0.124759398,0.05086154,0,3.7563045,0.179277744,0.017439276,0,0,2,0/2,100,100,-10.356,-0.4444,-7.225275299,-0.007814304,-3.18182E-07,6.4783E-10,-0.414109098,-0.027428369,0.001386821,-3.00526E-06,5,2011,2,27,1.6,1.4,1.05225,2.48413,1.59912,2.30225,1.60278,2.49512,34.0998,15.9795,18,610.643,439.501,23.0016,28.1971,29.9986,28.4582,28.4912,21.0655,35.6236,84.2065,23,400,15.315,100.38,102.868
6,1712084876,431,20240402 12:07:56,12:07:56,15,f2.erocic.2,34.13859399,1712084868,0.003846842,3.846842178,9.414438719,388.955,323.616625,32.92855696,39.57685075,0.275771132,2.958938155,0.262246683,0.165064007,241.738654,25.85148336,26.14432,3.403181924,59.77380704,1.949868049,3.262077732,1.453313874,-169.6457401,-113.9776011,-8.21260369,-50.09729085,0,0,1,0,54049.84783,RECT-1505-20210918-17_20_47,10288.4,812.936,2752.91,0.704699391,-1,MPF-227-20240401-12_06_42,10237.2,205.7426538,327.7780941,0.372311153,0.5,1261.220321,9.414438719,234.7831962,0.00825743,7.398700368,255.251697,-,0,255.251697,0.221266761,1.682634808,0.970962242,-0.251537569,1.250084746,2.087536941,-1.087536941,1500.011333,1261.220321,0.840807194,0.161157885,6,0.5,0: Broadleaf,2,1712084868,388.955,399.866,19.16299333,15.38976,399.3101333,19.60446667,599.9828,101.6308,0.120947,25.42982667,999.9,26.14432,0,0,10005.32867,0,428.5419333,1500.011333,0.9730004,0.026999233,0,205.7521333,4.9992,3429.21,12157.73333,42.40393333,44.54546667,43.3288,43.05373333,43.38326667,1454.651333,40.36,0,52.5,0,205.7426538,-3.450085462,-50.73709393,3428.993077,15,1712084739,12:05:39,1712084724,1712084739,2,0.005,0.006,-10.432,-0.517,398,15,0.2,0.06,-10.89510476,-0.333974026,0.066361388,0,3.765120952,0.085281039,0.013620831,1,1,2,1/2,100,100,-10.355,-0.4413,-7.225275299,-0.007814304,-3.18182E-07,6.4783E-10,-0.414109098,-0.027428369,0.001386821,-3.00526E-06,5,2011,2,27,2.5,2.3,1.05591,2.48535,1.59912,2.30103,1.60278,2.35107,33.9413,15.962,18,610.463,439.587,23.0017,28.0277,29.9991,28.2837,28.3231,21.142,34.4758,82.6745,23,400,15.4649,100.42,102.905
7,1712085391,946,20240402 12:16:31,12:16:31,15,c6.erocic.2,52.06144709,1712085383,0.004501859,4.501859219,17.58649133,380.7348125,285.4448211,29.03875098,38.7327518,0.337802584,2.958789919,0.317746125,0.200294013,241.7347505,25.55819206,25.987525,3.371768408,60.78518406,1.968254174,3.238049212,1.403514235,-198.5319916,-108.7967161,-7.828629119,-73.42258632,0,0,1,0,54067.58517,RECT-1505-20210918-17_20_47,10288.4,812.936,2752.91,0.704699391,-1,MPF-228-20240401-12_15_17,10169.5,219.75996,461.2018699,0.523505922,0.5,1261.199776,17.58649133,330.1227754,0.014737151,4.96899141,329.4778832,-,0,329.4778832,0.285610262,1.83293807,0.945645687,-0.686432988,1.181308683,2.748055448,-1.748055448,1499.986875,1261.199776,0.840807207,0.16115791,6,0.5,0: Broadleaf,2,1712085383,380.7348125,400.03525,19.347525,14.93278125,390.7228125,19.779775,600.002125,101.610875,0.120699125,25.305475,999.9,25.987525,0,0,10006.44938,0,185.995375,1499.986875,0.973001313,0.02699865,0,219.907375,4.9992,3665.26625,12157.54375,42.8553125,44.5465,43.75,43.3905,43.7965,1454.626875,40.36,0,513.5,0,219.75996,-4.861538476,-93.8007692,3662.9232,15,1712085359,12:15:59,1712085350,1712085359,3,0.301,0.005,-10.137,-0.517,400,15,0.15,0.02,-19.36124,1.267542857,0.136877366,0,4.304598,1.860208421,0.213161879,0,0,2,0/2,100,100,-9.987,-0.4352,-6.924704515,-0.007814304,-3.18182E-07,6.4783E-10,-0.409056098,-0.027428369,0.001386821,-3.00526E-06,5,2011,2,27,0.7,0.5,1.06812,2.47559,1.59912,2.30103,1.60278,2.41211,32.976,15.9007,18,605.582,438.979,23.0016,27.2136,30,27.3269,27.3447,21.3786,37.8771,84.8141,23,400,14.7158,100.555,103.022
8,1712085447,1002,20240402 12:17:27,12:17:27,15,c6.erocic.2,54.61012165,1712085439,0.004459847,4.459847389,17.71153889,380.4976,280.9268085,28.5793294,38.7088947,0.324327036,2.957192148,0.305782318,0.192691698,241.7342311,25.6899697,26.10819333,3.395921459,59.82547852,1.951145419,3.261395425,1.444776039,-196.6792698,-108.7119251,-7.836251829,-71.49321559,0,0,1,0,53998.76725,RECT-1505-20210918-17_20_47,10288.4,812.936,2752.91,0.704699391,-1,MPF-229-20240401-12_16_13,10162.2,214.5024615,459.606224,0.533290782,0.5,1261.198339,17.71153889,336.292724,0.014836317,4.98971436,328.6627355,-,0,328.6627355,0.284903645,1.871828568,0.945985919,-0.693696878,1.182131191,2.868033742,-1.868033742,1499.985333,1261.198339,0.840807114,0.16115773,6,0.5,0: Broadleaf,2,1712085439,380.4976,399.9056667,19.17921333,14.805,390.4834667,19.61536,600.0134,101.6122,0.1200966,25.42630667,999.9,26.10819333,0,0,9997.254667,0,187.8666667,1499.985333,0.973006,0.0269936,0,214.5008,4.9992,3586.750667,12157.56667,42.9832,44.52066667,43.80786667,43.5,43.90393333,1454.632,40.35533333,0,54.5,0,214.5024615,2.047589739,22.28307691,3587.017692,15,1712085359,12:15:59,1712085350,1712085359,3,0.301,0.005,-10.137,-0.517,400,15,0.15,0.02,-19.42529048,0.071688312,0.077714985,1,4.39166619,-0.28435013,0.038733521,0,1,2,1/2,100,100,-9.985,-0.4349,-6.924704515,-0.007814304,-3.18182E-07,6.4783E-10,-0.409056098,-0.027428369,0.001386821,-3.00526E-06,5,2011,2,27,1.6,1.5,1.06934,2.48169,1.59912,2.2998,1.60278,2.43042,32.9315,15.892,18,606.015,438.899,23.0027,27.2292,30.0006,27.3081,27.3303,21.4048,37.3608,82.5607,23,400,14.8059,100.545,103.012
9,1712085501,1056,20240402 12:18:21,12:18:21,15,c6.erocic.2,54.6012821,1712085493,0.004504083,4.504083203,17.83615291,380.4019375,280.793308,28.56735846,38.70134437,0.326661797,2.95753049,0.307859445,0.194011224,241.7381762,25.73760176,26.18725625,3.411828555,59.96845145,1.962683689,3.272860382,1.449144865,-198.6300692,-111.9134237,-8.071697257,-76.87701401,0,0,1,0,53998.14258,RECT-1505-20210918-17_20_47,10288.4,812.936,2752.91,0.704699391,-1,MPF-230-20240401-12_17_07,10167.2,213.8039231,457.4846476,0.532653338,0.5,1261.219537,17.83615291,335.8963979,0.014934872,5.017491548,327.5764116,-,0,327.5764116,0.283961957,1.87579119,0.946436962,-0.685552954,1.183224802,2.87396479,-1.87396479,1500.010625,1261.219537,0.840807069,0.161157643,6,0.5,0: Broadleaf,2,1712085493,380.4019375,399.951375,19.29154375,14.87436875,390.3871875,19.7251125,600.002375,101.61775,0.120281688,25.48536875,999.9,26.18725625,0,0,9998.6275,0,189.042125,1500.010625,0.97300675,0.026992919,0,213.76975,4.9992,3574.916875,12157.75,43.062,44.562,43.875,43.562,44.00775,1454.65875,40.35375,0,52.10000014,0,213.8039231,-0.341606836,21.96136755,3575.187308,15,1712085359,12:15:59,1712085350,1712085359,3,0.301,0.005,-10.137,-0.517,400,15,0.15,0.02,-19.53681,-0.289596992,0.051901849,0,4.4202755,0.022324962,0.019107718,1,1,2,1/2,100,100,-9.985,-0.433,-6.924704515,-0.007814304,-3.18182E-07,6.4783E-10,-0.409056098,-0.027428369,0.001386821,-3.00526E-06,5,2011,2,27,2.5,2.4,1.07056,2.48779,1.59912,2.29858,1.60278,2.47803,32.8647,15.8832,18,606.068,438.131,23.0006,27.2934,30.0007,27.3317,27.3487,21.4236,35.9269,80.674,23,400,14.9387,100.528,102.991
10,1712085849,1403.9,20240402 12:24:09,12:24:09,15,d5.erocic.1,53.08806321,1712085841,0.003023302,3.023302163,11.79655021,387.09275,291.4762029,29.65387817,39.38160691,0.222207206,2.958368659,0.213333851,0.134101367,241.7362272,26.23321376,26.088575,3.391984385,60.34296953,1.988324512,3.295039219,1.403659873,-133.3276254,-78.06514315,-5.629234072,24.71422464,0,0,1,0,54002.26606,RECT-1505-20210918-17_20_47,10288.4,812.936,2752.91,0.704699391,-1,MPF-231-20240401-12_22_55,10193.8,171.2211154,341.4784333,0.498588787,0.5,1261.204801,11.79655021,314.411286,0.01014629,7.061738989,263.4837976,-,0,263.4837976,0.228402816,2.182936253,0.968669633,-0.361129675,1.243022621,3.3592138,-2.3592138,1499.9925,1261.204801,0.840807404,0.161158291,6,0.5,0: Broadleaf,2,1712085841,387.09275,400.0601875,19.54379375,16.57944375,397.1235625,19.96873125,599.97275,101.6211875,0.115688,25.5991125,999.9,26.088575,0,0,10003.04375,0,464.3306875,1499.9925,0.97299375,0.027006031,0,171.29375,4.9992,2920.2675,12157.55,42.7460625,44.6715,43.652125,43.32775,43.70275,1454.6225,40.37,0,346.5,0,171.2211154,-4.587863236,-67.57025645,2918.828077,15,1712085821,12:23:41,1712085821,1712085818,4,0.007,0.003,-10.132,-0.49,400,16,0.32,0.1,-12.90286667,-0.839649351,0.180334214,0,2.866618095,1.578557922,0.175361258,0,0,2,0/2,100,100,-10.032,-0.4264,-6.918035828,-0.007814304,-3.18182E-07,6.4783E-10,-0.406281253,-0.027428369,0.001386821,-3.00526E-06,5,2011,2,27,0.5,0.5,1.07178,2.46826,1.59912,2.30103,1.60278,2.49023,33.244,15.8219,18,602.196,441.371,23.0035,27.4866,30.0003,27.4558,27.4573,21.4596,33.5914,82.8259,23,400,16.379,100.494,102.95
11,1712085902,1456.9,20240402 12:25:02,12:25:02,15,d5.erocic.1,55.0480417,1712085894,0.002962317,2.962317165,11.76188334,387.0944667,288.2525213,29.32577669,39.38160137,0.21366579,2.958423869,0.20544807,0.129117039,241.7366794,26.3637999,26.20705333,3.415821809,59.91901484,1.987860949,3.317579493,1.42796086,-130.638187,-78.63506517,-5.676870199,26.78655711,0,0,1,0,53983.10719,RECT-1505-20210918-17_20_47,10288.4,812.936,2752.91,0.704699391,-1,MPF-232-20240401-12_23_48,10191.1,168.5456538,341.9911447,0.50716369,0.5,1261.207181,11.76188334,319.8192437,0.010118784,7.049652872,263.7889419,-,0,263.7889419,0.228667333,2.217910553,0.968582403,-0.368292569,1.242758334,3.471227317,-2.471227317,1499.995333,1261.207181,0.840807403,0.161158288,6,0.5,0: Broadleaf,2,1712085894,387.0944667,400.0030667,19.53932667,16.63488667,397.1254,19.96437333,599.9990667,101.6209333,0.115476667,25.71402667,999.9,26.20705333,0,0,10003.382,0,463.8499333,1499.995333,0.9729954,0.027004533,0,168.5228667,4.9992,2878.868,12157.6,42.875,44.92046667,43.78306667,43.50826667,43.875,1454.625333,40.37,0,51.29999995,0,168.5456538,-0.925846153,-21.2126496,2878.598846,15,1712085821,12:23:41,1712085821,1712085818,4,0.007,0.003,-10.132,-0.49,400,16,0.32,0.1,-12.908935,-0.099965414,0.034588803,1,2.8970625,0.131349925,0.012761916,0,1,2,1/2,100,100,-10.031,-0.4247,-6.918035828,-0.007814304,-3.18182E-07,6.4783E-10,-0.406281253,-0.027428369,0.001386821,-3.00526E-06,5,2011,2,27,1.4,1.4,1.07178,2.46826,1.59912,2.2998,1.60278,2.51465,33.4008,15.8132,18,603.035,441.269,23.0039,27.5386,30.0003,27.4917,27.4978,21.4607,32.6914,81.6884,23,400,16.6979,100.494,102.948
12,1712085958,1512.9,20240402 12:25:58,12:25:58,15,d5.erocic.1,55.55857915,1712085950,0.002978036,2.97803567,11.83720747,387.0415,287.3119689,29.23061178,39.37691797,0.213058139,2.958172526,0.204885466,0.128761578,241.731938,26.45432002,26.29466875,3.433543692,59.77434678,1.994212419,3.336234566,1.439331273,-131.3313731,-77.51573871,-5.601656412,27.28316982,0,0,1,0,53958.67443,RECT-1505-20210918-17_20_47,10288.4,812.936,2752.91,0.704699391,-1,MPF-233-20240401-12_24_44,10194.2,167.7821538,341.3316484,0.508448295,0.5,1261.182226,11.83720747,320.6229759,0.010178709,7.065205829,263.3963988,-,0,263.3963988,0.228327054,2.226842095,0.968694588,-0.367998077,1.243098285,3.495855638,-2.495855638,1499.965625,1261.182226,0.840807419,0.161158319,6,0.5,0: Broadleaf,2,1712085950,387.0415,400.0315,19.60140625,16.68170625,397.0720625,20.02496875,599.9921875,101.6225,0.115732125,25.80861875,999.9,26.29466875,0,0,10001.80188,0,463.7468125,1499.965625,0.972996375,0.027003638,0,167.7743125,4.9992,2867.4275,12157.34375,43.011625,45.159875,43.937,43.6949375,44.003875,1454.595625,40.37,0,54.70000005,0,167.7821538,0.119794873,-14.88615385,2867.597692,15,1712085821,12:23:41,1712085821,1712085818,4,0.007,0.003,-10.132,-0.49,400,16,0.32,0.1,-12.98756,-0.043154887,0.05213176,1,2.9202185,-0.031623609,0.00559521,1,2,2,2/2,100,100,-10.03,-0.4235,-6.918035828,-0.007814304,-3.18182E-07,6.4783E-10,-0.406281253,-0.027428369,0.001386821,-3.00526E-06,5,2011,2,27,2.3,2.3,1.07178,2.47192,1.59912,2.2998,1.60278,2.47437,33.558,15.7957,18,603.338,440.592,23.0024,27.5924,30.0004,27.5294,27.5348,21.4543,32.6914,80.1879,23,400,16.6675,100.495,102.947
13,1712086668,2222.9,20240402 12:37:48,12:37:48,15,f6.erocic.2,46.15161266,1712086660,0.000476638,0.476638049,1.493046885,398.3170667,315.6315147,32.11368392,40.52646133,0.032350915,2.95728525,0.032155586,0.020114692,241.7318444,26.81146795,26.34148,3.443045024,60.22268419,1.975059578,3.279594067,1.467985446,-21.01973797,-130.9754058,-9.456278121,80.28042254,0,0,1,0,53984.90559,RECT-1505-20210918-17_20_47,10288.4,812.936,2752.91,0.704699391,-1,MPF-234-20240401-12_36_34,10280.2,69.584176,87.5947713,0.205612676,0.5,1261.184481,1.493046885,129.6577578,0.00197675,30.42778911,81.41291338,-,0,81.41291338,0.070573367,2.913459923,0.997685995,-0.024830514,1.373892242,3.408724139,-2.408724139,1499.968667,1261.184481,0.840807217,0.161157929,6,0.5,0: Broadleaf,2,1712086660,398.3170667,400.0000667,19.41200667,18.94459333,408.2017333,19.83376667,599.9643333,101.6282,0.1160252,25.51997333,999.9,26.34148,0,0,9996.208667,0,18.12409333,1499.968667,0.9730022,0.026997593,0,69.81854,4.9992,1260.626,12157.40667,43.625,45.437,44.3666,44.937,44.625,1454.608667,40.36,0,708.5,0,69.584176,-17.11922304,-157.7599999,1258.0892,15,1712086643,12:37:23,1712086643,1712086637,5,0.232,0.006,-9.898,-0.433,400,19,0.54,0.23,-1.612040286,-1.057447792,0.199814213,0,0.456681476,0.124563273,0.054888545,0,0,2,0/2,100,100,-9.884,-0.422,-6.685938154,-0.007814304,-3.18182E-07,6.4783E-10,-0.399841806,-0.027428369,0.001386821,-3.00526E-06,5,2011,2,27,0.4,0.5,1.07422,2.47437,1.59912,2.29858,1.60278,2.47314,34.0771,15.6643,18,601.088,438.801,22.9989,27.7664,29.9998,27.7201,27.7151,21.4939,26.0898,77.0734,23,400,18.9173,100.46,102.906
14,1712086720,2274.9,20240402 12:38:40,12:38:40,15,f6.erocic.2,53.06083148,1712086712,0.000416757,0.416757368,1.495111226,398.337625,304.6995648,31.0018138,40.52906635,0.028177305,2.959048187,0.028029087,0.017531431,241.7431295,26.8022763,26.3262,3.439941104,60.07204504,1.967312466,3.274921745,1.472628638,-18.37899991,-132.4453018,-9.554822536,81.36400529,0,0,1,0,54041.0712,RECT-1505-20210918-17_20_47,10288.4,812.936,2752.91,0.704699391,-1,MPF-235-20240401-12_37_26,10278.5,60.239768,78.16893062,0.229364307,0.5,1261.243876,1.495111226,144.6421639,0.001978294,34.21744481,73.20824498,-,0,73.20824498,0.063461091,3.614250919,0.998148792,-0.024401152,1.378750988,4.392330441,-3.392330441,1500.039375,1261.243876,0.840807179,0.161157856,6,0.5,0: Broadleaf,2,1712086712,398.337625,399.99875,19.33561875,18.92691875,408.2225,19.7591375,599.9986875,101.62925,0.116263875,25.49596875,999.9,26.3262,0,0,10006.10563,0,18.38159375,1500.039375,0.973005188,0.026994863,0,60.3948,4.9992,1117.7825,12157.98125,43.75,45.375,44.437,45,44.7145625,1454.679375,40.36,0,50.29999995,0,60.239768,-7.44254616,-134.3515388,1114.6928,15,1712086643,12:37:23,1712086643,1712086637,5,0.232,0.006,-9.898,-0.433,400,19,0.54,0.23,-1.6654,0.140917895,0.033378623,0,0.4089641,0.000457805,0.004450333,1,1,2,1/2,100,100,-9.885,-0.4239,-6.685938154,-0.007814304,-3.18182E-07,6.4783E-10,-0.399841806,-0.027428369,0.001386821,-3.00526E-06,5,2011,2,27,1.3,1.4,1.07422,2.48169,1.59912,2.29858,1.60278,2.3938,34.1452,15.6468,18,602.082,438.846,23.0007,27.757,30.0001,27.7049,27.7051,21.4928,26.0898,76.3303,23,400,18.924,100.471,102.91
15,1712086770,2324.9,20240402 12:39:30,12:39:30,15,f6.erocic.2,69.95186558,1712086762,0.000332238,0.332238151,1.57354343,398.2453333,277.8997089,28.27487611,40.51942877,0.02249466,2.959066373,0.022400089,0.014008519,241.750358,26.79944943,26.29363333,3.433333791,60.06751986,1.964282154,3.270123618,1.469051637,-14.65170245,-131.1882946,-9.461362816,86.44899819,0,0,1,0,54046.06775,RECT-1505-20210918-17_20_47,10288.4,812.936,2752.91,0.704699391,-1,MPF-236-20240401-12_38_16,10275.6,55.89781154,74.19638543,0.246623522,0.5,1261.281921,1.57354343,155.5308947,0.002040419,36.10302037,69.71263155,-,0,69.71263155,0.060430894,4.081083481,0.998328951,-0.024769991,1.380798719,5.089699601,-4.089699601,1500.084667,1261.281921,0.840807155,0.161157809,6,0.5,0: Broadleaf,2,1712086762,398.2453333,399.9511333,19.30595333,18.98014,408.1296,19.73016,600.0196,101.6289333,0.115959533,25.47128667,999.9,26.29363333,0,0,10006.24,0,18.18516667,1500.084667,0.973005867,0.02699426,0,55.87064,4.9992,1032.452667,12158.35333,43.8708,45.375,44.4916,45.062,44.812,1454.724667,40.36,0,48.10000014,0,55.89781154,-3.316188047,44.59794874,1032.205769,15,1712086643,12:37:23,1712086643,1712086637,5,0.232,0.006,-9.898,-0.433,400,19,0.54,0.23,-1.707408571,0.025824156,0.023862894,1,0.340886857,-0.216602961,0.027765021,0,1,2,1/2,100,100,-9.885,-0.4235,-6.685938154,-0.007814304,-3.18182E-07,6.4783E-10,-0.399841806,-0.027428369,0.001386821,-3.00526E-06,5,2011,2,27,2.1,2.2,1.07544,2.49023,1.59912,2.29736,1.60278,2.35474,34.2133,15.6293,18,602.03,439.077,23.0005,27.7747,30.0001,27.7049,27.7055,21.5035,25.7658,75.5838,23,400,19.0172,100.47,102.909
16,1712087042,2596.9,20240402 12:44:02,12:44:02,15,e6.erocic.1,64.61931829,1712087034,0.001460258,1.460257509,7.197029969,392.2519333,279.8367078,28.4690816,39.90560204,0.111375826,2.958657334,0.109097976,0.068387011,241.7361004,26.27479758,25.47419333,3.270688346,60.27644185,1.943886145,3.224951714,1.326802202,-64.39735616,-37.77766967,-2.710535566,136.8505391,0,0,1,0,54076.20839,RECT-1505-20210918-17_20_47,10288.4,812.936,2752.91,0.704699391,-1,MPF-237-20240401-12_42_48,10207.7,223.1043462,307.3879503,0.274192934,0.5,1261.206881,7.197029969,172.9070078,0.006499354,7.95581625,242.7140214,-,0,242.7140214,0.210398387,1.303208349,0.974235506,-0.166717296,1.260595271,1.417753373,-0.417753373,1499.995333,1261.206881,0.840807203,0.161157902,6,0.5,0: Broadleaf,2,1712087034,392.2519333,400.0216667,19.10742,17.67508,402.1222,19.5396,600.0066,101.6188,0.115821667,25.23735333,999.9,25.47419333,0,0,10004.91667,0,352.6017333,1499.995333,0.973003333,0.026996947,0,223.1844667,4.9992,3727.279333,12157.62667,42.9958,44.7748,43.875,43.687,43.958,1454.635333,40.36,0,270.5,0,223.1043462,-12.45938462,-172.6078632,3725.953077,15,1712087019,12:43:39,1712087019,1712087019,6,-0.033,-0.003,-9.931,-0.467,400,17,0.59,0.4,-6.8360216,-14.44232986,2.016017768,0,1.26250488,2.806736373,0.364015958,0,0,2,0/2,100,100,-9.87,-0.4311,-6.71859165,-0.007814304,-3.18182E-07,6.4783E-10,-0.403307663,-0.027428369,0.001386821,-3.00526E-06,5,2011,2,27,0.4,0.4,1.073,2.48901,1.59912,2.29614,1.60278,2.40234,34.2133,15.5855,18,601.485,436.469,23.0009,27.3883,29.9998,27.4188,27.4265,21.4747,30.6285,72.2091,23,400,17.4505,100.477,102.991
17,1712087101,2655.9,20240402 12:45:01,12:45:01,15,e6.erocic.1,61.88493817,1712087093,0.001601663,1.601663006,7.46606953,391.854,283.6069979,28.85284428,39.865386,0.120644372,2.957831499,0.117975793,0.073969716,241.7401436,26.32653512,25.55001333,3.285449343,59.83381267,1.939739574,3.241878609,1.345709769,-70.63333858,-35.82593344,-2.57333496,132.7075367,0,0,1,0,54035.99451,RECT-1505-20210918-17_20_47,10288.4,812.936,2752.91,0.704699391,-1,MPF-238-20240401-12_43_47,10205.9,217.57196,308.6123533,0.294999187,0.5,1261.228161,7.46606953,186.0306409,0.00671256,7.920284528,243.4767616,-,0,243.4767616,0.211059574,1.397705784,0.974043704,-0.180519779,1.259964127,1.564121029,-0.564121029,1500.020667,1261.228161,0.840807189,0.161157875,6,0.5,0: Broadleaf,2,1712087093,391.854,399.9478,19.06653333,17.49538667,401.7212,19.49963333,599.9916667,101.6195333,0.115771133,25.32534667,999.9,25.55001333,0,0,10000.15933,0,353.3006,1500.020667,0.973004333,0.02699582,0,217.587,4.9992,3636.945333,12157.83333,43,44.875,43.875,43.687,43.979,1454.660667,40.36,0,57.5,0,217.57196,-1.904692312,-17.89384603,3636.4932,15,1712087019,12:43:39,1712087019,1712087019,6,-0.033,-0.003,-9.931,-0.467,400,17,0.59,0.4,-8.079156,-0.58779609,0.077373061,0,1.555246,0.273715489,0.035759691,0,0,2,0/2,100,100,-9.866,-0.4332,-6.71859165,-0.007814304,-3.18182E-07,6.4783E-10,-0.403307663,-0.027428369,0.001386821,-3.00526E-06,5,2011,2,27,1.4,1.4,1.073,2.48779,1.59912,2.29614,1.60278,2.29004,34.2587,15.5768,18,602.292,436.848,23.0011,27.3732,30.0002,27.3956,27.4108,21.4779,30.2956,71.0704,23,400,17.5346,100.479,102.991
18,1712087161,2715.9,20240402 12:46:01,12:46:01,15,e6.erocic.1,62.90673069,1712087153,0.001629749,1.629749352,7.706177756,391.61675,281.6794206,28.65606957,39.84031496,0.122501641,2.958184652,0.119751596,0.075086686,241.7374437,26.35974986,25.58371875,3.292029938,59.79374471,1.943127994,3.249717848,1.348901944,-71.8719464,-34.72812625,-2.495114757,132.6422563,0,0,1,0,54038.97115,RECT-1505-20210918-17_20_47,10288.4,812.936,2752.91,0.704699391,-1,MPF-239-20240401-12_44_47,10219.8,216.1888077,313.0419615,0.309393518,0.5,1261.213951,7.706177756,195.1057107,0.006903014,7.794060665,246.2255421,-,0,246.2255421,0.213442374,1.449541217,0.973344703,-0.193747367,1.257680793,1.650936863,-0.650936863,1500.00375,1261.213951,0.840807198,0.161157893,6,0.5,0: Broadleaf,2,1712087153,391.61675,399.9611875,19.1002875,17.5016625,401.482,19.5326375,599.998375,101.6173125,0.115606125,25.3659625,999.9,25.58371875,0,0,10002.38125,0,357.048,1500.00375,0.973004875,0.026995225,0,216.18725,4.9992,3618.44,12157.70625,43,45.042625,43.875,43.7460625,44,1454.64375,40.36,0,58.5,0,216.1888077,0.504170932,-1.949401701,3618.579231,15,1712087019,12:43:39,1712087019,1712087019,6,-0.033,-0.003,-9.931,-0.467,400,17,0.59,0.4,-8.352585238,0.028888052,0.062017335,1,1.594221429,0.035005714,0.016239108,1,2,2,2/2,100,100,-9.865,-0.4321,-6.71859165,-0.007814304,-3.18182E-07,6.4783E-10,-0.403307663,-0.027428369,0.001386821,-3.00526E-06,5,2011,2,27,2.4,2.4,1.07422,2.48779,1.59912,2.29614,1.60278,2.30103,34.3269,15.568,18,602.642,435.98,23.0014,27.3982,30.0003,27.4026,27.4177,21.4875,29.458,69.5631,23,400,17.5298,100.476,102.983
19,1712087802,3357,20240402 12:56:42,12:56:42,15,h3.erocic.1,36.82173097,1712087794,0.004036706,4.036705857,11.28216456,387.192,317.5935948,32.31275847,39.39387248,0.306399625,2.959088939,0.289802064,0.182542554,241.732223,26.59283068,26.3047,3.435577816,60.16175432,2.056639352,3.418516257,1.378938464,-178.0187283,-13.44841296,-0.973601762,49.29148001,0,0,1,0,53911.39328,RECT-1505-20210918-17_20_47,10288.4,812.936,2752.91,0.704699391,-1,MPF-240-20240401-12_55_29,10232.7,139.67964,233.1976653,0.401024707,0.5,1261.189221,11.28216456,252.8840185,0.009738558,10.80504958,193.9839842,-,0,193.9839842,0.168156405,2.384831585,0.984675727,-0.161310749,1.298838198,3.31200118,-2.31200118,1499.974667,1261.189221,0.840807014,0.161157537,6,0.5,0: Broadleaf,2,1712087794,387.192,400.0366667,20.21416667,16.25920667,396.8383333,20.62218,600.0223333,101.6276,0.114875267,26.2204,999.9,26.3047,0,0,10006.49933,0,456.1151333,1499.974667,0.973007667,0.026992287,0,139.6260667,4.9992,2470.892,12157.48667,43.4496,46.03306667,44.3624,44.6954,44.55373333,1454.624667,40.35,0,639.7,0,139.67964,-0.761230764,-9.341538437,2470.7164,15,1712087763,12:56:03,1712087755,1712087763,7,0.183,-0.002,-9.747,-0.493,400,16,0.46,0.13,-12.84287,0.142935338,0.067440174,0,3.958867,-0.051749774,0.013998247,1,1,2,1/2,100,100,-9.646,-0.4096,-6.535620028,-0.007814304,-3.18182E-07,6.4783E-10,-0.405802004,-0.027428369,0.001386821,-3.00526E-06,5,2011,2,27,0.8,0.7,1.07056,2.48901,1.59912,2.29614,1.60278,2.47314,35.1516,15.4542,18,601.926,428.68,23.0029,27.7087,30.0005,27.5876,27.5839,21.4219,39.7835,60.4916,23,400,16.1992,100.411,102.945
20,1712087859,3414,20240402 12:57:39,12:57:39,15,h3.erocic.1,39.26617866,1712087851,0.00391448,3.914479763,11.5567755,386.9398667,313.3516647,31.8816523,39.36881044,0.294318823,2.960713145,0.278977029,0.175672372,241.737105,26.73800914,26.41209333,3.45742093,60.10503301,2.068564081,3.441582139,1.388856849,-172.6285576,-12.42040608,-0.89968272,55.78845868,0,0,1,0,53938.51667,RECT-1505-20210918-17_20_47,10288.4,812.936,2752.91,0.704699391,-1,MPF-241-20240401-12_56_26,10230.2,139.9483846,233.6926566,0.401143422,0.5,1261.209421,11.5567755,252.9629315,0.009956138,10.78004495,194.326378,-,0,194.326378,0.168453212,2.381334364,0.984614035,-0.161839187,1.298583045,3.306619674,-2.306619674,1499.998,1261.209421,0.840807402,0.161158285,6,0.5,0: Broadleaf,2,1712087851,386.9398667,400.0104667,20.33106667,16.49642,396.5842,20.7361,600.0387333,101.6286667,0.115335,26.33428,999.9,26.41209333,0,0,10015.614,0,454.0316667,1499.998,0.972996267,0.02700394,0,139.9567333,4.9992,2471.975333,12157.61333,43.708,46.26653333,44.5662,44.92046667,44.80373333,1454.628,40.37,0,55.29999995,0,139.9483846,0.951589745,8.01572647,2472.257692,15,1712087763,12:56:03,1712087755,1712087763,7,0.183,-0.002,-9.747,-0.493,400,16,0.46,0.13,-13.0511619,-0.427309091,0.064495112,0,3.823723333,0.193154805,0.020023194,0,0,2,0/2,100,100,-9.644,-0.4047,-6.535620028,-0.007814304,-3.18182E-07,6.4783E-10,-0.405802004,-0.027428369,0.001386821,-3.00526E-06,5,2011,2,27,1.7,1.6,1.07178,2.49634,1.59912,2.29492,1.60278,2.31567,35.244,15.4279,18,602.744,428.056,23.0029,27.7877,30.0006,27.6418,27.6385,21.4314,38.2652,57.8105,23,400,16.4642,100.403,102.937
21,1712087923,3478,20240402 12:58:43,12:58:43,15,h3.erocic.1,38.84999556,1712087915,0.00400508,4.005080071,11.52118915,386.9360667,313.8905603,31.93629164,39.36818953,0.296555739,2.95778292,0.280971924,0.176939324,241.73759,26.81552271,26.50639333,3.476700837,59.67307151,2.06591526,3.462056181,1.410785576,-176.6240311,-11.41520935,-0.828497832,52.86985172,0,0,1,0,53834.55052,RECT-1505-20210918-17_20_47,10288.4,812.936,2752.91,0.704699391,-1,MPF-242-20240401-12_57_30,10235,139.8978,235.7265318,0.406525015,0.5,1261.214721,11.52118915,256.3576664,0.009927881,10.67840539,195.730683,-,0,195.730683,0.169670544,2.395966948,0.984359388,-0.16602072,1.297534641,3.352191723,-2.352191723,1500.004667,1261.214721,0.840807198,0.161157892,6,0.5,0: Broadleaf,2,1712087915,386.9360667,400.0074,20.30515333,16.38126667,396.5802,20.71085333,599.9800667,101.6284,0.1149962,26.43480667,999.9,26.50639333,0,0,9999.011333,0,453.4594,1500.004667,0.973000333,0.02699954,0,139.9426,4.9992,2474.023333,12157.68667,43.9958,46.583,44.854,45.1954,45.0662,1454.644667,40.36,0,62.29999995,0,139.8978,0.823769227,-4.101538457,2473.6224,15,1712087763,12:56:03,1712087755,1712087763,7,0.183,-0.002,-9.747,-0.493,400,16,0.46,0.13,-13.07659,0.106637594,0.090411177,0,3.9252465,-0.023838947,0.008850929,1,1,2,1/2,100,100,-9.644,-0.4056,-6.535620028,-0.007814304,-3.18182E-07,6.4783E-10,-0.405802004,-0.027428369,0.001386821,-3.00526E-06,5,2011,2,27,2.8,2.7,1.07056,2.48657,1.59912,2.2937,1.60278,2.52075,35.3827,15.4279,18,602.421,426.995,23,27.8871,30.0005,27.7142,27.7085,21.4312,37.6666,54.7757,23,400,16.4518,100.388,102.927
22,1712088237,3792,20240402 13:03:57,13:03:57,15,e6.erocic.2,65.72855899,1712088229,0.000982349,0.982348706,5.00831289,394.6173125,281.1094011,28.60309379,40.15260946,0.076196907,2.957615658,0.075122909,0.047047051,241.7379925,26.85737857,25.60088125,3.29538514,60.33078731,1.999455118,3.314153862,1.295930023,-43.32157794,15.26344461,1.098763222,214.7786224,0,0,1,0,53962.71721,RECT-1505-20210918-17_20_47,10288.4,812.936,2752.91,0.704699391,-1,MPF-243-20240401-13_02_44,10218.5,286.048,363.0719214,0.212145079,0.5,1261.211395,5.00831289,133.7798955,0.004763922,6.582271824,276.1567081,-,0,276.1567081,0.239388419,0.886196081,0.964907602,-0.171215985,1.231891808,0.855552189,0.144447811,1500,1261.211395,0.840807597,0.161158662,6,0.5,0: Broadleaf,2,1712088229,394.6173125,400.013375,19.65051875,18.68745625,404.337625,20.06765625,599.989125,101.6298125,0.120942438,25.69660625,999.9,25.60088125,0,0,9997.92375,0,36.43954375,1500,0.972992938,0.027007194,0,286.4104375,4.9992,4761.90375,12157.625,43.875,46.125,44.937,44.75775,44.875,1454.626875,40.38,0,312.5,0,286.048,-15.96054702,-736.5008558,4752.946538,15,1712088201,13:03:21,1712088198,1712088201,8,-0.016,0.005,-9.762,-0.436,400,19,0.77,0.29,-5.386295714,-0.131341558,0.046952221,0,0.962852857,-0.098044909,0.01753534,1,1,2,1/2,100,100,-9.721,-0.4185,-6.551388119,-0.007814304,-3.18182E-07,6.4783E-10,-0.400936193,-0.027428369,0.001386821,-3.00526E-06,5,2011,2,27,0.7,0.6,1.073,2.49268,1.59912,2.29248,1.60278,2.31201,36.2459,15.3754,18,604.347,424.548,22.9986,27.9524,30.0002,27.8681,27.8729,21.4699,27.8726,50.8154,23,400,18.6791,100.372,102.887
23,1712088290,3845,20240402 13:04:50,13:04:50,15,e6.erocic.2,71.4196153,1712088282,0.000923202,0.923202064,5.093828467,394.5708125,272.0081011,27.67660403,40.14726067,0.071322541,2.957646926,0.070380651,0.044071495,241.735349,26.7420271,25.54374375,3.284226548,60.33376325,1.984107938,3.288553259,1.30011861,-40.713211,3.535862759,0.254291937,204.8122927,0,0,1,0,53987.2249,RECT-1505-20210918-17_20_47,10288.4,812.936,2752.91,0.704699391,-1,MPF-244-20240401-13_03_37,10203.3,270.2331538,334.6871364,0.192579802,0.5,1261.202926,5.093828467,121.441105,0.004831759,7.225323595,259.4220657,-,0,259.4220657,0.224881875,0.856359822,0.969815346,-0.134770801,1.246523337,0.822099846,0.177900154,1499.990625,1261.202926,0.840807205,0.161157907,6,0.5,0: Broadleaf,2,1712088282,394.5708125,400.0290625,19.4999875,18.5947625,404.2905625,19.9207375,599.9831875,101.628375,0.12081525,25.56591875,999.9,25.54374375,0,0,9998.2425,0,16.07491875,1499.990625,0.973003,0.0269973,0,270.23775,4.9992,4404.026875,12157.5625,43.875,46.011625,44.886625,44.64825,44.819875,1454.630625,40.36,0,51.0999999,0,270.2331538,-5.614495733,-75.32581199,4403.727692,15,1712088201,13:03:21,1712088198,1712088201,8,-0.016,0.005,-9.762,-0.436,400,19,0.77,0.29,-5.437751429,-0.285360779,0.046494027,0,0.90442919,0.013931299,0.006394471,1,1,2,1/2,100,100,-9.72,-0.421,-6.551388119,-0.007814304,-3.18182E-07,6.4783E-10,-0.400936193,-0.027428369,0.001386821,-3.00526E-06,5,2011,2,27,1.5,1.5,1.073,2.49512,1.59912,2.29248,1.60278,2.31323,36.4107,15.3754,18,604.704,424.398,22.9976,27.9797,30.0002,27.9081,27.9133,21.4632,27.8726,49.3111,23,400,18.6001,100.361,102.879
24,1712088337,3892,20240402 13:05:37,13:05:37,15,e6.erocic.2,69.47829593,1712088329,0.000979847,0.979846572,5.28442,394.361375,274.8552954,27.96665891,40.12646016,0.076058572,2.955889656,0.074987825,0.046962337,241.733354,26.68053181,25.48855,3.273478915,60.32550165,1.978243055,3.279281565,1.295235861,-43.21123381,4.751854071,0.341770199,203.6157445,0,0,1,0,53944.22758,RECT-1505-20210918-17_20_47,10288.4,812.936,2752.91,0.704699391,-1,MPF-245-20240401-13_04_24,10211.6,265.71928,332.0735147,0.199817907,0.5,1261.192426,5.28442,126.0044155,0.004982919,7.290061923,257.8490181,-,0,257.8490181,0.223518267,0.893966787,0.97025143,-0.137990042,1.247870582,0.867488646,0.132511354,1499.978125,1261.192426,0.840807212,0.16115792,6,0.5,0: Broadleaf,2,1712088329,394.361375,400.0325625,19.4421,18.48124375,404.0795625,19.86421875,599.9625625,101.6291875,0.121294938,25.51836875,999.9,25.48855,0,0,9988.2,0,20.52358125,1499.978125,0.973003313,0.026996956,0,265.8925,4.9992,4343.145,12157.46875,43.835625,45.8199375,44.819875,44.527125,44.781,1454.618125,40.36,0,45.5,0,265.71928,-5.203999993,-83.69769233,4333.5872,15,1712088201,13:03:21,1712088198,1712088201,8,-0.016,0.005,-9.762,-0.436,400,19,0.77,0.29,-5.6435415,-0.390262105,0.049475184,0,0.95082875,0.312288135,0.035691053,0,0,2,0/2,100,100,-9.717,-0.4234,-6.551388119,-0.007814304,-3.18182E-07,6.4783E-10,-0.400936193,-0.027428369,0.001386821,-3.00526E-06,5,2011,2,27,2.3,2.3,1.07178,2.48535,1.59912,2.29248,1.60156,2.5061,36.5759,15.3841,18,604.819,423.679,22.9985,27.9917,30.0002,27.933,27.9385,21.4605,28.1529,48.5681,23,400,18.4785,100.353,102.876
25,1712088611,4166,20240402 13:10:11,13:10:11,15,j4.erocic.2,61.17584379,1712088603,0.005219291,5.21929106,25.89475447,372.2215625,261.0471641,26.56241357,37.87477683,0.423283977,2.960214119,0.392305655,0.247785118,241.7366428,25.87933327,25.853975,3.345211999,60.75217664,2.027208979,3.336849955,1.31800302,-230.1707358,-6.741724992,-0.485785045,4.338397024,0,0,1,0,54018.37294,RECT-1505-20210918-17_20_47,10288.4,812.936,2752.91,0.704699391,-1,MPF-246-20240401-13_08_58,10188.6,490.82012,1044.849325,0.530247943,0.5,1261.209749,25.89475447,334.3769374,0.021324569,1.634743531,548.2657668,-,0,548.2657668,0.475268105,1.115681733,0.774755695,2.388949427,0.880455447,1.24626126,-0.24626126,1499.99875,1261.209749,0.8408072,0.161157896,6,0.5,0: Broadleaf,2,1712088603,372.2215625,400.0585625,19.92278125,14.8075625,381.739625,20.3490375,600.0105,101.6371875,0.116124625,25.81173125,999.9,25.853975,0,0,10011.94125,0,132.7759375,1499.99875,0.973005938,0.026993988,0,491.031375,4.9992,7871.906875,12157.65625,43.437,45.375,44.312,44.167625,44.402125,1454.640625,40.36,0,272.5,0,490.82012,-8.413307702,-99.68461554,7869.2768,15,1712088583,13:09:43,1712088571,1712088583,9,0.027,-0.016,-9.735,-0.53,400,14,0.14,0.03,-27.76706,-0.638021053,0.245188965,0,4.9002865,3.960935188,0.404937446,0,0,2,0/2,100,100,-9.518,-0.4297,-6.524628705,-0.007814304,-3.18182E-07,6.4783E-10,-0.417055628,-0.027428369,0.001386821,-3.00526E-06,5,2011,2,27,0.7,0.5,1.06934,2.4939,1.59912,2.29126,1.60278,2.46216,36.8842,15.3316,18,604.37,418.473,23.0048,27.8501,30.0001,27.8481,27.8524,21.4015,39.2246,40.503,23,400,14.5845,100.384,102.91
26,1712088661,4216,20240402 13:11:01,13:11:01,15,j4.erocic.2,63.48025045,1712088653,0.005256272,5.256272158,26.13619625,371.8634,256.7648776,26.12659067,37.83820796,0.411721694,2.959818458,0.382346091,0.241430701,241.7346702,25.97704121,25.99293333,3.372847723,59.88519619,2.011013954,3.35811533,1.36183377,-231.8016022,-11.80071363,-0.851483124,-2.719128699,0,0,1,0,53987.38456,RECT-1505-20210918-17_20_47,10288.4,812.936,2752.91,0.704699391,-1,MPF-247-20240401-13_09_48,10184.7,488.0043077,1060.236151,0.53972112,0.5,1261.202101,26.13619625,340.3487053,0.021516136,1.596506446,552.472984,-,0,552.472984,0.478915161,1.126966036,0.769244399,2.313916273,0.872523987,1.275845886,-0.275845886,1499.99,1261.202101,0.840807006,0.161157521,6,0.5,0: Broadleaf,2,1712088653,371.8634,399.9534,19.76368667,14.61144667,381.3787333,20.19384,600.0173333,101.6375333,0.1154436,25.91898,999.9,25.99293333,0,0,10009.66133,0,147.3324667,1499.99,0.973007,0.026992853,0,488.0000667,4.9992,7848.492,12157.58667,43.5,45.4412,44.3162,44.25,44.53306667,1454.64,40.35,0,48.5,0,488.0043077,2.017230766,61.75760689,7848.765,15,1712088583,13:09:43,1712088571,1712088583,9,0.027,-0.016,-9.735,-0.53,400,14,0.14,0.03,-28.06097143,-0.604644156,0.07742468,0,5.151305238,0.099925714,0.021304279,1,1,2,1/2,100,100,-9.515,-0.4299,-6.524628705,-0.007814304,-3.18182E-07,6.4783E-10,-0.417055628,-0.027428369,0.001386821,-3.00526E-06,5,2011,2,27,1.5,1.3,1.07056,2.48901,1.59912,2.29126,1.60156,2.51221,36.7892,15.3316,18,605.327,418.519,23.0019,27.8703,30.0002,27.8457,27.8548,21.4202,36.6514,38.2014,23,400,14.7264,100.383,102.91
27,1712088747,4302,20240402 13:12:27,13:12:27,15,j4.erocic.2,63.72618128,1712088739,0.005378201,5.378201314,26.8412003,371.1098667,255.4481862,25.99238748,37.76120549,0.421195806,2.959127971,0.390500123,0.246633785,241.7349894,25.99272437,26.05177333,3.384609653,59.99833492,2.020439747,3.367493031,1.364169906,-237.1786779,-13.66980876,-0.987102803,-10.10060006,0,0,1,0,53958.58381,RECT-1505-20210918-17_20_47,10288.4,812.936,2752.91,0.704699391,-1,MPF-248-20240401-13_11_14,10178.9,491.0871154,1098.96263,0.553135746,0.5,1261.203781,26.8412003,348.8084473,0.022075101,1.505007836,562.8075791,-,0,562.8075791,0.487873779,1.13376814,0.755191791,2.125240977,0.852561617,1.29934849,-0.29934849,1499.992,1261.203781,0.840807005,0.161157519,6,0.5,0: Broadleaf,2,1712088739,371.1098667,399.9470667,19.85649333,14.58506667,380.6191333,20.28438,599.998,101.6361333,0.1159592,25.96608667,999.9,26.05177333,0,0,10005.88067,0,151.6542,1499.992,0.973007,0.02699284,0,491.0461333,4.9992,7919.634667,12157.60667,43.55786667,45.5,44.312,44.30373333,44.5956,1454.642,40.35,0,84.5,0,491.0871154,3.543692307,11.19213683,7919.556538,15,1712088583,13:09:43,1712088571,1712088583,9,0.027,-0.016,-9.735,-0.53,400,14,0.14,0.03,-28.82871905,-0.170898701,0.057471315,0,5.262342857,0.072362338,0.022723988,1,1,2,1/2,100,100,-9.508,-0.4274,-6.524628705,-0.007814304,-3.18182E-07,6.4783E-10,-0.417055628,-0.027428369,0.001386821,-3.00526E-06,5,2011,2,27,2.9,2.7,1.07178,2.50244,1.59912,2.29004,1.60278,2.34741,36.6706,15.3053,18,605.151,418.301,23.0013,27.8799,29.9999,27.8269,27.8305,21.4457,33.5321,34.7888,23,400,14.6644,100.386,102.921
28,1712088955,4509.9,20240402 13:15:55,13:15:55,15,j4.erocic.1,63.811789,1712088947,0.004166723,4.166722647,20.16261928,378.234875,263.8524908,26.84684465,38.48518882,0.31597013,2.95844933,0.29834794,0.187968798,241.7388305,25.89539251,25.9224,3.358795393,60.09170853,1.975010157,3.286660016,1.383785236,-183.7524687,-58.40441546,-4.206976007,-4.625029706,0,0,1,0,54012.59997,RECT-1505-20210918-17_20_47,10288.4,812.936,2752.91,0.704699391,-1,MPF-249-20240401-13_14_42,10209.2,312.52316,687.4492908,0.545387326,0.5,1261.219876,20.16261928,343.926668,0.016779484,3.004528097,430.7541386,-,0,430.7541386,0.373402309,1.460589059,0.889458259,-2.987775623,1.064684738,2.013146104,-1.013146104,1500.010625,1261.219876,0.840807295,0.161158079,6,0.5,0: Broadleaf,2,1712088947,378.234875,399.973125,19.410525,15.32475,387.84075,19.84256875,600.0101875,101.630625,0.118820563,25.55621875,999.9,25.9224,0,0,10002.5725,0,216.56425,1500.010625,0.972998125,0.027001663,0,312.6588125,4.9992,5074.230625,12157.725,43.4488125,45.156,44.25,44.25,44.5,1454.645625,40.365,0,206.5,0,312.52316,-4.568384626,-148.2284616,5071.7064,15,1712088904,13:15:04,1712088904,1712088899,10,-0.04,0.007,-9.775,-0.513,400,15,0.1,0.03,-21.72741905,-0.022542857,0.04945597,1,4.101429524,-0.319831948,0.037655675,0,1,2,1/2,100,100,-9.606,-0.4328,-6.565168669,-0.007814304,-3.18182E-07,6.4783E-10,-0.41031939,-0.027428369,0.001386821,-3.00526E-06,5,2011,2,27,0.8,0.9,1.07422,2.48779,1.59912,2.29004,1.60278,2.50854,36.4343,15.2878,18,601.894,418.928,22.9971,27.9033,30.0002,27.8504,27.8548,21.5117,25.7323,29.6541,23,400,15.4436,100.359,102.913
29,1712089008,4562.9,20240402 13:16:48,13:16:48,15,j4.erocic.1,66.15255599,1712089000,0.004005421,4.005420965,20.18258808,378.2676875,260.2187884,26.47773049,38.48941863,0.305091584,2.959291754,0.288632408,0.181800015,241.7369176,25.8102079,25.81284375,3.337069937,60.14081301,1.961802713,3.262015619,1.375267224,-176.6390645,-61.1581773,-4.398857934,-0.459182152,0,0,1,0,54060.35132,RECT-1505-20210918-17_20_47,10288.4,812.936,2752.91,0.704699391,-1,MPF-250-20240401-13_15_35,10202.2,310.33172,683.1376895,0.545725957,0.5,1261.210838,20.18258808,344.1377459,0.016795438,3.029802545,429.0573238,-,0,429.0573238,0.371931412,1.467275791,0.890664168,-2.872194315,1.066907242,2.028620935,-1.028620935,1500,1261.210838,0.840807225,0.161157945,6,0.5,0: Broadleaf,2,1712089000,378.2676875,399.96525,19.280275,15.35210625,387.8739375,19.71534375,600.0040625,101.633125,0.118676438,25.42950625,999.9,25.81284375,0,0,10007.10625,0,226.5416875,1500,0.973001063,0.026998738,0,310.3101875,4.9992,5070.00125,12157.6625,43.4803125,45,44.1909375,44.0935,44.4409375,1454.63875,40.36125,0,51.0999999,0,310.33172,-0.713076921,-31.36384598,5068.726,15,1712088904,13:15:04,1712088904,1712088899,10,-0.04,0.007,-9.775,-0.513,400,15,0.1,0.03,-21.709795,0.14506015,0.040520852,0,3.950708,-0.413133835,0.047336791,0,0,2,0/2,100,100,-9.606,-0.4346,-6.565168669,-0.007814304,-3.18182E-07,6.4783E-10,-0.41031939,-0.027428369,0.001386821,-3.00526E-06,5,2011,2,27,1.7,1.8,1.07544,2.49146,1.59912,2.29004,1.60156,2.50122,36.2694,15.2791,18,602.206,419.241,22.9982,27.8823,30,27.8434,27.8492,21.5194,24.8637,28.5246,23,400,15.3811,100.362,102.912
30,1712089068,4622.9,20240402 13:17:48,13:17:48,15,j4.erocic.1,65.92925588,1712089060,0.004058688,4.058687829,20.30080918,378.1459375,260.3867336,26.49529162,38.4777164,0.307918069,2.956177818,0.291144887,0.183396379,241.7390124,25.84928011,25.8497125,3.344367418,59.98629837,1.962869856,3.272197001,1.381497563,-178.9881333,-58.61058545,-4.221954146,-0.081660486,0,0,1,0,53959.38909,RECT-1505-20210918-17_20_47,10288.4,812.936,2752.91,0.704699391,-1,MPF-251-20240401-13_16_35,10206,309.8176,690.5353631,0.551337098,0.5,1261.221863,20.30080918,347.6792009,0.016889026,2.986631456,431.9637791,-,0,431.9637791,0.374450894,1.472388254,0.888592169,-3.110423056,1.063093957,2.052880128,-1.052880128,1500.013125,1261.221863,0.840807218,0.161157931,6,0.5,0: Broadleaf,2,1712089060,378.1459375,399.98375,19.29041875,15.30961875,387.751375,19.7252375,599.9388125,101.634625,0.118990688,25.48195625,999.9,25.8497125,0,0,9989.29875,0,130.4160313,1500.013125,0.973001063,0.026998713,0,309.7315625,4.9992,5058.821875,12157.7625,43.437,44.875,44.144375,43.9803125,44.375,1454.651875,40.36125,0,58.29999995,0,309.8176,0.843307686,-23.156154,5058.2228,15,1712088904,13:15:04,1712088904,1712088899,10,-0.04,0.007,-9.775,-0.513,400,15,0.1,0.03,-21.830155,-0.270221053,0.063533719,0,3.982478,0.030138947,0.018178025,1,1,2,1/2,100,100,-9.606,-0.435,-6.565168669,-0.007814304,-3.18182E-07,6.4783E-10,-0.41031939,-0.027428369,0.001386821,-3.00526E-06,5,2011,2,27,2.7,2.8,1.07666,2.49268,1.59912,2.29004,1.60156,2.49146,36.0582,15.2703,18,602.365,419.47,22.9987,27.8633,30.0001,27.8316,27.8384,21.5296,23.4019,27.3938,23,400,15.3633,100.367,102.917
31,1712089663,5217.9,20240402 13:27:43,13:27:43,15,j4.caucou.1,65.01373316,1712089655,0.001728686,1.728686244,8.072960472,391.334,277.6379672,28.24452315,39.81098959,0.124173157,2.956610491,0.121347017,0.076090446,241.7446239,26.69045173,26.15178125,3.404683117,60.07267562,1.993889451,3.319128756,1.410793666,-76.23506336,-68.52168909,-4.948615369,92.03925605,0,0,1,0,53928.33426,RECT-1505-20210918-17_20_47,10288.4,812.936,2752.91,0.704699391,-1,MPF-252-20240401-13_26_30,10253.3,151.3418077,234.7571182,0.355326012,0.5,1261.247963,8.072960472,224.0771042,0.007193637,10.72663058,195.061857,-,0,195.061857,0.169090767,2.101392156,0.984480994,-0.144272496,1.298034346,2.708448264,-1.708448264,1500.04375,1261.247963,0.840807452,0.161158382,6,0.5,0: Broadleaf,2,1712089655,391.334,400.0836875,19.59953125,17.90468125,400.933625,19.9996125,599.984,101.6155625,0.115924125,25.7219,999.9,26.15178125,0,0,9993.625625,0,64.91430625,1500.04375,0.972995125,0.027004669,0,151.4076875,4.9992,2596.136875,12157.98125,42.058125,43.656,42.875,42.375,43.125,1454.67,40.37375,0,593.3,0,151.3418077,-1.482427347,-20.60547007,2595.539615,15,1712089639,13:27:19,1712089639,1712089626,11,0.108,0.028,-9.668,-0.436,400,18,0.15,0.07,-8.4890865,-4.486911429,0.881380784,0,1.60060235,1.698706782,0.232289157,0,0,2,0/2,100,100,-9.599,-0.4035,-6.457081731,-0.007814304,-3.18182E-07,6.4783E-10,-0.382214492,-0.027428369,0.001386821,-3.00526E-06,5,2011,2,27,0.4,0.6,1.07544,2.5,1.59912,2.29004,1.60156,2.37183,36.152,15.174,18,602.28,424.613,22.9991,27.0774,29.9993,27.131,27.1346,21.5214,29.2762,44.202,23,400,17.8237,100.579,103.037
32,1712089721,5275.9,20240402 13:28:41,13:28:41,15,j4.caucou.1,80.25649484,1712089713,0.001432141,1.432140737,8.15937226,391.3148,253.4233332,25.78091171,39.80869552,0.101666193,2.958124163,0.099764201,0.062520548,241.736839,26.83700722,26.26178667,3.426883276,60.1702319,2.005505828,3.33305318,1.421377448,-63.1574065,-74.83789242,-5.406902076,98.33463802,0,0,1,0,53959.98459,RECT-1505-20210918-17_20_47,10288.4,812.936,2752.91,0.704699391,-1,MPF-253-20240401-13_27_28,10252.9,152.49476,239.2915467,0.362723999,0.5,1261.210797,8.15937226,228.7357118,0.007262364,10.5044181,198.182281,-,0,198.182281,0.171795729,2.111367966,0.983908553,-0.151307637,1.29569698,2.743935067,-1.743935067,1500,1261.210797,0.840807198,0.161157893,6,0.5,0: Broadleaf,2,1712089713,391.3148,400.0346667,19.71388667,18.30996667,400.9141333,20.11123333,599.9947333,101.6143333,0.116282333,25.79252,999.9,26.26178667,0,0,10002.33133,0,66.14001333,1500,0.973005,0.026995307,0,152.5652,4.9992,2608.634667,12157.66667,42.125,43.8162,42.9246,42.4454,43.187,1454.644,40.36,0,56.5,0,152.49476,-8.226615424,-111.8061543,2607.524,15,1712089639,13:27:19,1712089639,1712089626,11,0.108,0.028,-9.668,-0.436,400,18,0.15,0.07,-8.728775,0.219025263,0.032818988,0,1.400129,-0.006026165,0.012028921,1,1,2,1/2,100,100,-9.6,-0.3965,-6.457081731,-0.007814304,-3.18182E-07,6.4783E-10,-0.382214492,-0.027428369,0.001386821,-3.00526E-06,5,2011,2,27,1.4,1.6,1.07544,2.50244,1.59912,2.28882,1.60278,2.35107,36.2694,15.1652,18,603.272,424.644,23.0012,26.9703,29.9996,27.0318,27.0429,21.5167,27.9952,43.0748,23,400,18.2205,100.599,103.054
33,1712089778,5332.9,20240402 13:29:38,13:29:38,15,j4.caucou.1,77.66528456,1712089770,0.001456837,1.456836531,7.982916152,391.4781875,257.6805823,26.21560236,39.82774489,0.102786157,2.958542702,0.100842731,0.063198256,241.72715,26.86278223,26.28955,3.432506123,59.95022078,2.00200825,3.339451005,1.430497873,-64.24649103,-74.11510898,-5.355539613,98.01001034,0,0,1,0,53966.58427,RECT-1505-20210918-17_20_47,10288.4,812.936,2752.91,0.704699391,-1,MPF-254-20240401-13_28_25,10256.7,145.63604,228.1234468,0.361591095,0.5,1261.158919,7.982916152,228.0119169,0.007122747,11.06763285,190.4599144,-,0,190.4599144,0.16510154,2.190113394,0.98530175,-0.14104931,1.30145381,2.864186705,-1.864186705,1499.938125,1261.158919,0.840807296,0.161158081,6,0.5,0: Broadleaf,2,1712089770,391.4781875,400.0315,19.67830625,18.250125,401.078625,20.07654375,599.994625,101.621625,0.115192438,25.82488125,999.9,26.28955,0,0,10003.98813,0,66.31611875,1499.938125,0.972999813,0.027000125,0,146.237125,4.9992,2516.47125,12157.14375,42.183125,43.98425,42.9724375,42.5816875,43.25,1454.575625,40.363125,0,55.30000019,0,145.63604,-9.278461545,-180.2561539,2507.32,15,1712089639,13:27:19,1712089639,1712089626,11,0.108,0.028,-9.668,-0.436,400,18,0.15,0.07,-8.57687,0.470219221,0.066984358,0,1.432565238,-0.212855065,0.027814306,0,0,2,0/2,100,100,-9.601,-0.3982,-6.457081731,-0.007814304,-3.18182E-07,6.4783E-10,-0.382214492,-0.027428369,0.001386821,-3.00526E-06,5,2011,2,27,2.3,2.5,1.07544,2.5061,1.59912,2.28882,1.60278,2.31812,36.4343,15.1477,18,603.108,424.236,22.9999,26.8899,29.9997,26.9506,26.9637,21.5065,29.6845,41.9451,23,400,18.1968,100.612,103.063
34,1712090024,5578.9,20240402 13:33:44,13:33:44,15,b8.caucou.1,62.47044723,1712090016,0.000837301,0.837301259,4.136174064,395.4878125,287.4883964,29.24743963,40.23468795,0.066210092,2.957414785,0.0653975,0.040945615,241.7359475,26.56622323,25.19261875,3.216375965,59.90357119,1.946898155,3.250053571,1.26947781,-36.92498551,27.91498004,2.00220908,234.7281511,0,0,1,0,54016.04559,RECT-1505-20210918-17_20_47,10288.4,812.936,2752.91,0.704699391,-1,MPF-255-20240401-13_32_31,10342.2,159.9743462,199.9031734,0.199740837,0.5,1261.206076,4.136174064,125.9571788,0.00407243,12.7712171,170.3786786,-,0,170.3786786,0.147693977,1.352396632,0.988567614,-0.065133261,1.316000537,1.440353135,-0.440353135,1499.994375,1261.206076,0.840807203,0.161157903,6,0.5,0: Broadleaf,2,1712090016,395.4878125,399.95525,19.13708125,18.31578125,404.9898125,19.550125,599.98375,101.618125,0.116205813,25.3677,999.9,25.19261875,0,0,9997.934375,0,119.07575,1499.994375,0.973002625,0.0269978,0,160.05,4.9992,2732.355,12157.6,41.812,43.6481875,42.534875,42.4645625,42.8553125,1454.634375,40.36,0,244.0999999,0,159.9743462,-7.919760691,-118.5938462,2730.728077,15,1712089996,13:33:16,1712089996,1712089982,12,0.129,-0.002,-9.538,-0.442,400,18,0.57,0.1,-4.4245655,-0.657000451,0.082590805,0,0.7866324,0.752870165,0.085035043,0,0,2,0/2,100,100,-9.502,-0.4108,-6.327904432,-0.007814304,-3.18182E-07,6.4783E-10,-0.384415509,-0.027428369,0.001386821,-3.00526E-06,5,2011,2,27,0.5,0.7,1.07422,2.49634,1.59912,2.2876,1.60278,2.4939,36.3635,15.1127,18,600.854,420.46,23.0033,26.7184,30.001,26.7591,26.7815,21.4901,26.5095,38.5476,23,400,18.161,100.625,103.072
35,1712090076,5630.9,20240402 13:34:36,13:34:36,15,b8.caucou.1,55.17270584,1712090068,0.000913855,0.913855414,3.959990387,395.6684375,299.2146259,30.44095816,40.25380215,0.071774446,2.958317493,0.070820881,0.044347669,241.7379425,26.67642723,25.31380625,3.239654216,59.85421381,1.960425362,3.275333911,1.279228854,-40.30102377,29.39079776,2.110086523,232.937803,0,0,1,0,54018.99989,RECT-1505-20210918-17_20_47,10288.4,812.936,2752.91,0.704699391,-1,MPF-256-20240401-13_33_23,10352.4,155.15256,193.2164508,0.197001294,0.5,1261.216576,3.959990387,124.2306487,0.003932703,13.24780337,165.4971561,-,0,165.4971561,0.143462394,1.373191174,0.989286868,-0.061421156,1.319447348,1.464746919,-0.464746919,1500.006875,1261.216576,0.840807197,0.16115789,6,0.5,0: Broadleaf,2,1712090068,395.6684375,399.9900625,19.26969375,18.3734375,405.171375,19.6796875,599.9929375,101.619375,0.116822125,25.4980875,999.9,25.31380625,0,0,10002.93188,0,118.0381875,1500.006875,0.973002625,0.026997806,0,155.240125,4.9992,2659.854375,12157.71875,42.031,43.995875,42.7185,42.784875,43.1053125,1454.646875,40.36,0,50.5,0,155.15256,-2.352461531,-39.19230767,2659.068,15,1712089996,13:33:16,1712089996,1712089982,12,0.129,-0.002,-9.538,-0.442,400,18,0.57,0.1,-4.342689524,0.26202,0.052919471,0,0.899708905,0.026686442,0.02370783,1,1,2,1/2,100,100,-9.503,-0.4097,-6.327904432,-0.007814304,-3.18182E-07,6.4783E-10,-0.384415509,-0.027428369,0.001386821,-3.00526E-06,5,2011,2,27,1.3,1.6,1.07422,2.48901,1.59912,2.2876,1.60278,2.5293,36.3635,15.1039,18,602.388,420.143,23.0019,26.8432,30.0012,26.8349,26.8558,21.4922,25.3392,37.7937,23,400,18.4035,100.596,103.045
36,1712090134,5688.9,20240402 13:35:34,13:35:34,15,b8.caucou.1,55.16338649,1712090126,0.000890851,0.890850534,3.86160332,395.7678125,299.3573116,30.45629471,40.26499659,0.070003014,2.958302655,0.069095612,0.043265304,241.7304612,26.68724466,25.3119,3.239286918,59.8569899,1.961089866,3.276292158,1.278197052,-39.28650855,30.48015284,2.188340012,235.1124455,0,0,1,0,54017.7393,RECT-1505-20210918-17_20_47,10288.4,812.936,2752.91,0.704699391,-1,MPF-257-20240401-13_34_21,10351,152.41632,188.5238077,0.191527469,0.5,1261.177201,3.86160332,120.7750384,0.003854814,13.60245278,162.0423296,-,0,162.0423296,0.140467553,1.363499713,0.989778915,-0.057826366,1.321866268,1.449612941,-0.449612941,1499.96,1261.177201,0.840807222,0.161157938,6,0.5,0: Broadleaf,2,1712090126,395.7678125,399.9819375,19.27570625,18.4020375,405.2716875,19.68556875,600.006875,101.6224375,0.116499625,25.5030125,999.9,25.3119,0,0,10002.54625,0,118.184875,1499.96,0.973002313,0.026998138,0,152.432875,4.9992,2617.4125,12157.33125,42.2655,44.284875,42.933125,43.0935,43.335625,1454.6,40.36,0,56.70000005,0,152.41632,-2.067461531,-33.5961538,2616.5592,15,1712089996,13:33:16,1712089996,1712089982,12,0.129,-0.002,-9.538,-0.442,400,18,0.57,0.1,-4.2125315,0.127061504,0.038065639,0,0.8746424,-0.145205955,0.02914529,0,0,2,0/2,100,100,-9.505,-0.4094,-6.327904432,-0.007814304,-3.18182E-07,6.4783E-10,-0.384415509,-0.027428369,0.001386821,-3.00526E-06,5,2011,2,27,2.3,2.5,1.07422,2.49146,1.59912,2.2876,1.60278,2.46338,36.34,15.0952,18,601.801,419.774,23.0019,27.0061,30.0013,26.9491,26.9631,21.498,24.2265,37.0446,23,400,18.4642,100.564,103.014