SysConst,AvgTime,Oxygen,,,,,,,,,,,,,,,,,,,,,,,,,,,,,,,,,,,,,,,,,,,,,,,,,,,,,,,,,,,,,,,,,,,,,,,,,,,,,,,,,,,,,,,,,,,,,,,,,,,,,,,,,,,,,,,,,,,,,,,,,,,,,,,,,,,,,,,,,,,,,,,,,,,,,,,,,,,,,,,,,,,,,,,,,,,,,,,,,,,,,,,,,,,,,,,,,,,,,,,,,,,,,,,,,,,,,,,,,,,,,,,,,,,,,,,,,,,,,,,,,,,,,,,,,,,,,,,,,,,,,,,,,,,,,,,,,,,,
,4,21,,,,,,,,,,,,,,,,,,,,,,,,,,,,,,,,,,,,,,,,,,,,,,,,,,,,,,,,,,,,,,,,,,,,,,,,,,,,,,,,,,,,,,,,,,,,,,,,,,,,,,,,,,,,,,,,,,,,,,,,,,,,,,,,,,,,,,,,,,,,,,,,,,,,,,,,,,,,,,,,,,,,,,,,,,,,,,,,,,,,,,,,,,,,,,,,,,,,,,,,,,,,,,,,,,,,,,,,,,,,,,,,,,,,,,,,,,,,,,,,,,,,,,,,,,,,,,,,,,,,,,,,,,,,,,,,,,,,
ChambConst,Chamber,Aperture,blc_a,blc_b,blc_c,blc_d,blc_e,blc_minS,blc_maxS,blc_Po,,,,,,,,,,,,,,,,,,,,,,,,,,,,,,,,,,,,,,,,,,,,,,,,,,,,,,,,,,,,,,,,,,,,,,,,,,,,,,,,,,,,,,,,,,,,,,,,,,,,,,,,,,,,,,,,,,,,,,,,,,,,,,,,,,,,,,,,,,,,,,,,,,,,,,,,,,,,,,,,,,,,,,,,,,,,,,,,,,,,,,,,,,,,,,,,,,,,,,,,,,,,,,,,,,,,,,,,,,,,,,,,,,,,,,,,,,,,,,,,,,,,,,,,,,,,,,,,,,,,,,,,,,,,
,6800-01A,6 cm²,0.578,0.5229739,0.003740252,-0.06197961,-0.005608586,1,6,96.9,,,,,,,,,,,,,,,,,,,,,,,,,,,,,,,,,,,,,,,,,,,,,,,,,,,,,,,,,,,,,,,,,,,,,,,,,,,,,,,,,,,,,,,,,,,,,,,,,,,,,,,,,,,,,,,,,,,,,,,,,,,,,,,,,,,,,,,,,,,,,,,,,,,,,,,,,,,,,,,,,,,,,,,,,,,,,,,,,,,,,,,,,,,,,,,,,,,,,,,,,,,,,,,,,,,,,,,,,,,,,,,,,,,,,,,,,,,,,,,,,,,,,,,,,,,,,,,,,,,,,,,,,,,,
LTConst,deltaTw,fT1,fT2,fTeb,,,,,,,,,,,,,,,,,,,,,,,,,,,,,,,,,,,,,,,,,,,,,,,,,,,,,,,,,,,,,,,,,,,,,,,,,,,,,,,,,,,,,,,,,,,,,,,,,,,,,,,,,,,,,,,,,,,,,,,,,,,,,,,,,,,,,,,,,,,,,,,,,,,,,,,,,,,,,,,,,,,,,,,,,,,,,,,,,,,,,,,,,,,,,,,,,,,,,,,,,,,,,,,,,,,,,,,,,,,,,,,,,,,,,,,,,,,,,,,,,,,,,,,,,,,,,,,,,,,,,,,,,,,,,,,,,,
,0,1,0,0,,,,,,,,,,,,,,,,,,,,,,,,,,,,,,,,,,,,,,,,,,,,,,,,,,,,,,,,,,,,,,,,,,,,,,,,,,,,,,,,,,,,,,,,,,,,,,,,,,,,,,,,,,,,,,,,,,,,,,,,,,,,,,,,,,,,,,,,,,,,,,,,,,,,,,,,,,,,,,,,,,,,,,,,,,,,,,,,,,,,,,,,,,,,,,,,,,,,,,,,,,,,,,,,,,,,,,,,,,,,,,,,,,,,,,,,,,,,,,,,,,,,,,,,,,,,,,,,,,,,,,,,,,,,,,,,,,
LQConst,Leaf,Ambient,abs_ambient,abs_redLED,abs_greenLED,abs_blueLED,abs_whiteLED,abs_redFlr,abs_blueFlr,k_ambient,k_redLED,k_greenLED,k_blueLED,k_whiteLED,k_redFlr,k_blueFlr,,,,,,,,,,,,,,,,,,,,,,,,,,,,,,,,,,,,,,,,,,,,,,,,,,,,,,,,,,,,,,,,,,,,,,,,,,,,,,,,,,,,,,,,,,,,,,,,,,,,,,,,,,,,,,,,,,,,,,,,,,,,,,,,,,,,,,,,,,,,,,,,,,,,,,,,,,,,,,,,,,,,,,,,,,,,,,,,,,,,,,,,,,,,,,,,,,,,,,,,,,,,,,,,,,,,,,,,,,,,,,,,,,,,,,,,,,,,,,,,,,,,,,,,,,,,,,,,,,,,,,
,standard,Sun+Sky,0.8,0.84,0.7,0.87,0.75,0.84,0.87,0.1911,0.1512,0.161,0.2262,0.1575,0.1596,0.2175,,,,,,,,,,,,,,,,,,,,,,,,,,,,,,,,,,,,,,,,,,,,,,,,,,,,,,,,,,,,,,,,,,,,,,,,,,,,,,,,,,,,,,,,,,,,,,,,,,,,,,,,,,,,,,,,,,,,,,,,,,,,,,,,,,,,,,,,,,,,,,,,,,,,,,,,,,,,,,,,,,,,,,,,,,,,,,,,,,,,,,,,,,,,,,,,,,,,,,,,,,,,,,,,,,,,,,,,,,,,,,,,,,,,,,,,,,,,,,,,,,,,,,,,,,,,,,,,,,,,,,
QConst,fQ_Amb_in,fQ_Amb_out,fQ_HeadLS,fQ_ConsoleLS,fQ_Flr,,,,,,,,,,,,,,,,,,,,,,,,,,,,,,,,,,,,,,,,,,,,,,,,,,,,,,,,,,,,,,,,,,,,,,,,,,,,,,,,,,,,,,,,,,,,,,,,,,,,,,,,,,,,,,,,,,,,,,,,,,,,,,,,,,,,,,,,,,,,,,,,,,,,,,,,,,,,,,,,,,,,,,,,,,,,,,,,,,,,,,,,,,,,,,,,,,,,,,,,,,,,,,,,,,,,,,,,,,,,,,,,,,,,,,,,,,,,,,,,,,,,,,,,,,,,,,,,,,,,,,,,,,,,,,,,,
,0,0,0,0,1,,,,,,,,,,,,,,,,,,,,,,,,,,,,,,,,,,,,,,,,,,,,,,,,,,,,,,,,,,,,,,,,,,,,,,,,,,,,,,,,,,,,,,,,,,,,,,,,,,,,,,,,,,,,,,,,,,,,,,,,,,,,,,,,,,,,,,,,,,,,,,,,,,,,,,,,,,,,,,,,,,,,,,,,,,,,,,,,,,,,,,,,,,,,,,,,,,,,,,,,,,,,,,,,,,,,,,,,,,,,,,,,,,,,,,,,,,,,,,,,,,,,,,,,,,,,,,,,,,,,,,,,,,,,,,,,,
LeakConst,fan_a,fan_b,fan_c,fan_d,Fs_meas,Fs_true,leak_wt,,,,,,,,,,,,,,,,,,,,,,,,,,,,,,,,,,,,,,,,,,,,,,,,,,,,,,,,,,,,,,,,,,,,,,,,,,,,,,,,,,,,,,,,,,,,,,,,,,,,,,,,,,,,,,,,,,,,,,,,,,,,,,,,,,,,,,,,,,,,,,,,,,,,,,,,,,,,,,,,,,,,,,,,,,,,,,,,,,,,,,,,,,,,,,,,,,,,,,,,,,,,,,,,,,,,,,,,,,,,,,,,,,,,,,,,,,,,,,,,,,,,,,,,,,,,,,,,,,,,,,,,,,,,,,,
,-6276,6.6,0.00001709,3.11,2.35522 195.026 363.887 593.694 859.689 1069.9 1252.27 1403.14,0.181857 214.126 385.089 590.049 808.023 1002.06 1200.97 1400.82,0,,,,,,,,,,,,,,,,,,,,,,,,,,,,,,,,,,,,,,,,,,,,,,,,,,,,,,,,,,,,,,,,,,,,,,,,,,,,,,,,,,,,,,,,,,,,,,,,,,,,,,,,,,,,,,,,,,,,,,,,,,,,,,,,,,,,,,,,,,,,,,,,,,,,,,,,,,,,,,,,,,,,,,,,,,,,,,,,,,,,,,,,,,,,,,,,,,,,,,,,,,,,,,,,,,,,,,,,,,,,,,,,,,,,,,,,,,,,,,,,,,,,,,,,,,,,,,,,,,,,,,,,,,,,,,,
SysObs,SysObs,SysObs,SysObs,SysObs,SysObs,UserDefCon,GasEx,GasEx,GasEx,GasEx,GasEx,GasEx,GasEx,GasEx,GasEx,GasEx,GasEx,GasEx,GasEx,GasEx,GasEx,GasEx,GasEx,GasEx,GasEx,GasEx,GasEx,GasEx,GasEx,GasEx,Leak,Leak,Leak,Leak,Leak,FLR,FLR,FLR,FLR,FLR,FLR,FLR,FLR,FLR,FLR,FLR,FLR,FLR,FLR,FLR,FLR,FLR,FLR,FLR,FLR,FLR,FLR,FLR,FLR,FLR,FLR,FLR,FLR,MPF,MPF,MPF,MPF,MPF,MPF,MPF,MPF,MPF,MPF,MPF,MPF,MPF,MPF,MPF,MPF,MPF,MPF,MPF,MPF,MPF,FastKntcs,FastKntcs,FastKntcs,FastKntcs,FastKntcs,FastKntcs,FastKntcs,FastKntcs,FastKntcs,FastKntcs,FastKntcs,FastKntcs,FastKntcs,LeafQ,LeafQ,LeafQ,LeafQ,Const,Const,Const,Const,Meas,Meas,Meas,Meas,Meas,Meas,Meas,Meas,Meas,Meas,Meas,Meas,Meas,Meas,Meas,Meas,Meas,Meas,Meas2,Meas2,Meas2,Meas2,Meas2,Meas2,Meas2,Meas2,Meas2,Meas2,FlrLS,FlrLS,FlrLS,FlrLS,FlrLS,FlrLS,FlrLS,FlrLS,FlrLS,FlrLS,FlrLS,FlrLS,FlrLS,FlrLS,FlrLS,FlrLS,FlrLS,FlrLS,FlrStats,FlrStats,FlrStats,FlrStats,FlrStats,MchEvent,MchEvent,MchEvent,MchEvent,MchEvent,MchEvent,MchEvent,MchEvent,MchEvent,MchEvent,MchEvent,MchEvent,MchEvent,Stability,Stability,Stability,Stability,Stability,Stability,Stability,Stability,Stability,Stability,Stability,Raw,Raw,Raw,Raw,Raw,Raw,Raw,Raw,Raw,Raw,Raw,Raw,Raw,Raw,Raw,Raw,Raw,Raw,Status2,Status2,Status2,Status2,Status2,Status2,Status2,Status2,Status2,Status2,Status2,Status2,Status2,Status2,Status2,Status2,Status2,Status2,Status2,Auxiliary,Auxiliary,Auxiliary,Auxiliary,Auxiliary,Auxiliary,Auxiliary,Auxiliary,Auxiliary,Auxiliary,Auxiliary,Auxiliary,Auxiliary,Auxiliary,Auxiliary,Auxiliary,Auxiliary,Auxiliary,Auxiliary,MchStatus,MchStatus,MchStatus,MchStatus,MchStatus,MchStatus,MchStatus,MchStatus,MchStatus,MchStatus,MchStatus,MchStatus,MchStatus,MchStatus,MchStatus,MchStatus,MchStatus,MchStatus,ConStatus,ConStatus,ConStatus,ConStatus,ConStatus,ConStatus,ConStatus,ConStatus,Status,Status,Status,Status,Status,Status,Status,Status,Status,Status,Status,Status,Status,Status,Status,Status
obs,time,elapsed,date,hhmmss,averaging,plant_id,TIME,E,Emm,A,Ca,Ci,Pci,Pca,gsw,gbw,gtw,gtc,Rabs,TleafEB,TleafCnd,SVPleaf,RHcham,VPcham,SVPcham,VPDleaf,LatHFlux,SenHFlux,NetTherm,EBSum,Leak,LeakPct,CorrFact,CorrFactPct,Fan,DarkAdaptedID,Qmax_d,Fo,Fm,Fv/Fm,A_dark,LightAdaptedID,Qmax,Fs,Fm',PhiPS2,PS2/1,Qabs_fs,A_fs,ETR,PhiCO2,NPQ,alt._Fo',DarkPulseID,Fmin,Fo',Fv'/Fm',qP,qN,qP_Fo,qN_Fo,qL,1-qL,ID,P1_dur,P1_Fmax,T@P1_Fmax,Q@P1_Fmax,P1_PredF,P1_ΔF,P2_dur,P2_ramp,P2_int,P2_int_se,P2_slp,P2_slp_se,P2_R2,P2_dQdt,P3_dur,P3_Fmax,T@P3_Fmax,Q@P3_Fmax,P3_PredF,P3_ΔF,ID,Dur,DCo,InitSlope,Fo,F1,T@F1,T@HIR,F2,T@F2,DCmax,T@DCmax,PhiPS2_dc,Qin,Qabs,alpha,convert,S,K,Geometry,Custom,TIME,CO2_s,CO2_r,H2O_s,H2O_r,CO2_a,H2O_a,Flow,Pa,ΔPcham,Tair,Tleaf,Tleaf2,Offset,Offset2,Fan_speed,Qamb_in,Qamb_out,ΔCO2,CO2_s_d,CO2_r_d,ΔH2O,CO2_b,H2O_b,e_s,e_r,Td_s,Td_r,Q,f_red,f_blue,f_farred,F,Q_modavg,F_dc,Pc,Tled,TDigital,TPreamp,TPwrSpy,TDrive,Q_red,Q_blue,Q_farred,TSPF,state,F_avg,dF/dt,dF_dc/dt,F_dc_avg,period,time,hhmmss,co2_t,h2o_t,count,co2_adj,h2o_adj,co2_match,h2o_match,co2_at,h2o_at,co2_cv,h2o_cv,ΔCO2:MN,ΔCO2:SLP,ΔCO2:SD,ΔCO2:OK,ΔH2O:MN,ΔH2O:SLP,ΔH2O:SD,ΔH2O:OK,Stable,Total,State,Vflow,VPchamber,abs_c_a,abs_c_b,abs_h_a,abs_h_b,Wc_s,Wc_r,Wco_s,Wco_r,Ww_s,Ww_r,Wwo_s,Wwo_r,Flow_s_v,Flow_r_v,Tleaf_mv,Tleaf2_mv,Tleaf_j,Tleaf2_j,Console_RH,Console_T,Console_H2O,Fan_%,Flow_%,Pump,Tchp_pwm,Txchg_pwm,diag_20v,diag_5_4v,diag_12v,diag_5va,diag_3_3vf,AccCO2_soda,AccH2O_des,AccH2O_hum,CO2_hrs,ADC_CH1,ADC_CH2,ADC_CH3,ADC_CH4,ADC_CH5,ADC_CH6,ADC_CH7,ADC_CH8,DAC_1,DAC_2,DAC_3,DAC_4,GPIO,GPIO_dir,excit_5v,power_12v,power_5v,ch1_pullup,AuxPower,MatchValveR,MatchValveS,MatchCO2,MatchH2O,cf_co2_a,cf_co2_b,cf_co2_c,cf_co2_d,cf_h2o_a,cf_h2o_b,cf_h2o_c,cf_h2o_d,co2_fit_low,co2_fit_high,h2o_fit_low,h2o_fit_high,co2_elapsed,h2o_elapsed,CO2_f,CO2_f_s,Pump_f,Pump_f_s,Pump_p,Pump_p_s,Tboard,V_system,DIAG,Flow_s,Flow_r,Txchg,Tirga,Tchopper,Ts,Tr,CO2_%,Desiccant_%,Humidifier_%,Txchg_sp,CO2_r_sp,H2O_r_sp,SS_s,SS_r
,s,s,,,s,,s,mol m⁻² s⁻¹,mmol m⁻² s⁻¹,µmol m⁻² s⁻¹,µmol mol⁻¹,µmol mol⁻¹,Pa,Pa,mol m⁻² s⁻¹,mol m⁻² s⁻¹,mol m⁻² s⁻¹,mol m⁻² s⁻¹,W m⁻²,°C,°C,kPa,%,kPa,kPa,kPa,W m⁻²,W m⁻²,W m⁻²,W m⁻²,µmol s⁻¹,%,,%,µmol s⁻¹,,,,,,µmol m⁻² s⁻¹,,,,,,,µmol m⁻² s⁻¹,µmol m⁻² s⁻¹,µmol m⁻² s⁻¹,µmol µmol⁻¹,,,,,,,,,,,,,,ms,,ms,µmol m⁻² s⁻¹,,,ms,%,,,centimol m⁻² s⁻¹,centimol m⁻² s⁻¹,,mol m⁻² s⁻²,ms,,ms,µmol m⁻² s⁻¹,,,,ms,,s⁻¹,,,ms,ms,,ms,,ms,,µmol m⁻² s⁻¹,µmol m⁻² s⁻¹,,J/µmol,cm²,,,mol m⁻² s⁻¹,s,µmol mol⁻¹,µmol mol⁻¹,mmol mol⁻¹,mmol mol⁻¹,µmol mol⁻¹,mmol mol⁻¹,µmol s⁻¹,kPa,kPa,°C,°C,°C,°C,°C,rpm,µmol m⁻² s⁻¹,µmol m⁻² s⁻¹,µmol mol⁻¹,µmol mol⁻¹,µmol mol⁻¹,mmol mol⁻¹,µmol mol⁻¹,mmol mol⁻¹,kPa,kPa,°C,°C,µmol m⁻² s⁻¹,,,,,µmol m⁻² s⁻¹,,,°C,°C,°C,°C,°C,µmol m⁻² s⁻¹,µmol m⁻² s⁻¹,µmol m⁻² s⁻¹,s,,,min⁻¹,min⁻¹,,s,secs,,s,s,,µmol/mol,mmol/mol,µmol/mol,mmol/mol,µmol/mol,mmol/mol,%,%,, min⁻¹,,,, min⁻¹,,,,,,V,V,,,,,,,,,,,,,V,V,mV,mV,°C,°C,%,°C,mmol mol⁻¹,%,%,,V,V,V,V,V,V,V,mg,mg,mg,hrs,V,V,V,V,V,V,V,V,V,V,V,V,,,,,,,V,%,%,µmol/mol,mmol/mol,µmol/mol,,,,mmol/mol,,,,µmol mol⁻¹,µmol mol⁻¹,mmol mol⁻¹,mmol mol⁻¹,min,min,V,V,V,V,V,V,°C,V,,µmol s⁻¹,µmol s⁻¹,°C,°C,°C,°C,°C,%,%,%,°C,µmol mol⁻¹,mmol mol⁻¹,%,%
1,1714665515,0,20240502 08:58:34,08:58:34,none,a5.brohor.1,1714665515,-0.000255544,-0.255544093,-0.094761792,400.182,377.2612093,38.21949548,40.5415499,-0.013519591,2.955132334,-0.013554047,-0.008468177,321.5122438,31.62446145,30.5082,4.38640806,60.76090518,2.541690623,4.183101973,1.844717436,11.26949449,-131.7233736,-9.920495938,191.1378687,0,0,1,0,53172.2405,-,-,0,0,#DIV/0!,0,-,-,0,0,#DIV/0!,0.5,1681.2132,-0.094761792,#DIV/0!,-5.63651E-05,#DIV/0!,#DIV/0!,-,0,#DIV/0!,#DIV/0!,#DIV/0!,#DIV/0!,#DIV/0!,#DIV/0!,#DIV/0!,#DIV/0!,,,,,,,,,,,,,,,,,,,,,,,,,,,,,,,,,,,2000.02,1681.2132,0.840598194,0.160754514,6,0.5,0: Broadleaf,2,1714665515,400.182,399.985,25.0888,25.3379,401.928,24.9078,600.079,101.251,0.0567797,29.6814,30.5082,999.9,0,0,10021.2,0,0.00191117,0.197174,410.48,410.383,-0.249123,399.985,25.3379,2.54026,2.56548,21.2868,21.448,2000.02,0.980008,0.019992,0,38.9248,5.00018,1515.8,17111.5,38.937,39.062,38.75,39.312,40.25,1955.14,39.88,0,1714665516,0,38.93829231,-0.732574347,125.5723074,1480.991923,15,1714665446,08:57:26,1714665446,1714665443,1,-0.06,0.036,-1.746,0.039,400,18,0.5,0.12,0.17446285,-0.118666447,0.019402567,0,-0.2977294,0.309009096,0.029811134,1,1,2,1/2,3.25753,2.75016,0.0962925,0.0956844,0.118929,0.118718,21073,21657.7,24768.5,25351,33150.5,33393.8,41384.5,41015.9,2.27213,1.95842,0.127368,0,28.4337,999.9,65.7,28.5,25.3505,61.2501,18.8982,1,-0.0342175,-1.44851,20.3365,5.20441,11.9261,4.9932,3.282,1851.7,9999,9999,28.4,1.86554,1.85838,1.8677,1.86285,1.86502,1.86127,1.86356,1.86111,0,0,0,0,00000000,iiiiiiii,off,off,off,off,0,100,100,-1.746,0.181,-1.491295863,-0.000660975,7.36055E-08,-1.58292E-11,-0.097821738,-0.010425798,0.001278883,-1.64968E-05,3,2172,1,25,1.1,1.2,1.03149,2.5354,1.54663,2.25464,1.4502,2.49634,33.4008,15.9708,18,621.638,462.947,29.9996,27.0064,30.0003,26.988,26.9592,20.7195,0,100,30,400,30.4092,100.344,100.301
2,1714666211,696,20240502 09:10:10,09:10:10,none,a6.brohor.1,1714666211,5.55083E-05,0.055508285,0.244758608,399.74,261.702214,26.51409999,40.49926124,0.003051294,2.942575763,0.003049537,0.001906118,321.5118058,31.44549596,30.4452,4.370619289,62.2922718,2.589829178,4.157544914,1.780790111,-2.447915383,-138.0486538,-10.4324891,170.5827475,0,0,1,0,52828.25166,-,-,0,0,#DIV/0!,0,-,-,0,0,#DIV/0!,0.5,1681.2054,0.244758608,#DIV/0!,0.000145585,#DIV/0!,#DIV/0!,-,0,#DIV/0!,#DIV/0!,#DIV/0!,#DIV/0!,#DIV/0!,#DIV/0!,#DIV/0!,#DIV/0!,,,,,,,,,,,,,,,,,,,,,,,,,,,,,,,,,,,2000.01,1681.2054,0.840598497,0.160755099,6,0.5,0: Broadleaf,2,1714666211,399.74,400.007,25.5624,25.5083,401.715,25.3824,599.882,101.257,0.0570072,29.575,30.4452,999.9,0,0,9949.38,0,0.00191117,-0.267181,410.226,410.478,0.0540981,400.007,25.5083,2.58838,2.5829,21.5932,21.5585,2000.01,0.980001,0.0199987,0,95.3201,5.00018,2999.7,17111.4,37.187,37.937,37.562,36.812,38.25,1955.11,39.9,0,1714666212,0,94.96754615,0.38793163,-59.25606869,3002.472308,15,1714666194,09:09:53,1714666194,1714666192,3,-0.036,-0.01,-1.975,0.168,400,26,0.45,0.33,-0.16514512,-1.178119085,0.139435159,0,0.042851975,0.210831553,0.023177673,1,1,2,1/2,3.25734,2.74976,0.0961916,0.0956237,0.120432,0.119196,21064.9,21650.6,24757.5,25342.2,33079.1,33367.9,41365.4,41006.1,2.2616,1.949,0.144206,0,28.0956,999.9,64.1,29.2,25.7547,61.2201,18.774,1,-0.0142048,-1.57734,20.3334,5.19962,11.9261,4.9916,3.28125,1868,9999,9999,28.6,1.86554,1.8584,1.86774,1.86291,1.86505,1.86127,1.86356,1.86114,0,0,0,0,00000000,iiiiiiii,off,off,off,off,0,100,100,-1.975,0.18,-1.720623838,-0.000660975,7.36055E-08,-1.58292E-11,-0.1095,-0.010425798,0.001278883,-1.64968E-05,3,2172,1,25,0.3,0.3,1.03516,2.53662,1.54663,2.2583,1.4502,2.52075,33.3335,15.9007,18,617.266,459.524,29.998,27.2701,29.9992,27.281,27.2543,20.7946,0,100,30,400,30.4092,100.298,100.273
3,1714666967,1451.9,20240502 09:22:46,09:22:46,none,f4.brohor.1,1714666967,0.000582939,0.582939267,2.62242036,397.107,263.3064758,26.67561801,40.2309689,0.033844488,2.951946257,0.033630387,0.021038115,321.4633468,31.09168695,30.0744,4.278690638,62.87066709,2.582071477,4.106957341,1.69661916,-25.70762166,-113.2637289,-8.507683412,173.9843128,0,0,1,0,53136.1924,-,-,0,0,#DIV/0!,0,-,-,0,0,#DIV/0!,0.5,1680.9531,2.62242036,#DIV/0!,0.001560079,#DIV/0!,#DIV/0!,-,0,#DIV/0!,#DIV/0!,#DIV/0!,#DIV/0!,#DIV/0!,#DIV/0!,#DIV/0!,#DIV/0!,,,,,,,,,,,,,,,,,,,,,,,,,,,,,,,,,,,1999.71,1680.9531,0.840598437,0.160754983,6,0.5,0: Broadleaf,2,1714666967,397.107,399.961,25.4868,24.9187,398.653,25.3014,599.981,101.257,0.0531479,29.3627,30.0744,999.9,0,0,10002.5,0,0.00191117,-2.85422,407.492,410.182,0.56805,399.961,24.9187,2.58071,2.52319,21.5447,21.1769,1999.71,0.980003,0.0199971,0,232.122,5.00018,5762.18,17108.9,37.187,37.375,37.312,36.687,38.312,1954.82,39.89,0,1714666968,0,232.8863846,-5.465777785,-695.9312833,6177.491923,15,1714666880,09:21:20,1714666875,1714666880,4,0.427,0.007,-1.548,0.043,400,19,0.18,0.16,-2.856616341,-0.108294564,0.033195911,0,0.543390366,0.234279199,0.02391161,1,1,2,1/2,3.25729,2.74636,0.0957326,0.0957124,0.120283,0.117395,21086.9,21666.7,24768.6,25361.3,33100.6,33461.4,41387.1,41037.3,2.27448,1.9563,0.132564,0,27.9135,999.9,63.4,29.3,25.6227,61.0102,18.4816,1,-0.0480412,-1.69045,20.3327,5.20531,11.9261,4.9934,3.282,1885.5,9999,9999,28.8,1.86554,1.85837,1.86768,1.86281,1.86505,1.86127,1.86356,1.86112,0,0,0,0,00000000,iiiiiiii,off,off,off,off,0,100,100,-1.546,0.1854,-1.293559029,-0.000660975,7.36055E-08,-1.58292E-11,-0.102324194,-0.010425798,0.001278883,-1.64968E-05,3,2172,1,25,1.5,1.4,1.03638,2.55005,1.54663,2.2522,1.4502,2.5061,33.4906,15.7869,18,621.903,460.689,30,26.8198,29.9995,26.8536,26.8339,20.8354,0,100,30,400,26.9444,100.348,100.35
4,1714667690,2174.9,20240502 09:34:49,09:34:49,none,f5.brohor.1,1714667690,0.000381789,0.381789279,2.787767316,397.065,209.1657303,21.192133,40.229603,0.024822723,2.951135281,0.024707311,0.015452394,321.5347403,30.9486591,29.9835,4.256413613,67.59624693,2.744901785,4.060731046,1.511511828,-16.83690722,-129.9541912,-9.750182123,164.9934598,0,0,1,0,53147.26593,-,-,0,0,#DIV/0!,0,-,-,0,0,#DIV/0!,0.5,1681.323306,2.787767316,#DIV/0!,0.001658079,#DIV/0!,#DIV/0!,-,0,#DIV/0!,#DIV/0!,#DIV/0!,#DIV/0!,#DIV/0!,#DIV/0!,#DIV/0!,#DIV/0!,,,,,,,,,,,,,,,,,,,,,,,,,,,,,,,,,,,2000.15,1681.323306,0.840598608,0.160755314,6,0.5,0: Broadleaf,2,1714667690,397.065,400.004,27.0921,26.7207,398.913,26.8759,600.074,101.261,0.0564241,29.1667,29.9835,999.9,0,0,9997.5,0,0.00191117,-2.93915,408.122,410.986,0.371368,400.004,26.7207,2.74338,2.70578,22.5473,22.3202,2000.15,0.979994,0.0200057,0,247.993,5.00018,5898.74,17112.6,38.125,38.812,38.562,37.5,39,1955.23,39.91,0,1714667691,0,247.92532,0.009923082,35.82692359,5901.5364,15,1714667592,09:33:11,1714667592,1714667590,6,-0.007,-0.003,-1.85,0.17,400,26,0.25,0.13,-2.934607561,0.213349547,0.049894547,0,0.361416707,0.278125296,0.032811651,1,1,2,1/2,3.25796,2.74959,0.0957511,0.095696,0.125391,0.123149,21072.3,21650.1,24753.2,25342.6,32886.3,33220.9,41360.1,41009.6,2.27325,1.94827,0.152051,0,27.5039,999.9,65.5,29.7,27.0868,61.4902,18.6659,1,-0.0220427,-1.74528,20.3314,5.20246,11.9261,4.9933,3.282,1902.1,9999,9999,29,1.86554,1.85852,1.86773,1.86295,1.86508,1.8613,1.86357,1.86123,0,0,0,0,00000000,iiiiiiii,off,off,off,off,0,100,100,-1.848,0.2162,-1.595478646,-0.000660975,7.36055E-08,-1.58292E-11,-0.107091905,-0.010425798,0.001278883,-1.64968E-05,3,2172,1,25,1.6,1.7,1.0376,2.55249,1.54663,2.25098,1.4502,2.45605,34.2814,15.6468,18,623.051,457.271,30.0007,27.1011,30.0004,27.0487,27.0175,20.8439,6.18668,100,30,400,26.6916,100.284,100.279
5,1714668461,2946,20240502 09:47:40,09:47:40,none,a7.brohor.1,1714668461,-0.000139471,-0.139470837,0.560695774,399.451,487.9887503,49.4492579,40.4774813,-0.009001155,2.962522225,-0.009016377,-0.005633866,321.4964248,31.68531545,30.5593,4.399250985,68.66488,2.8881363,4.20613318,1.511114684,6.150663922,-124.9773774,-9.395762095,193.2739493,0,0,1,0,53369.82698,-,-,0,0,#DIV/0!,0,-,-,0,0,#DIV/0!,0.5,1681.1217,0.560695774,#DIV/0!,0.000333525,#DIV/0!,#DIV/0!,-,0,#DIV/0!,#DIV/0!,#DIV/0!,#DIV/0!,#DIV/0!,#DIV/0!,#DIV/0!,#DIV/0!,,,,,,,,,,,,,,,,,,,,,,,,,,,,,,,,,,,1999.91,1681.1217,0.840598677,0.160755446,6,0.5,0: Broadleaf,2,1714668461,399.451,399.956,28.5015,28.637,401.2,28.3585,599.981,101.272,0.0607825,29.7768,30.5593,999.9,0,0,10061.2,0,0.00191117,-0.505035,411.17,411.747,-0.135529,399.956,28.637,2.88642,2.90014,23.3868,23.4654,1999.91,0.979994,0.0200061,0,97.507,5.00018,2634.91,17110.5,37.75,38.5,37.875,38.187,38.937,1955,39.91,0,1714668462,0,97.37813846,-0.090680345,-383.2629065,2660.793077,15,1714668364,09:46:03,1714668364,1714668363,7,0.101,-0.027,-1.749,0.14,400,25,0.45,0.17,-0.578385175,-0.131993977,0.052049579,0,-0.16276505,0.209576713,0.021955297,1,1,2,1/2,3.25838,2.75451,0.0958708,0.0954021,0.129753,0.128774,21008.3,21587.5,24687.9,25268,32633.5,32919.1,41243,40898.7,2.25553,1.9177,0.125818,0,28.5102,999.9,69,30.8,30.3899,60.8193,18.4976,1,0.0896392,-0.870068,20.3383,5.20396,11.9261,4.99285,3.282,1919.8,9999,9999,29.2,1.86557,1.85852,1.86783,1.86296,1.86508,1.86142,1.86369,1.86127,0,0,0,0,00000000,iiiiiiii,off,off,off,off,0,100,100,-1.749,0.143,-1.494699414,-0.000660975,7.36055E-08,-1.58292E-11,0.14300959,0,0,0,3,2172,1,25,1.6,1.6,1.03638,2.56348,1.54663,2.24731,1.4502,2.38403,34.9674,15.498,18,624.047,448.584,30.0013,28.5493,30.0008,28.375,28.3013,20.8187,11.5364,100,30,400,28.676,100.007,99.999
6,1714669013,3498,20240502 09:56:52,09:56:52,none,a8.brohor.1,1714669013,0.000787736,0.787735816,3.781686404,395.842,268.6186721,27.22285014,40.11615188,0.051271301,2.948891559,0.05078117,0.031781877,321.5453218,31.91286818,30.8594,4.475338104,68.56477377,2.960932833,4.31844615,1.514405271,-34.73914949,-99.17212433,-7.518348647,180.1156993,0,0,1,0,52895.70107,-,-,0,0,#DIV/0!,0,-,-,0,0,#DIV/0!,0.5,1681.3818,3.781686404,#DIV/0!,0.002249154,#DIV/0!,#DIV/0!,-,0,#DIV/0!,#DIV/0!,#DIV/0!,#DIV/0!,#DIV/0!,#DIV/0!,#DIV/0!,#DIV/0!,,,,,,,,,,,,,,,,,,,,,,,,,,,,,,,,,,,2000.22,1681.3818,0.840598434,0.160754978,6,0.5,0: Broadleaf,2,1714669013,395.842,399.937,29.2167,28.4517,397.794,29.013,599.781,101.284,0.059849,30.2356,30.8594,999.9,0,0,9982.5,0,0.00191117,-4.09497,407.755,411.649,0.765085,399.937,28.4517,2.9592,2.88171,23.8001,23.3598,2000.22,0.980004,0.0199962,0,156.044,5.00018,4561.57,17113.2,38.437,39.25,38.5,38.437,39.562,1955.32,39.9,0,1714669014,0,155.8877692,0.23603418,211.4687188,4457.665385,15,1714668956,09:55:56,1714668956,1714668948,9,0.078,-0.004,-1.955,0.204,400,29,0.36,0.11,-4.1368265,0.58113636,0.080062542,0,0.899237475,0.03348645,0.070181033,1,1,2,1/2,3.25806,2.75288,0.0951251,0.0952668,0.131654,0.12805,21016.3,21583.1,24679.1,25261.4,32550.2,32940,41226.2,40890.4,2.25178,1.91153,0.0935644,0,29.337,999.9,65.9,31.5,30.1985,61.3293,18.4655,1,0.111562,-0.82817,20.3383,5.19962,11.9261,4.9904,3.28125,1932.3,9999,9999,29.3,1.86567,1.85866,1.86783,1.8631,1.86516,1.86142,1.8637,1.86127,0,0,0,0,00000000,iiiiiiii,off,off,off,off,0,100,100,-1.952,0.2037,-1.699725542,-0.000660975,7.36055E-08,-1.58292E-11,0.203765,0,0,0,3,2172,1,25,0.9,1.1,1.0376,2.56104,1.54663,2.25098,1.4502,2.50854,35.7777,15.4016,18,627.076,449.146,29.9984,29.0034,29.999,28.9417,28.8852,20.8444,11.1791,100,30,400,28.7936,99.968,99.9764
7,1714669628,4113,20240502 10:07:07,10:07:07,none,f6.brohor.1,1714669628,0.000281455,0.281455479,1.218568407,398.661,282.8418089,28.66054327,40.39657674,0.018212154,2.958468007,0.018150098,0.011349369,321.5437258,31.98245645,30.9641,4.50215206,69.43319724,2.988889273,4.30469774,1.513262787,-12.41218664,-125.0615406,-9.452663099,174.6173354,0,0,1,0,53181.62067,-,-,0,0,#DIV/0!,0,-,-,0,0,#DIV/0!,0.5,1681.3734,1.218568407,#DIV/0!,0.000724746,#DIV/0!,#DIV/0!,-,0,#DIV/0!,#DIV/0!,#DIV/0!,#DIV/0!,#DIV/0!,#DIV/0!,#DIV/0!,#DIV/0!,,,,,,,,,,,,,,,,,,,,,,,,,,,,,,,,,,,2000.21,1681.3734,0.840598437,0.160754984,6,0.5,0: Broadleaf,2,1714669628,398.661,399.992,29.4964,29.2232,400.587,29.2846,599.898,101.272,0.0586462,30.18,30.9641,999.9,0,0,10038.1,0,0.00191117,-1.33105,410.777,412.033,0.273161,399.992,29.2232,2.98717,2.9595,23.9566,23.8018,2000.21,0.98,0.0200001,0,88.3221,5.00018,2699.53,17113.1,38.562,39.312,38.812,38.5,39.625,1955.31,39.9,0,1714669629,0,88.224144,0.525061537,75.8299997,2666.3148,15,1714669585,10:06:24,1714669582,1714669585,10,0.028,0.008,-1.927,0.212,400,30,0.33,0.12,-1.35321925,0.064042289,0.035677736,1,0.2552079,0.480176961,0.053764526,1,2,2,2/2,3.25844,2.75217,0.0955822,0.0952215,0.132426,0.130333,20990.8,21566.9,24662.5,25242,32498.5,32830.1,41196.7,40860.9,2.2473,1.9076,0.122659,0,28.9679,999.9,65.3,32,30.7892,60.7593,18.117,1,0.135503,-0.972007,20.3386,5.20291,11.9262,4.99165,3.282,1946.3,9999,9999,29.5,1.86565,1.85865,1.86783,1.86305,1.86512,1.86142,1.86371,1.86127,0,0,0,0,00000000,iiiiiiii,off,off,off,off,0,100,100,-1.926,0.2118,-1.672179838,-0.000660975,7.36055E-08,-1.58292E-11,0.21179,0,0,0,3,2172,1,25,0.8,0.7,1.04004,2.57446,1.54663,2.24365,1.4502,2.42798,35.5451,15.2966,18,625.807,448.317,29.9984,29.1936,30.0001,29.1343,29.096,20.8976,0,100,30,400,29.5175,99.8981,99.9025
8,1714670515,5000.4,20240502 10:21:55,10:21:55,none,f8.brohor.1,1714670515,0.001443848,1.443847963,7.320910395,392.098,257.1465254,26.06251232,39.7402179,0.093750276,2.94743502,0.092124631,0.057721604,321.5389378,32.41460656,31.5676,4.659454991,69.79603924,3.132033664,4.487408882,1.527421327,-63.67369515,-105.0342992,-8.021122358,144.8098211,0,0,1,0,52737.11833,-,-,0,0,#DIV/0!,0,-,-,0,0,#DIV/0!,0.5,1681.3482,7.320910395,#DIV/0!,0.004354191,#DIV/0!,#DIV/0!,-,0,#DIV/0!,#DIV/0!,#DIV/0!,#DIV/0!,#DIV/0!,#DIV/0!,#DIV/0!,#DIV/0!,,,,,,,,,,,,,,,,,,,,,,,,,,,,,,,,,,,2000.18,1681.3482,0.840598446,0.160755001,6,0.5,0: Broadleaf,2,1714670515,392.098,399.986,30.9023,29.5029,393.983,30.7127,599.927,101.289,0.0637687,30.9066,31.5676,999.9,0,0,9973.75,0,0.00191117,-7.88754,404.601,412.145,1.39941,399.986,29.5029,3.13005,2.9883,24.7364,23.9629,2000.18,0.98,0.0200004,0,239.342,5.00018,5987.65,17112.9,39.187,40.062,39.375,39.437,40.187,1955.28,39.9,0,1714670517,0,239.91464,-0.997615376,-565.9330751,6022.6016,15,1714670473,10:21:12,1714670473,1714670471,13,0.009,-0.008,-1.89,0.19,400,29,0.25,0.05,-7.845143,-0.069785966,0.019144302,1,1.40087775,-0.021641313,0.002421873,1,2,2,2/2,3.25851,2.75673,0.0941607,0.0950023,0.13654,0.130915,20991.1,21536.3,24628.3,25204.5,32299,32765,41135.6,40806.7,2.24172,1.8877,0.110779,0,29.7667,999.9,62.3,32.7,30.5516,61.1794,18.141,1,0.205724,-0.597042,20.3379,5.19947,11.9324,4.99005,3.28123,1966.5,9999,9999,29.8,1.8657,1.85867,1.86792,1.8631,1.86523,1.8615,1.86371,1.86139,0,0,0,0,00000000,iiiiiiii,off,off,off,off,0,100,100,-1.885,0.1896,-1.635077369,-0.000660975,7.36055E-08,-1.58292E-11,0.18956,0,0,0,3,2172,1,25,0.7,0.7,1.04126,2.57324,1.54663,2.23877,1.4502,2.53662,36.4814,15.1652,18,631.481,443.33,30.0035,30.1069,30.0009,30.1089,30.0708,20.9252,0,100,30,400,30.7901,99.7535,99.764
9,1714671112,5597.4,20240502 10:31:52,10:31:52,none,b1.brohor.1,1714671112,-5.59229E-05,-0.055922897,0.521237385,399.458,647.5630678,65.63672498,40.48889782,-0.003170978,2.952447738,-0.003172871,-0.001982874,321.5022298,33.03777467,32.307,4.858687106,69.08258547,3.142704669,4.549199552,1.715982437,2.466199745,-184.7195266,-14.15060832,125.0982946,0,0,1,0,52839.87558,-,-,0,0,#DIV/0!,0,-,-,0,0,#DIV/0!,0.5,1681.155,0.521237385,#DIV/0!,0.000310047,#DIV/0!,#DIV/0!,-,0,#DIV/0!,#DIV/0!,#DIV/0!,#DIV/0!,#DIV/0!,#DIV/0!,#DIV/0!,#DIV/0!,,,,,,,,,,,,,,,,,,,,,,,,,,,,,,,,,,,1999.95,1681.155,0.840598515,0.160755134,6,0.5,0: Broadleaf,2,1714671112,399.458,399.957,31.0055,31.0597,401.28,30.7799,599.878,101.299,0.0605868,31.1465,32.307,999.9,0,0,10001.2,0,0.00191117,-0.498596,412.24,412.777,-0.0541401,399.957,31.0597,3.14084,3.14632,24.794,24.8232,1999.95,0.98,0.0199997,0,119.696,5.00018,3234.77,17110.9,40,40.875,40.25,39.875,40.937,1955.05,39.9,0,1714671114,0,120.2785,-3.861982915,-89.06324794,3246.197692,15,1714671082,10:31:21,1714671079,1714671082,14,0.067,0.036,-1.822,0.226,400,31,0.38,0.15,-0.562465675,0.122132274,0.039810108,0,-0.051192715,0.007595793,0.002703655,1,1,2,1/2,3.25892,2.7538,0.0953883,0.0948965,0.136603,0.135428,20931.9,21506.4,24594.9,25169.2,32253,32551.4,41077.1,40752,2.22837,1.88197,0.1074,0,30.5633,999.9,62,33.3,31.4464,60.8793,17.8486,1,0.254057,-0.276569,20.3387,5.20321,11.9321,4.99085,3.282,1980.1,9999,9999,29.9,1.86581,1.85883,1.86798,1.86324,1.86524,1.86157,1.86375,1.86142,0,0,0,0,00000000,iiiiiiii,off,off,off,off,0,100,100,-1.822,0.2256,-1.567685484,-0.000660975,7.36055E-08,-1.58292E-11,0.225595,0,0,0,3,2172,1,25,0.6,0.5,1.04248,2.58423,1.54663,2.23877,1.4502,2.40479,37.4578,15.0777,18,626.842,443.507,30.0014,30.6652,30.001,30.6167,30.5889,20.9565,0,100,30,400,31.7,99.6141,99.6279
10,1714671592,6077.5,20240502 10:39:52,10:39:52,none,b2.brohor.1,1714671592,0.000382357,0.382356929,2.559212249,397.251,204.6982074,20.75110711,40.2709831,0.022302004,2.938041459,0.022208381,0.013888617,321.5080348,33.38241016,32.4385,4.894885813,68.98102938,3.219399757,4.6670799,1.675486056,-16.86194059,-133.3850115,-10.2975807,160.963502,0,0,1,0,52348.79893,-,-,0,0,#DIV/0!,0,-,-,0,0,#DIV/0!,0.5,1681.1883,2.559212249,#DIV/0!,0.001522264,#DIV/0!,#DIV/0!,-,0,#DIV/0!,#DIV/0!,#DIV/0!,#DIV/0!,#DIV/0!,#DIV/0!,#DIV/0!,#DIV/0!,,,,,,,,,,,,,,,,,,,,,,,,,,,,,,,,,,,1999.99,1681.1883,0.840598353,0.160754821,6,0.5,0: Broadleaf,2,1714671592,397.251,399.962,31.7576,31.3874,399.034,31.5457,600.023,101.308,0.0661516,31.5964,32.4385,999.9,0,0,9918.75,0,0.00191117,-2.71057,410.281,412.922,0.370237,399.962,31.3874,3.2173,3.17979,25.1974,25.0006,1999.99,0.980006,0.0199939,0,148.972,5.00018,4164.93,17111.2,40.5,41.5,40.875,40.125,41.375,1955.1,39.89,0,1714671594,0,148.9977308,-0.269094009,-18.0126495,4160.711923,15,1714671556,10:39:16,1714671556,1714671551,15,0.038,-0.014,-1.785,0.212,400,31,0.76,0.16,-2.69853525,-0.242647992,0.044987682,0,0.36544655,0.025617771,0.00343559,1,1,2,1/2,3.25913,2.75865,0.094804,0.0947209,0.138683,0.136169,20912.9,21475.7,24560.5,25132.3,32129.7,32480.1,41015.1,40697.2,2.22145,1.8636,0.0735559,0,31.245,999.9,60.4,34.2,32.2121,60.9039,17.8285,1,0.317769,-0.114592,20.3389,5.20456,11.9321,4.99125,3.282,1990.8,9999,9999,30.1,1.86584,1.85883,1.86798,1.86325,1.86528,1.8616,1.86378,1.86142,0,0,0,0,00000000,iiiiiiii,off,off,off,off,0,100,100,-1.783,0.2119,-1.529812423,-0.000660975,7.36055E-08,-1.58292E-11,0.211885,0,0,0,3,2172,1,25,0.6,0.7,1.04248,2.58301,1.54541,2.23511,1.4502,2.52197,38.0863,15.0076,18,629.428,437.862,30.0006,31.4746,30.0005,31.4003,31.3706,20.9556,0,100,30,400,31.7,99.4678,99.4893
11,1714671855,6340.5,20240502 10:44:15,10:44:15,none,b2.brohor.1,1714671855,0.000628836,0.62883596,3.672222373,396.011,230.0202451,23.31721401,40.1437414,0.037519498,2.95299254,0.037256663,0.023308876,321.5331328,33.32071969,32.3925,4.882196545,69.37795945,3.23976337,4.669729977,1.642433175,-27.73166582,-125.148483,-9.61108321,159.0419008,0,0,1,0,52775.85632,-,-,0,0,#DIV/0!,0,-,-,0,0,#DIV/0!,0.5,1681.3149,3.672222373,#DIV/0!,0.002184137,#DIV/0!,#DIV/0!,-,0,#DIV/0!,#DIV/0!,#DIV/0!,#DIV/0!,#DIV/0!,#DIV/0!,#DIV/0!,#DIV/0!,,,,,,,,,,,,,,,,,,,,,,,,,,,,,,,,,,,2000.14,1681.3149,0.840598608,0.160755314,6,0.5,0: Broadleaf,2,1714671855,396.011,399.932,31.9597,31.351,397.793,31.7478,600.038,101.304,0.0662685,31.6064,32.3925,999.9,0,0,10003.8,0,0.00191117,-3.92126,409.085,412.876,0.608707,399.932,31.351,3.23764,3.17597,25.3033,24.9804,2000.14,0.979995,0.0200055,0,147.061,5.00018,4097.41,17112.5,40.812,41.875,41.25,40.312,41.687,1955.23,39.91,0,1714671857,0,147.0437692,-0.916512817,-74.21538446,4091.185385,15,1714671556,10:39:16,1714671556,1714671551,15,0.038,-0.014,-1.785,0.212,400,31,0.76,0.16,-3.920106585,-0.365021394,0.0497137,0,0.58959122,0.107479589,0.011046789,1,1,2,1/2,3.25913,2.75951,0.094511,0.0946457,0.1392,0.135973,20912.7,21469.5,24553.2,25124,32100.9,32477.8,41001.8,40685,2.22,1.85858,0.0756383,0,31.1651,999.9,59.2,34.6,32.2835,61.2439,17.8045,1,0.333778,-0.0571623,20.3388,5.20456,11.9321,4.99115,3.282,1996.8,9999,9999,30.1,1.86584,1.85886,1.86804,1.86325,1.86539,1.86168,1.86385,1.86148,0,0,0,0,00000000,iiiiiiii,off,off,off,off,0,100,100,-1.782,0.2119,-1.529812423,-0.000660975,7.36055E-08,-1.58292E-11,0.211885,0,0,0,3,2172,1,25,5,5.1,1.0437,2.58545,1.54541,2.23267,1.4502,2.49512,38.379,14.9726,18,630.942,436.708,30.0008,31.6976,30.0002,31.6667,31.6454,20.971,0,100,30,400,31.7,99.4368,99.4584
12,1714672414,6899,20240502 10:53:33,10:53:33,none,g2.brohor.1,1714672414,0.000392718,0.392718451,2.246327385,397.58,239.8563323,24.30988397,40.29547011,0.024150896,2.948926318,0.02404155,0.015035752,321.4974418,33.35557766,32.2851,4.852681265,69.99503818,3.263387806,4.66231306,1.589293459,-17.31888369,-112.3529438,-8.634561044,183.1910532,0,0,1,0,52663.53879,-,-,0,0,#DIV/0!,0,-,-,0,0,#DIV/0!,0.5,1681.1298,2.246327385,#DIV/0!,0.001336201,#DIV/0!,#DIV/0!,-,0,#DIV/0!,#DIV/0!,#DIV/0!,#DIV/0!,#DIV/0!,#DIV/0!,#DIV/0!,#DIV/0!,,,,,,,,,,,,,,,,,,,,,,,,,,,,,,,,,,,1999.92,1681.1298,0.840598524,0.160755151,6,0.5,0: Broadleaf,2,1714672414,397.58,399.982,32.1986,31.8186,399.351,31.9799,600.116,101.286,0.065854,31.5784,32.2851,999.9,0,0,9982.5,0,0.00191117,-2.4021,410.807,413.127,0.379921,399.982,31.8186,3.26127,3.22278,25.4256,25.2261,1999.92,0.979998,0.0200022,0,106.966,5.00018,3016.64,17110.6,41.062,41.75,41.25,41,42,1955.02,39.9,0,1714672416,0,106.90876,-1.70576924,401.5923077,3002.8792,15,1714672362,10:52:41,1714672359,1714672362,16,0.012,0.007,-1.773,0.219,400,32,0.4,0.11,-2.3946435,0.090742514,0.027210993,1,0.375413625,0.035860176,0.004083183,1,2,2,2/2,3.25938,2.7589,0.0948009,0.0946614,0.139893,0.137343,20914.2,21477.4,24562.4,25133.2,32087.2,32438,41017.9,40699.7,2.22095,1.85397,0.0786595,0,31.0084,999.9,58,35.2,32.7046,60.8239,17.8566,1,0.321092,0.11707,20.3386,5.20336,11.9321,4.99055,3.282,2009.6,9999,9999,30.3,1.86586,1.85897,1.86812,1.86329,1.86539,1.86172,1.86386,1.86157,0,0,0,0,00000000,iiiiiiii,off,off,off,off,0,100,100,-1.771,0.2187,-1.517943194,-0.000660975,7.36055E-08,-1.58292E-11,0.218645,0,0,0,3,2172,1,25,0.9,0.9,1.04492,2.60132,1.54663,2.22778,1.4502,2.53174,39.3169,14.885,18,630.863,433.456,29.9999,31.5933,30.0005,31.5868,31.567,20.9939,0,100,30,400,33.0212,99.4751,99.4944
13,1714672757,7242.5,20240502 10:59:17,10:59:17,none,g2.brohor.1,1714672757,0.000549574,0.549574209,2.448653068,397.302,262.5568477,26.61018916,40.26663736,0.031387049,2.94920567,0.031202649,0.019518133,321.5086138,33.95469475,32.9091,5.026360605,68.56350819,3.314729252,4.834538576,1.711631353,-24.23622263,-109.7560268,-8.486750314,179.0296141,0,0,1,0,52560.98172,-,-,0,0,#DIV/0!,0,-,-,0,0,#DIV/0!,0.5,1681.1886,2.448653068,#DIV/0!,0.001456501,#DIV/0!,#DIV/0!,-,0,#DIV/0!,#DIV/0!,#DIV/0!,#DIV/0!,#DIV/0!,#DIV/0!,#DIV/0!,#DIV/0!,,,,,,,,,,,,,,,,,,,,,,,,,,,,,,,,,,,1999.99,1681.1886,0.840598503,0.160755111,6,0.5,0: Broadleaf,2,1714672757,397.302,399.969,32.7057,32.1741,399.073,32.4871,600,101.283,0.0672005,32.2188,32.9091,999.9,0,0,9984.38,0,0.00191117,-2.66608,410.736,413.265,0.531628,399.969,32.1741,3.31253,3.25868,25.6883,25.4123,1999.99,0.979998,0.0200022,0,103.104,5.00018,2929.92,17111.2,41.25,42.375,41.437,41.937,42.312,1955.09,39.9,0,1714672759,0,103.3265769,-0.875726496,35.06051316,2910.706923,15,1714672362,10:52:41,1714672359,1714672362,16,0.012,0.007,-1.773,0.219,400,32,0.4,0.11,-2.62666122,-0.178117422,0.03256526,0,0.521038976,0.060330564,0.006071646,1,1,2,1/2,3.25932,2.76026,0.0946088,0.0945246,0.141207,0.138201,20888.1,21446.8,24530.1,25097.2,31995.8,32362.5,40959.8,40645.1,2.21203,1.8414,0.0592172,0,31.9493,999.9,57.6,35.5,33.0239,60.834,17.9207,1,0.381908,0.577554,20.338,5.20112,11.9321,4.99095,3.282,2017.3,9999,9999,30.4,1.86584,1.85885,1.868,1.86325,1.86535,1.86161,1.86376,1.86152,0,0,0,0,00000000,iiiiiiii,off,off,off,off,0,100,100,-1.771,0.2186,-1.517943194,-0.000660975,7.36055E-08,-1.58292E-11,0.218645,0,0,0,3,2172,1,25,6.6,6.6,1.04614,2.60376,1.54663,2.22778,1.4502,2.49756,38.8704,14.8325,18,630.105,429.729,30.0015,32.3406,30.001,32.186,32.1321,21.0242,0,100,30,400,33.0212,99.3379,99.3575
14,1714673904,8388.9,20240502 11:18:23,11:18:23,none,g1.brohor.1,1714673904,0.000453481,0.453481148,2.251447254,397.612,258.6994034,26.21547466,40.29227425,0.027770059,2.94925723,0.027625607,0.01727892,321.5016508,34.75850341,33.6463,5.238495349,72.2116118,3.647982406,5.05179474,1.590512943,-19.99851862,-102.9368303,-8.018755099,190.5475467,0,0,1,0,52428.12282,-,-,0,0,#DIV/0!,0,-,-,0,0,#DIV/0!,0.5,1681.1547,2.251447254,#DIV/0!,0.001339227,#DIV/0!,#DIV/0!,-,0,#DIV/0!,#DIV/0!,#DIV/0!,#DIV/0!,#DIV/0!,#DIV/0!,#DIV/0!,#DIV/0!,,,,,,,,,,,,,,,,,,,,,,,,,,,,,,,,,,,1999.95,1681.1547,0.840598365,0.160754844,6,0.5,0: Broadleaf,2,1714673904,397.612,400.044,35.999,35.5618,399.354,35.7941,599.94,101.267,0.0686595,32.9989,33.6463,999.9,0,0,9986.25,0,0.00191117,-2.43231,412.46,414.795,0.437176,400.044,35.5618,3.64551,3.60124,27.3131,27.1047,1999.95,0.980003,0.0199971,0,126.175,5.00018,3767.01,17110.9,43.125,44.25,43.25,43.875,44.187,1955.06,39.89,0,1714673905,0,126.4815385,0.017162386,3.430767959,3755.299615,15,1714673249,11:07:28,1714673249,1714673249,17,0.029,-0.014,-1.744,0.205,400,33,0.3,0.26,-2.411054,-0.376391144,0.045752658,0,0.416515675,0.06424263,0.007256534,1,1,2,1/2,3.26025,2.76174,0.0942471,0.094129,0.150165,0.14722,20824.7,21373,24454.1,25008.4,31563.6,31919.1,40822.4,40511.4,2.19158,1.8104,0.0928268,0,32.1427,999.9,59.2,36.6,36.0621,60.894,17.5841,1,0.532934,1.57129,20.3283,5.19887,11.9375,4.98895,3.28125,2043.3,9999,9999,30.7,1.8659,1.85898,1.86813,1.86339,1.86539,1.86172,1.86385,1.86157,0,0,0,0,00000000,iiiiiiii,off,off,off,off,0,100,100,-1.742,0.2049,-1.489059781,-0.000660975,7.36055E-08,-1.58292E-11,0.20491,0,0,0,3,2172,1,25,10.9,10.9,1.04858,2.6062,1.54663,2.22412,1.4502,2.51465,39.9942,14.6311,18,632.027,422.795,30.0014,34.1749,30.0005,33.9852,33.9242,21.0634,0,100,30,400,36.1488,99.0142,99.0212
15,1714674949,9434,20240502 11:35:48,11:35:48,none,b3.brohor.1,1714674949,-0.000354682,-0.354682207,-0.135059672,400.224,381.0181523,38.6059826,40.55198076,-0.022710172,2.953865547,-0.022807623,-0.014245975,321.5223988,35.3295661,34.2159,5.407693555,75.71537191,3.904419006,5.156705841,1.503274549,15.64148534,-135.4729536,-10.58521913,191.1057114,0,0,1,0,52496.73237,-,-,0,0,#DIV/0!,0,-,-,0,0,#DIV/0!,0.5,1681.2639,-0.135059672,#DIV/0!,-8.03322E-05,#DIV/0!,#DIV/0!,-,0,#DIV/0!,#DIV/0!,#DIV/0!,#DIV/0!,#DIV/0!,#DIV/0!,#DIV/0!,#DIV/0!,,,,,,,,,,,,,,,,,,,,,,,,,,,,,,,,,,,2000.08,1681.2639,0.840598326,0.160754769,6,0.5,0: Broadleaf,2,1714674949,400.224,399.947,38.5343,38.8753,402.014,38.3261,600.026,101.253,0.0702109,33.3652,34.2159,999.9,0,0,10013.8,0,0.00191117,0.276337,416.264,416.124,-0.340927,399.947,38.8753,3.90173,3.93625,28.4774,28.6291,2000.08,0.980006,0.0199936,0,9.7405,5.00018,927.275,17112,43.562,44.5,43.812,43.562,44.437,1955.19,39.89,0,1714674951,0,10.03113846,-1.005668379,-12.89777781,928.5400769,15,1714674778,11:32:58,1714674776,1714674778,18,-0.047,0.003,-1.791,0.208,400,34,0.51,0.17,0.260582171,0.066830195,0.016594054,1,-0.325193268,-0.058346132,0.006250683,1,2,2,2/2,3.26147,2.76353,0.0947928,0.0941732,0.157271,0.156263,20823.7,21384,24466.1,25020.8,31317.1,31594.3,40846.8,40529,2.19482,1.81208,0.0393391,0,33.5798,999.9,60,37.9,39.2331,60.9821,17.8526,1,0.501811,1.45594,20.3303,5.20351,11.934,4.99005,3.28193,2066.5,9999,9999,31,1.866,1.85913,1.86819,1.8635,1.86545,1.86188,1.86386,1.86172,0,0,0,0,00000000,iiiiiiii,off,off,off,off,0,100,100,-1.79,0.2082,-1.535802702,-0.000660975,7.36055E-08,-1.58292E-11,0.208245,0,0,0,3,2172,1,25,2.9,2.8,1.05103,2.61597,1.54663,2.21802,1.4502,2.48535,41.6912,14.456,18,632.384,422.602,30,33.8823,30.0004,33.766,33.7334,21.1041,3.01851,100,30,400,38.5365,99.0694,99.0665
16,1714675720,10205.5,20240502 11:48:40,11:48:40,none,b4.brohor.1,1714675720,-3.39837E-05,-0.033983687,0.804605294,399.184,974.5499226,98.74146871,40.44535178,-0.002171806,2.952351621,-0.002172694,-0.001357854,321.4926538,34.59366086,33.9748,5.33550419,76.90235646,3.822350391,4.970394364,1.513153799,1.498680578,-201.2987333,-15.66778359,106.0248175,0,0,1,0,52565.93182,-,-,0,0,#DIV/0!,0,-,-,0,0,#DIV/0!,0.5,1681.1046,0.804605294,#DIV/0!,0.000478617,#DIV/0!,#DIV/0!,-,0,#DIV/0!,#DIV/0!,#DIV/0!,#DIV/0!,#DIV/0!,#DIV/0!,#DIV/0!,#DIV/0!,,,,,,,,,,,,,,,,,,,,,,,,,,,,,,,,,,,1999.89,1681.1046,0.840598533,0.160755168,6,0.5,0: Broadleaf,2,1714675720,399.184,399.975,37.7255,37.7582,400.973,37.5322,600.03,101.255,0.0650724,32.7101,33.9748,999.9,0,0,10005,0,0.00191117,-0.790833,414.834,415.67,-0.032692,399.975,37.7582,3.81989,3.8232,28.1129,28.1278,1999.89,0.980001,0.0199988,0,130.918,5.00018,3223.6,17110.4,43.375,43.75,43.625,43,44.187,1954.99,39.9,0,1714675722,0,130.9426154,-1.243623925,-14.94256411,3225.460385,15,1714675328,11:42:07,1714675326,1714675328,19,0.001,-0.015,-1.79,0.193,400,34,0.47,0.1,-0.804747049,-0.165593289,0.038744416,0,-0.031164961,-0.00714599,0.001707858,1,1,2,1/2,3.26111,2.75831,0.0946178,0.0941864,0.155112,0.153293,20826.4,21385.1,24463.8,25021.8,31393.4,31706.4,40842.8,40530.2,2.1961,1.8063,0.0953265,0,32.4316,999.9,58.4,39.1,40.7427,60.9422,17.8926,1,0.495274,1.0463,20.3323,5.20112,11.9321,4.99125,3.282,2083.9,9999,9999,31.2,1.86612,1.85925,1.86829,1.86361,1.86554,1.86191,1.86394,1.86178,0,0,0,0,00000000,iiiiiiii,off,off,off,off,0,100,100,-1.789,0.1933,-1.534962301,-0.000660975,7.36055E-08,-1.58292E-11,0.19326,0,0,0,3,2172,1,25,6.6,6.5,1.04858,2.61963,1.54663,2.21436,1.4502,2.57568,43.182,14.3334,18,632.545,418.788,30.0007,33.7192,30.0007,33.6824,33.6633,21.0665,13.4421,100,30,400,37.7475,99.0599,99.0699
17,1714677124,11608.9,20240502 12:12:03,12:12:03,none,g3.brohor.1,1714677124,0.000399096,0.399095944,1.757977327,398.097,281.8608619,28.56176692,40.34030709,0.026176579,2.945131448,0.026048009,0.016291504,321.4824988,35.40140458,34.4305,5.472661237,76.3013335,3.992595703,5.232668316,1.480065534,-17.60013115,-127.6733308,-10.02866948,166.1803674,0,0,1,0,52203.04869,-,-,0,0,#DIV/0!,0,-,-,0,0,#DIV/0!,0.5,1681.0539,1.757977327,#DIV/0!,0.001045759,#DIV/0!,#DIV/0!,-,0,#DIV/0!,#DIV/0!,#DIV/0!,#DIV/0!,#DIV/0!,#DIV/0!,#DIV/0!,#DIV/0!,,,,,,,,,,,,,,,,,,,,,,,,,,,,,,,,,,,1999.83,1681.0539,0.840598401,0.160754914,6,0.5,0: Broadleaf,2,1714677124,398.097,400.014,39.4008,39.0174,399.955,39.1742,599.955,101.258,0.0748588,33.6264,34.4305,999.9,0,0,9963.75,0,0.00191117,-1.91647,414.426,416.255,0.383408,400.014,39.0174,3.98964,3.95082,28.8615,28.6927,1999.83,0.980002,0.0199975,0,192.714,5.00018,4695.35,17109.9,44.875,46,45.187,45.25,45.687,1954.94,39.89,0,1714677126,0,192.87556,-1.47284616,-45.97153854,4700.7328,15,1714677074,12:11:14,1714677072,1714677074,20,-0.069,0.033,-1.859,0.227,400,39,0.42,0.24,-1.875577805,-0.283947805,0.03552523,0,0.306488927,0.50734478,0.050624575,0,0,2,0/2,3.26137,2.76774,0.094192,0.0939621,0.159248,0.156321,20764.9,21324.4,24386.1,24950.7,31144.5,31508.8,40709.6,40421.8,2.1805,1.77225,0.0640377,0,33.3949,999.9,52.5,41.4,41.4098,61.1323,18.4295,1,0.621949,1.83127,20.3233,5.19932,11.9381,4.9898,3.282,2114.9,9999,9999,31.6,1.86628,1.85944,1.86844,1.86385,1.86569,1.86203,1.86401,1.86191,0,0,0,0,00000000,iiiiiiii,off,off,off,off,0,100,100,-1.858,0.2266,-1.603771527,-0.000660975,7.36055E-08,-1.58292E-11,0.226595,0,0,0,3,2172,1,25,0.9,0.8,1.05347,2.64404,1.54663,2.20581,1.4502,2.6001,45.8632,14.1233,18,631.067,405.277,30.0025,35.0238,30.0021,34.7693,34.701,21.1701,9.46072,100,30,400,38.9108,98.7398,98.7987
18,1714677784,12269.4,20240502 12:23:04,12:23:04,none,g5.brohor.1,1714677784,0.000509224,0.509224295,2.453035377,397.377,250.8710419,25.42018608,40.26529808,0.02872448,2.954199614,0.028570216,0.017870176,321.5405338,37.00577069,35.8054,5.905226702,73.08319139,4.189160769,5.732044112,1.716065933,-22.45679142,-85.94037044,-6.829434901,206.313937,0,0,1,0,52182.57285,-,-,0,0,#DIV/0!,0,-,-,0,0,#DIV/0!,0.5,1681.3566,2.453035377,#DIV/0!,0.001458962,#DIV/0!,#DIV/0!,-,0,#DIV/0!,#DIV/0!,#DIV/0!,#DIV/0!,#DIV/0!,#DIV/0!,#DIV/0!,#DIV/0!,,,,,,,,,,,,,,,,,,,,,,,,,,,,,,,,,,,2000.19,1681.3566,0.840598443,0.160754995,6,0.5,0: Broadleaf,2,1714677784,397.377,400.032,41.3427,40.8546,399.249,41.1511,600.088,101.254,0.0737016,35.2658,35.8054,999.9,0,0,10015.6,0,0.00191117,-2.65509,414.514,417.071,0.488117,400.032,40.8546,4.18614,4.13671,29.694,29.4878,2000.19,0.980002,0.0199983,0,121.839,5.00018,3686.37,17112.9,46.062,47.25,46.375,46.25,46.937,1955.29,39.9,0,1714677786,0,121.9462308,-1.113846166,-64.33743591,3693.841923,15,1714677697,12:21:37,1714677696,1714677697,21,-0.015,-0.035,-1.873,0.192,400,41,0.49,0.23,-2.597490976,-0.059051916,0.057242588,1,0.487191854,0.005946732,0.003183551,1,2,2,2/2,3.26201,2.76703,0.0936408,0.0935434,0.163894,0.160508,20714.1,21260.3,24319.8,24872.7,30890,31262.6,40588.2,40305.4,2.16213,1.74282,0.0200793,0,35.4817,999.9,52,41.8,41.8911,60.9122,17.6803,1,0.756476,1.51705,20.3246,5.19662,11.9439,4.98795,3.2814,2129.3,9999,9999,31.8,1.86626,1.85943,1.86844,1.86377,1.86567,1.86203,1.86401,1.86188,0,0,0,0,00000000,iiiiiiii,off,off,off,off,0,100,100,-1.872,0.1916,-1.618531133,-0.000660975,7.36055E-08,-1.58292E-11,0.191675,0,0,0,3,2172,1,25,1.5,1.4,1.05835,2.64526,1.54663,2.19971,1.4502,2.4646,45.6618,14.0182,18,634.193,398.911,31.9996,36.8271,30.0012,36.63,36.5574,21.2599,0,100,32,400,41.9067,98.4553,98.5048
19,1714678683,13168.5,20240502 12:38:03,12:38:03,none,b5.brohor.1,1714678683,-5.47025E-05,-0.054702527,0.074869227,399.917,430.6327011,43.6257538,40.51406347,-0.002715474,2.950630911,-0.002716863,-0.001697915,321.5022298,37.85149344,36.7271,6.211568766,71.79761705,4.277420434,5.9576078,1.934148333,2.412381443,-121.0874437,-9.710278997,193.1168886,0,0,1,0,51962.8048,-,-,0,0,#DIV/0!,0,-,-,0,0,#DIV/0!,0.5,1681.155,0.074869227,#DIV/0!,4.45344E-05,#DIV/0!,#DIV/0!,-,0,#DIV/0!,#DIV/0!,#DIV/0!,#DIV/0!,#DIV/0!,#DIV/0!,#DIV/0!,#DIV/0!,,,,,,,,,,,,,,,,,,,,,,,,,,,,,,,,,,,1999.95,1681.155,0.840598515,0.160755134,6,0.5,0: Broadleaf,2,1714678683,399.917,399.97,42.2227,42.2751,401.813,42.0146,599.918,101.232,0.0741797,35.9659,36.7271,999.9,0,0,9997.5,0,0.00191117,-0.0531921,417.547,417.626,-0.0524673,399.97,42.2751,4.27429,4.27961,30.0565,30.0781,1999.95,0.980002,0.0199983,0,27.3465,5.00018,1446.04,17110.9,47.562,48.562,47.875,47.625,48.312,1955.05,39.9,0,1714678686,0,27.433944,-0.166630757,-18.08230771,1442.8032,15,1714678556,12:35:55,1714678551,1714678556,22,-0.023,0.016,-1.896,0.208,400,42,0.42,0.19,-0.096535332,0.169010398,0.030170977,0,-0.072712322,0.093112988,0.009244766,1,1,2,1/2,3.26227,2.76736,0.0940116,0.0934442,0.166011,0.16401,20673.5,21231.8,24284.1,24838.6,30768,31091.8,40526.8,40253.2,2.15422,1.73625,0.034228,0,36.1759,999.9,51.7,42.5,43.2236,61.0177,17.488,1,0.801987,2.20357,20.3197,5.19782,11.9384,4.9892,3.282,2149.1,9999,9999,32,1.8663,1.85945,1.86849,1.86386,1.86569,1.86216,1.86402,1.86202,0,0,0,0,00000000,iiiiiiii,off,off,off,off,0,100,100,-1.896,0.2081,-1.641032002,-0.000660975,7.36055E-08,-1.58292E-11,0.20809,0,0,0,3,2172,1,25,2.2,2.1,1.05835,2.64893,1.54663,2.19849,1.4502,2.58789,47.0337,13.8694,18,631.35,397.038,32.0008,37.2684,30.002,36.9762,36.9024,21.2681,0,100,32,400,43.2227,98.308,98.3744
20,1714679505,13990,20240502 12:51:44,12:51:44,none,g6.brohor.1,1714679505,0.000891547,0.891546861,4.653090767,395.017,259.2709379,26.26128861,40.01086866,0.058835266,2.948259466,0.058190694,0.036426507,321.4958458,37.12643176,35.8693,5.926033097,76.77584755,4.45368654,5.80089531,1.472346557,-39.31721655,-61.56000437,-4.908529813,215.7100951,0,0,1,0,51976.76945,-,-,0,0,#DIV/0!,0,-,-,0,0,#DIV/0!,0.5,1681.1214,4.653090767,#DIV/0!,0.002767849,#DIV/0!,#DIV/0!,-,0,#DIV/0!,#DIV/0!,#DIV/0!,#DIV/0!,#DIV/0!,#DIV/0!,#DIV/0!,#DIV/0!,,,,,,,,,,,,,,,,,,,,,,,,,,,,,,,,,,,1999.91,1681.1214,0.840598527,0.160755157,6,0.5,0: Broadleaf,2,1714679505,395.017,400.022,43.9701,43.1178,396.772,43.795,600.032,101.216,0.0729791,35.482,35.8693,999.9,0,0,9985.62,0,0.00191117,-5.0047,413.185,418.047,0.852276,400.022,43.1178,4.45049,4.36422,30.7619,30.4196,1999.91,0.980001,0.0199988,0,224.688,5.00018,5996.35,17110.5,46.687,47.687,47.125,46.562,47.5,1955.01,39.9,0,1714679507,0,225.2029615,-2.830188046,-76.68649562,6005.161538,15,1714679461,12:51:00,1714679461,1714679458,23,0.138,-0.033,-1.758,0.175,400,43,0.64,0.3,-4.99121025,0.230527992,0.04235354,0,0.86393355,-0.034990582,0.004628182,1,1,2,1/2,3.26267,2.76605,0.0929774,0.0933148,0.17042,0.165927,20702.8,21238,24291.6,24843.3,30615.6,31026.7,40537.5,40261.3,2.15377,1.73193,0.0647828,0,34.8241,999.9,51.2,43,43.9452,61.0277,17.1354,1,0.802955,1.29906,20.3262,5.20007,11.9381,4.98925,3.282,2166.9,9999,9999,32.3,1.8663,1.85944,1.86844,1.86386,1.86569,1.86206,1.86401,1.86191,0,0,0,0,00000000,iiiiiiii,off,off,off,off,0,100,100,-1.755,0.1751,-1.502835538,-0.000660975,7.36055E-08,-1.58292E-11,0.175066667,0,0,0,3,2172,1,25,0.7,0.8,1.06079,2.65137,1.54663,2.19482,1.4502,2.57812,46.6496,13.6942,18,635.622,397.636,31.9985,37.481,29.9993,37.4982,37.4686,21.3163,0,100,32,400,43.9311,98.3355,98.3937
21,1714679970,14455.5,20240502 12:59:30,12:59:30,none,g7.brohor.1,1714679970,0.000685065,0.685064667,3.797990868,395.933,234.9044755,23.79289923,40.10308425,0.040142277,2.951215626,0.039841391,0.024927715,321.5006222,37.82436258,37.0111,6.308699644,77.54366199,4.661394936,6.011316486,1.647304708,-30.2113518,-140.3155257,-11.27441736,139.6993274,0,0,1,0,51951.54156,-,-,0,0,#DIV/0!,0,-,-,0,0,#DIV/0!,0.5,1681.146594,3.797990868,#DIV/0!,0.002259167,#DIV/0!,#DIV/0!,-,0,#DIV/0!,#DIV/0!,#DIV/0!,#DIV/0!,#DIV/0!,#DIV/0!,#DIV/0!,#DIV/0!,,,,,,,,,,,,,,,,,,,,,,,,,,,,,,,,,,,1999.94,1681.146594,0.840598515,0.160755134,6,0.5,0: Broadleaf,2,1714679970,395.933,400.002,46.0214,45.3679,397.762,45.8077,600.034,101.215,0.0725518,36.1292,37.0111,999.9,0,0,10002.5,0,0.00191117,-4.06812,415.034,419.011,0.653545,400.002,45.3679,4.65808,4.59193,31.5624,31.3107,1999.94,0.980002,0.0199983,0,111.022,5.00018,3242.33,17110.8,46.062,47.312,46.375,46.25,47.062,1955.05,39.9,0,1714679973,0,111.0457308,-0.924683765,-1467.426667,3458.379615,15,1714679934,12:58:53,1714679930,1714679934,25,-0.051,0.007,-1.831,0.214,400,45,0.22,0.26,-4.079498293,0.118908084,0.039321384,0,0.649385659,0.019865895,0.004073321,1,1,2,1/2,3.26345,2.76577,0.0932547,0.0934106,0.175674,0.171677,20707.2,21247.3,24302.8,24855.3,30437,30825.9,40558.2,40278.6,2.15705,1.73585,0.00999123,0,36.8503,999.9,52.2,43.5,45.9893,60.8077,17.3357,1,0.776822,1.13151,20.3275,5.20172,11.9381,4.9891,3.282,2176.9,9999,9999,32.4,1.86627,1.85944,1.86844,1.86385,1.86569,1.86203,1.86401,1.86188,0,0,0,0,00000000,iiiiiiii,off,off,off,off,0,100,100,-1.829,0.2137,-1.576122663,-0.000660975,7.36055E-08,-1.58292E-11,0.21379,0,0,0,3,2172,1,25,0.7,0.6,1.06323,2.64771,1.54663,2.19482,1.4502,2.57935,46.4735,13.5717,18,635,397.998,33.001,37.221,29.9999,37.1489,37.1202,21.3645,0,100,33,400,46.4727,98.384,98.4381
22,1714680782,15266.9,20240502 13:13:01,13:13:01,none,b7.brohor.1,1714680782,0.000398051,0.398050952,1.953657141,397.857,236.6404387,23.96361493,40.2893605,0.020711429,2.946630966,0.020630893,0.012901518,321.4750978,38.8165487,37.7237,6.558242387,74.56470638,4.713159583,6.320898736,1.845082804,-17.55404697,-107.5791581,-8.726030205,187.6158625,0,0,1,0,51668.09893,-,-,0,0,#DIV/0!,0,-,-,0,0,#DIV/0!,0.5,1681.0122,1.953657141,#DIV/0!,0.001162191,#DIV/0!,#DIV/0!,-,0,#DIV/0!,#DIV/0!,#DIV/0!,#DIV/0!,#DIV/0!,#DIV/0!,#DIV/0!,#DIV/0!,,,,,,,,,,,,,,,,,,,,,,,,,,,,,,,,,,,1999.78,1681.0122,0.840598566,0.160755232,6,0.5,0: Broadleaf,2,1714680782,397.857,399.97,46.5424,46.1627,399.788,46.3204,599.723,101.192,0.0739335,37.0465,37.7237,999.9,0,0,9978.75,0,0.00191117,-2.11273,417.279,419.327,0.379745,399.97,46.1627,4.70973,4.6713,31.7567,31.6123,1999.78,0.979998,0.0200018,0,149.706,5.00018,4261.39,17109.4,47.312,48.5,47.437,47.625,48.25,1954.88,39.9,0,1714680784,0,149.7498846,-1.115863264,-10.24102563,4260.568077,15,1714680449,13:07:29,1714680443,1714680449,26,-0.101,0.008,-1.932,0.222,400,46,0.67,0.4,-2.11454325,-0.166796961,0.041279867,0,0.367843825,0.030733385,0.005465191,1,1,2,1/2,3.26336,2.76694,0.0936421,0.0934323,0.176983,0.173661,20696.4,21249.5,24300.4,24858.3,30387.6,30755.2,40556.7,40282.8,2.15828,1.73487,-0.00694767,0,37.8354,999.9,51.7,44.1,47.004,60.7977,17.6923,1,0.773603,1.95365,20.32,5.19857,11.9382,4.9889,3.282,2194.7,9999,9999,32.6,1.86629,1.85944,1.86844,1.86385,1.86569,1.86205,1.86401,1.8619,0,0,0,0,00000000,iiiiiiii,off,off,off,off,0,100,100,-1.931,0.222,-1.676907692,-0.000660975,7.36055E-08,-1.58292E-11,0.22203,0,0,0,3,2172,1,25,5.6,5.5,1.06445,2.65259,1.54663,2.19238,1.4502,2.57935,46.9151,13.4316,18,634.541,396.475,33.0009,37.1898,30.0004,36.9935,36.943,21.3973,0,100,33,400,46.4727,98.3779,98.4489
23,1714680871,15355.9,20240502 13:14:30,13:14:30,none,b7.brohor.1,1714680871,0.000464946,0.464946493,2.187086356,397.667,241.5095883,24.45671149,40.27014893,0.024024288,2.94729213,0.023916024,0.014957201,321.5149978,38.83618882,37.769,6.574391385,74.45036844,4.715441457,6.333671082,1.858949929,-20.50414033,-108.9221203,-8.836493361,183.2522438,0,0,1,0,51680.56364,-,-,0,0,#DIV/0!,0,-,-,0,0,#DIV/0!,0.5,1681.2222,2.187086356,#DIV/0!,0.001300891,#DIV/0!,#DIV/0!,-,0,#DIV/0!,#DIV/0!,#DIV/0!,#DIV/0!,#DIV/0!,#DIV/0!,#DIV/0!,#DIV/0!,,,,,,,,,,,,,,,,,,,,,,,,,,,,,,,,,,,2000.03,1681.2222,0.840598491,0.160755088,6,0.5,0: Broadleaf,2,1714680871,397.667,400.039,46.5649,46.1216,399.597,46.3429,599.995,101.192,0.0740063,37.0835,37.769,999.9,0,0,9982.5,0,0.00191117,-2.37256,417.088,419.382,0.443275,400.039,46.1216,4.71201,4.66715,31.7653,31.5967,2000.03,0.980001,0.0199988,0,148.666,5.00018,4231.82,17111.6,47.437,48.687,47.625,47.812,48.437,1955.13,39.9,0,1714680873,0,148.5307308,-0.874085465,-8.195213626,4233.485,15,1714680449,13:07:29,1714680443,1714680449,26,-0.101,0.008,-1.932,0.222,400,46,0.67,0.4,-2.295673902,-0.237263833,0.030449183,0,0.453564537,0.017269923,0.006084927,1,1,2,1/2,3.26365,2.76704,0.0935896,0.0934284,0.17701,0.173535,20694,21245.3,24296.6,24853.8,30381.8,30754.8,40549.4,40276.1,2.1578,1.7325,-1.86265E-05,0,37.7693,999.9,51.4,44.3,47.2188,60.8377,17.508,1,0.782127,2.05096,20.3187,5.19842,11.9388,4.98895,3.282,2196.6,9999,9999,32.6,1.86628,1.85944,1.86844,1.86386,1.86569,1.86209,1.86401,1.8619,0,0,0,0,00000000,iiiiiiii,off,off,off,off,0,100,100,-1.93,0.222,-1.676907692,-0.000660975,7.36055E-08,-1.58292E-11,0.22203,0,0,0,3,2172,1,25,7.1,7,1.06445,2.65381,1.54663,2.19238,1.4502,2.55493,47.0041,13.4141,18,634.872,395.492,32.9996,37.2996,30.0004,37.0711,37.0118,21.3986,0,100,33,400,46.4727,98.3611,98.432
24,1714681613,16097.9,20240502 13:26:52,13:26:52,none,g8.brohor.1,1714681613,0.000576866,0.57686603,3.374183642,396.394,239.6033265,24.26264664,40.13954101,0.036518191,2.94945997,0.036268852,0.022690293,321.5102098,37.56769028,36.566,6.157050262,78.27944329,4.632258206,5.917592169,1.524792056,-25.43979191,-114.9015552,-9.205204932,171.9636577,0,0,1,0,51949.3842,-,-,0,0,#DIV/0!,0,-,-,0,0,#DIV/0!,0.5,1681.197,3.374183642,#DIV/0!,0.002007013,#DIV/0!,#DIV/0!,-,0,#DIV/0!,#DIV/0!,#DIV/0!,#DIV/0!,#DIV/0!,#DIV/0!,#DIV/0!,#DIV/0!,,,,,,,,,,,,,,,,,,,,,,,,,,,,,,,,,,,2000,1681.197,0.8405985,0.160755105,6,0.5,0: Broadleaf,2,1714681613,396.394,399.997,45.7454,45.1949,398.3,45.4965,599.975,101.19,0.071727,35.8434,36.566,999.9,0,0,9995,0,0.00191117,-3.60303,415.396,418.93,0.550488,399.997,45.1949,4.62899,4.57329,31.4521,31.2393,2000,0.979998,0.0200018,0,162.077,5.00018,4363.68,17111.3,45.812,46.812,46.187,45.687,46.75,1955.1,39.9,0,1714681615,0,161.84588,-1.475461541,434.0053835,4242.3776,15,1714681516,13:25:15,1714681508,1714681516,27,0.023,0.027,-1.909,0.249,400,45,0.44,0.24,-3.61986225,0.0987,0.031140586,1,0.584413175,-0.368584019,0.042380146,1,2,2,2/2,3.2634,2.76487,0.0935686,0.093621,0.175229,0.171572,20740.5,21292.4,24345.1,24908.4,30505.7,30890.2,40637.1,40357.7,2.172,1.7458,0.0664778,0,35.4947,999.9,49.7,44.6,46.3713,61.0377,17.6362,1,0.685775,0.66793,20.3303,5.20022,11.9381,4.98935,3.282,2212.8,9999,9999,32.8,1.8663,1.85952,1.86845,1.86388,1.86572,1.86215,1.86408,1.86202,0,0,0,0,00000000,iiiiiiii,off,off,off,off,0,100,100,-1.906,0.2489,-1.653996067,-0.000660975,7.36055E-08,-1.58292E-11,0.248866667,0,0,0,3,2172,1,25,1.7,1.6,1.06567,2.66235,1.54663,2.19482,1.4502,2.50732,47.1527,13.2127,18,636.978,398.15,33.0006,36.0832,30.0004,36.1158,36.1117,21.4151,0,100,33,400,46.4727,98.5678,98.6379
25,1714682071,16556.5,20240502 13:34:31,13:34:31,none,g8.brohor.1,1714682071,0.000450126,0.450125883,0.254605678,398.459,371.9155689,37.6541322,40.34148908,0.025906256,2.950290736,0.02578054,0.016124081,321.4958458,37.03830757,36.1257,6.010160955,75.52344408,4.332747142,5.73695651,1.677413813,-19.85055142,-134.306949,-10.70459765,156.6337477,0,0,1,0,52067.35097,-,-,0,0,#DIV/0!,0,-,-,0,0,#DIV/0!,0.5,1681.1214,0.254605678,#DIV/0!,0.00015145,#DIV/0!,#DIV/0!,-,0,#DIV/0!,#DIV/0!,#DIV/0!,#DIV/0!,#DIV/0!,#DIV/0!,#DIV/0!,#DIV/0!,,,,,,,,,,,,,,,,,,,,,,,,,,,,,,,,,,,1999.91,1681.1214,0.840598527,0.160755157,6,0.5,0: Broadleaf,2,1714682071,398.459,398.893,42.7952,42.3643,400.386,42.5096,599.948,101.175,0.0687643,35.2813,36.1257,999.9,0,0,10001.2,0,0.00191117,-0.434082,416.274,416.539,0.430904,398.893,42.3643,4.32978,4.28619,30.2813,30.1049,1999.91,0.980001,0.0199988,0,52.262,5.00018,1894.61,17110.5,45.562,46.25,45.687,45.625,46.437,1955.01,39.9,0,1714682073,0,52.51402,-1.442538468,18.73923076,1894.3064,15,1714682008,13:33:27,1714682003,1714682008,28,-0.019,0.037,-1.927,0.286,400,44,0.36,0.15,-0.724983425,2.367694931,0.234343802,0,1.09847885,-0.181938259,0.255485526,1,1,2,1/2,3.26247,2.76196,0.0941092,0.0935805,0.167828,0.164717,20757.7,21331.8,24376.1,24949.6,30816.7,31193.8,40693.8,40420,2.17925,1.75828,0.0823662,0,34.7971,999.9,48.9,44.4,45.1626,60.6259,18.121,1,0.62029,0.627617,20.3324,5.20037,11.9381,4.9888,3.282,2222.8,9999,9999,33,1.8663,1.8595,1.86852,1.86386,1.86571,1.86215,1.86407,1.86202,0,0,0,0,00000000,iiiiiiii,off,off,off,off,0,100,100,-1.927,0.2856,-1.672789311,-0.000660975,7.36055E-08,-1.58292E-11,0.285565,0,0,0,3,2172,1,25,1.1,1.1,1.05957,2.66846,1.54663,2.18872,1.4502,2.58057,47.0634,13.0025,18,634.592,400.529,33.0023,35.253,30.0005,35.2563,35.2662,21.2915,15.8164,100,33,400,44.9063,98.7009,98.7942
26,1714682454,16939,20240502 13:40:53,13:40:53,none,c1.brohor.1,1714682454,0.000360904,0.360903697,1.187181666,398.661,283.3604789,28.68895308,40.36260373,0.018235525,2.951645766,0.018173167,0.011363814,321.5171728,38.04104072,37.1607,6.360392574,73.60346752,4.457157868,6.055635717,1.903234706,-15.91585302,-142.8502169,-11.49217566,151.2589272,0,0,1,0,51940.40931,-,-,0,0,#DIV/0!,0,-,-,0,0,#DIV/0!,0.5,1681.2309,1.187181666,#DIV/0!,0.000706138,#DIV/0!,#DIV/0!,-,0,#DIV/0!,#DIV/0!,#DIV/0!,#DIV/0!,#DIV/0!,#DIV/0!,#DIV/0!,#DIV/0!,,,,,,,,,,,,,,,,,,,,,,,,,,,,,,,,,,,2000.04,1681.2309,0.840598638,0.160755371,6,0.5,0: Broadleaf,2,1714682454,398.661,399.992,44.0233,43.6783,400.588,43.7377,600.027,101.176,0.0694284,36.263,37.1607,999.9,0,0,10008.8,0,0.00191117,-1.33136,417.02,418.261,0.344994,399.992,43.6783,4.4541,4.4192,30.7761,30.6384,2000.04,0.979996,0.0200043,0,49.6912,5.00018,1888.9,17111.6,46.812,47.75,47,46.937,47.75,1955.13,39.91,0,1714682456,0,49.902708,-0.421984618,-3.859230774,1889.4,15,1714682008,13:33:27,1714682003,1714682008,28,-0.019,0.037,-1.927,0.286,400,44,0.36,0.15,-1.371402195,-0.004706969,0.03252302,1,0.361214585,-0.103276537,0.010391642,1,2,2,2/2,3.26295,2.7627,0.0940057,0.0936553,0.170786,0.167849,20720.5,21285,24333.7,24901,30655.5,31020.4,40618.4,40346.3,2.16922,1.74832,0.0549667,0,36.2759,999.9,50,43.7,44.5327,60.6759,17.7244,1,0.696049,1.22099,20.3267,5.19737,11.9381,4.98805,3.28133,2231.2,9999,9999,33.1,1.86628,1.85944,1.86844,1.86385,1.86569,1.86205,1.86401,1.86188,0,0,0,0,00000000,iiiiiiii,off,off,off,off,0,100,100,-1.927,0.2856,-1.672789311,-0.000660975,7.36055E-08,-1.58292E-11,0.285565,0,0,0,3,2172,1,25,7.5,7.4,1.06689,2.65991,1.54663,2.18994,1.4502,2.53052,46.4442,12.8011,18,632.981,398.137,33,36.1326,30.0011,35.9025,35.8503,21.4452,0,100,33,400,46.141,98.5222,98.6094
27,1714682955,17440,20240502 13:49:14,13:49:14,none,c2.brohor.1,1714682955,3.70139E-05,0.03701395,-0.071812617,400.031,450.4833105,45.60777713,40.49989038,0.001778732,2.957885418,0.001778138,0.00111139,321.5267488,38.42076369,37.2733,6.399542641,71.54573414,4.404527976,6.15624122,1.995014665,-1.63231519,-113.1726786,-9.103624161,197.6181308,0,0,1,0,52066.24127,-,-,0,0,#DIV/0!,0,-,-,0,0,#DIV/0!,0.5,1681.2813,-0.071812617,#DIV/0!,-4.2713E-05,#DIV/0!,#DIV/0!,-,0,#DIV/0!,#DIV/0!,#DIV/0!,#DIV/0!,#DIV/0!,#DIV/0!,#DIV/0!,#DIV/0!,,,,,,,,,,,,,,,,,,,,,,,,,,,,,,,,,,,2000.1,1681.2813,0.84059862,0.160755337,6,0.5,0: Broadleaf,2,1714682955,400.031,399.974,43.505,43.4696,401.953,43.3272,600.062,101.169,0.0728797,36.5636,37.2733,999.9,0,0,10045,0,0.00191117,0.057312,418.226,418.15,0.0354805,399.974,43.4696,4.40135,4.39776,30.5676,30.5534,2000.1,0.979997,0.0200027,0,33.0463,5.00018,1649.12,17112.2,47.25,48.25,47.5,47.375,48.125,1955.19,39.91,0,1714682957,0,33.27897308,-0.350738463,4.599316228,1650.445769,15,1714682882,13:48:02,1714682874,1714682882,29,0.006,-0.108,-1.922,0.178,400,44,0.47,0.18,0.018400569,0.024666684,0.030800973,1,0.035864068,0.018884914,0.00283451,1,2,2,2/2,3.26285,2.76646,0.0939372,0.0933472,0.169241,0.16686,20666.7,21231,24274.9,24835.9,30638.7,30981.9,40511,40248.2,2.15333,1.73045,0.020273,0,36.9471,999.9,50.7,43.4,44.4549,60.8559,17.4079,1,0.807886,1.32731,20.3262,5.19917,11.9403,4.9891,3.282,2242.1,9999,9999,33.2,1.86628,1.85944,1.86844,1.86386,1.86569,1.86203,1.86401,1.86189,0,0,0,0,00000000,iiiiiiii,off,off,off,off,0,100,100,-1.922,0.1778,-1.666863385,-0.000660975,7.36055E-08,-1.58292E-11,0.177805,0,0,0,3,2172,1,25,1.4,1.2,1.06567,2.65503,1.54663,2.19238,1.4502,2.57324,46.5615,12.4597,18,632.71,394.919,33.0002,37.4572,30.0003,37.2065,37.1222,21.4119,0,100,33,400,46.141,98.2701,98.3627
28,1714683730,18214.9,20240502 14:02:09,14:02:09,none,h1.brohor.1,1714683730,0.000620948,0.620948029,2.064965565,397.704,277.5068159,28.09103509,40.25817163,0.030426795,2.94927383,0.030253476,0.018923912,321.5155768,38.24574935,37.3078,6.411579787,72.32779264,4.445340141,6.146102319,1.966239647,-27.38380808,-123.1146684,-9.932489871,161.0846104,0,0,1,0,51827.55488,-,-,0,0,#DIV/0!,0,-,-,0,0,#DIV/0!,0.5,1681.2225,2.064965565,#DIV/0!,0.001228252,#DIV/0!,#DIV/0!,-,0,#DIV/0!,#DIV/0!,#DIV/0!,#DIV/0!,#DIV/0!,#DIV/0!,#DIV/0!,#DIV/0!,,,,,,,,,,,,,,,,,,,,,,,,,,,,,,,,,,,2000.03,1681.2225,0.840598641,0.160755377,6,0.5,0: Broadleaf,2,1714683730,397.704,400.016,43.9148,43.3211,399.485,43.7243,599.979,101.154,0.072469,36.5335,37.3078,999.9,0,0,9997.5,0,0.00191117,-2.31247,415.971,418.13,0.593704,400.016,43.3211,4.44216,4.3821,30.7291,30.491,2000.03,0.979995,0.0200052,0,113.103,5.00018,3356.85,17111.5,46.687,47.687,46.937,46.75,47.625,1955.12,39.91,0,1714683732,0,113.3541154,-0.465333343,65.86222252,3326.597308,15,1714683290,13:54:50,1714683289,1714683290,30,0.138,0.013,-1.783,0.191,400,43,0.74,0.18,-2.296690976,-0.051825366,0.021802087,1,0.576687122,0.074852467,0.007485894,1,2,2,2/2,3.26271,2.76564,0.0934642,0.0933181,0.170214,0.166428,20679.8,21233.6,24277.6,24838.1,30606.4,31000.7,40515.4,40251.7,2.15447,1.73288,0.0517517,0,36.475,999.9,51.1,43.1,44.1161,60.8759,17.0473,1,0.805963,1.36045,20.326,5.20022,11.9381,4.9893,3.282,2258.8,9999,9999,33.4,1.8663,1.85944,1.86844,1.86386,1.86569,1.86214,1.86401,1.86191,0,0,0,0,00000000,iiiiiiii,off,off,off,off,0,100,100,-1.781,0.1905,-1.528510099,-0.000660975,7.36055E-08,-1.58292E-11,0.190535,0,0,0,3,2172,1,25,7.3,7.3,1.06445,2.65259,1.54663,2.19116,1.4502,2.58545,46.7969,11.838,18,634.206,396.815,33.0045,37.4571,30.0007,37.2781,37.2166,21.3788,0,100,33,400,46.141,98.2809,98.3713