SysObs,SysObs,SysObs,SysObs,SysObs,SysObs,UserDefCon,UserDefVar,GasEx,GasEx,GasEx,GasEx,GasEx,GasEx,GasEx,GasEx,GasEx,GasEx,GasEx,GasEx,GasEx,GasEx,GasEx,GasEx,GasEx,GasEx,GasEx,GasEx,GasEx,GasEx,GasEx,GasEx,Leak,Leak,Leak,Leak,Leak,FLR,FLR,FLR,FLR,FLR,FLR,FLR,FLR,FLR,FLR,FLR,FLR,FLR,FLR,FLR,FLR,FLR,FLR,FLR,FLR,FLR,FLR,FLR,FLR,FLR,FLR,FLR,FLR,LeafQ,LeafQ,LeafQ,LeafQ,Const,Const,Const,Const,Meas,Meas,Meas,Meas,Meas,Meas,Meas,Meas,Meas,Meas,Meas,Meas,Meas,Meas,Meas,Meas,Meas,Meas,FlrLS,FlrLS,FlrLS,FlrLS,FlrLS,FlrLS,FlrLS,FlrLS,FlrLS,FlrLS,FlrLS,FlrLS,FlrLS,FlrLS,FlrLS,FlrLS,FlrLS,FlrLS,FlrStats,FlrStats,FlrStats,FlrStats,FlrStats,MchEvent,MchEvent,MchEvent,MchEvent,MchEvent,MchEvent,MchEvent,MchEvent,MchEvent,MchEvent,MchEvent,MchEvent,MchEvent,Stability,Stability,Stability,Stability,Stability,Stability,Stability,Stability,Stability,Stability,Stability,MchStatus,MchStatus,MchStatus,MchStatus,MchStatus,MchStatus,MchStatus,MchStatus,MchStatus,MchStatus,MchStatus,MchStatus,MchStatus,MchStatus,MchStatus,MchStatus,MchStatus,MchStatus,ConStatus,ConStatus,ConStatus,ConStatus,ConStatus,ConStatus,ConStatus,ConStatus,Status,Status,Status,Status,Status,Status,Status,Status,Status,Status,Status,Status,Status,Status,Status,Status
obs,time,elapsed,date,hhmmss,averaging,plant id,WUE,TIME,E,Emm,A,Ca,Ci,Pci,Pca,gsw,gbw,gtw,gtc,Rabs,TleafEB,TleafCnd,SVPleaf,RHcham,VPcham,SVPcham,VPDleaf,LatHFlux,SenHFlux,NetTherm,EBSum,Leak,LeakPct,CorrFact,CorrFactPct,Fan,DarkAdaptedID,Qmax_d,Fo,Fm,Fv/Fm,A_dark,LightAdaptedID,Qmax,Fs,Fm',PhiPS2,PS2/1,Qabs_fs,A_fs,ETR,PhiCO2,NPQ,alt._Fo',DarkPulseID,Fmin,Fo',Fv'/Fm',qP,qN,qP_Fo,qN_Fo,qL,1-qL,Qin,Qabs,alpha,convert,S,K,Geometry,Custom,TIME,CO2_s,CO2_r,H2O_s,H2O_r,CO2_a,H2O_a,Flow,Pa,ΔPcham,Tair,Tleaf,Tleaf2,Offset,Offset2,Fan_speed,Qamb_in,Qamb_out,Q,f_red,f_blue,f_farred,F,Q_modavg,F_dc,Pc,Tled,TDigital,TPreamp,TPwrSpy,TDrive,Q_red,Q_blue,Q_farred,TSPF,state,F_avg,dF/dt,dF_dc/dt,F_dc_avg,period,time,hhmmss,co2_t,h2o_t,count,co2_adj,h2o_adj,co2_match,h2o_match,co2_at,h2o_at,co2_cv,h2o_cv,ΔCO2:MN,ΔCO2:SLP,ΔCO2:SD,ΔCO2:OK,ΔH2O:MN,ΔH2O:SLP,ΔH2O:SD,ΔH2O:OK,Stable,Total,State,MatchValveR,MatchValveS,MatchCO2,MatchH2O,cf_co2_a,cf_co2_b,cf_co2_c,cf_co2_d,cf_h2o_a,cf_h2o_b,cf_h2o_c,cf_h2o_d,co2_fit_low,co2_fit_high,h2o_fit_low,h2o_fit_high,co2_elapsed,h2o_elapsed,CO2_f,CO2_f_s,Pump_f,Pump_f_s,Pump_p,Pump_p_s,Tboard,V_system,DIAG,Flow_s,Flow_r,Txchg,Tirga,Tchopper,Ts,Tr,CO2_%,Desiccant_%,Humidifier_%,Txchg_sp,CO2_r_sp,H2O_r_sp,SS_s,SS_r
,s,s,,,s,,,s,mol m⁻² s⁻¹,mmol m⁻² s⁻¹,µmol m⁻² s⁻¹,µmol mol⁻¹,µmol mol⁻¹,Pa,Pa,mol m⁻² s⁻¹,mol m⁻² s⁻¹,mol m⁻² s⁻¹,mol m⁻² s⁻¹,W m⁻²,°C,°C,kPa,%,kPa,kPa,kPa,W m⁻²,W m⁻²,W m⁻²,W m⁻²,µmol s⁻¹,%,,%,µmol s⁻¹,,,,,,µmol m⁻² s⁻¹,,,,,,,µmol m⁻² s⁻¹,µmol m⁻² s⁻¹,µmol m⁻² s⁻¹,µmol µmol⁻¹,,,,,,,,,,,,,µmol m⁻² s⁻¹,µmol m⁻² s⁻¹,,J/µmol,cm²,,,mol m⁻² s⁻¹,s,µmol mol⁻¹,µmol mol⁻¹,mmol mol⁻¹,mmol mol⁻¹,µmol mol⁻¹,mmol mol⁻¹,µmol s⁻¹,kPa,kPa,°C,°C,°C,°C,°C,rpm,µmol m⁻² s⁻¹,µmol m⁻² s⁻¹,µmol m⁻² s⁻¹,,,,,µmol m⁻² s⁻¹,,,°C,°C,°C,°C,°C,µmol m⁻² s⁻¹,µmol m⁻² s⁻¹,µmol m⁻² s⁻¹,s,,,min⁻¹,min⁻¹,,s,secs,,s,s,,µmol/mol,mmol/mol,µmol/mol,mmol/mol,µmol/mol,mmol/mol,%,%,µmol mol⁻¹,µmol mol⁻¹ min⁻¹,µmol mol⁻¹,,mmol mol⁻¹,mmol mol⁻¹ min⁻¹,mmol mol⁻¹,,,,,%,%,µmol/mol,mmol/mol,µmol/mol,,,,mmol/mol,,,,µmol mol⁻¹,µmol mol⁻¹,mmol mol⁻¹,mmol mol⁻¹,min,min,V,V,V,V,V,V,°C,V,,µmol s⁻¹,µmol s⁻¹,°C,°C,°C,°C,°C,%,%,%,°C,µmol mol⁻¹,mmol mol⁻¹,%,%
1,1714498544,0,20240430 10:35:44,10:35:44,15,b5.miccal.2,-12.97337251,1714498536,-5.37E-05,-0.053714563,0.049017753,399.865375,411.3892334,41.88771715,40.71435606,-0.003778335,2.960335855,-0.003781017,-0.002362894,321.5121575,24.90916475,24.503875,3.086834111,59.32775471,1.674156328,2.821877106,1.412677783,2.368812228,-237.9999607,-16.79415873,69.08685034,0,0,1,0,54534.10448,RECT-1505-20210918-17_20_47,10288.4,812.936,2752.91,0.704699391,-1,MPF-505-20240429-10_34_27,10355,53.91468,59.90178716,0.099948724,0.5,1681.201796,0.049017753,84.01698673,0.000623969,44.95705955,56.94485209,-,0,56.94485209,0.049363053,2.024767881,0.9989032,-0.007950644,1.388167168,2.13856611,-1.13856611,2000.005,1681.201796,0.840598796,0.160755677,6,0.5,0: Broadleaf,2,1714498536,399.865375,399.892875,16.4422875,16.49504375,410.6436875,16.9883125,600.854375,101.6971875,0.1229715,23.012625,999.9,24.503875,0,0,10006.725,0,218.38475,2000.005,0.979992188,0.020007706,0,53.955525,4.9992,1352.289375,16265.275,46.808125,47.937,47.476375,46.433125,47,1955.093125,39.92,0,1600889796,0,53.91468,-3.265769243,-64.55153836,1351.2396,15,1714498528,10:35:28,1714498528,1714498526,1,-0.311,0,-10.818,-0.545,400,16,0.46,0.43,0.070697524,-1.734639506,0.193503186,0,-0.03341855,-0.33845426,0.036529704,0,0,2,0/2,100,100,-10.817,-0.5455,-7.599467672,-0.007814304,-3.18E-07,6.48E-10,-0.46555445,-0.027428369,0.001386821,-3.01E-06,5,2011,2,27,0.3,0.3,1.07178,2.48169,1.59912,2.29126,1.60156,2.3291,36.718,15.8044,18,583.796,425.876,18.0381,31.9757,29.9978,32.1577,32.162,21.4526,30.7708,48.7586,18.0519,400,16.7857,99.2784,101.871
2,1714498815,271,20240430 10:40:15,10:40:15,15,b3.miccal.2,157.1670784,1714498807,-5.51E-05,-0.055060025,-0.671921511,400.6435333,143.7440142,14.63412854,40.78826516,-0.004275205,2.95884045,-0.00427864,-0.002673841,321.5087937,24.89658081,23.87000667,2.971667328,59.9947421,1.691561911,2.819516931,1.280105417,2.428147102,-138.9722794,-9.779228518,175.1854329,0,0,1,0,54492.07381,RECT-1505-20210918-17_20_47,10288.4,812.936,2752.91,0.704699391,-1,MPF-506-20240429-10_38_58,10231.8,12.948,11.32522695,-0.143288348,0.5,1681.187178,-0.671921511,-120.4472663,0.000195147,242.0776896,11.2151241,-,0,11.2151241,0.009721911,-14.73870243,0.999959841,0.00202439,1.413206967,-12.7661706,13.7661706,1999.988,1681.187178,0.840598633,0.160755361,6,0.5,0: Broadleaf,2,1714498807,400.6435333,399.9495333,16.6154,16.66954667,411.2927333,17.14718667,599.9835333,101.6860667,0.120805933,22.9988,999.9,23.87000667,0,0,9999.336667,0,62.0107,1999.988,0.979997,0.020002733,0,12.97106,4.9992,496.5201333,16265.18,46.437,47.6374,47.062,46.125,46.75,1955.082667,39.90866667,0,269.5,0,12.948,-0.784054701,-18.19982903,496.4532692,15,1714498786,10:39:46,1714498783,1714498786,2,0.173,0.011,-10.644,-0.532,400,17,0.41,0.27,0.69863735,0.06261794,0.056018147,1,-0.065960025,0.227178365,0.029899876,0,1,2,2-Jan,100,100,-10.649,-0.5317,-7.426592352,-0.007814304,-3.18E-07,6.48E-10,-0.454087723,-0.027428369,0.001386821,-3.01E-06,5,2011,2,27,0.5,0.5,1.07544,2.47314,1.59912,2.28882,1.60278,2.52563,36.718,15.7781,18,611.063,427.013,17.8545,30.8629,29.9981,31.1494,31.1851,21.5187,23.839,43.0905,18.0529,400,16.7678,99.4879,102.064
3,1714499085,541,20240430 10:44:45,10:44:45,15,f6.miccal.1,25.36610535,1714499077,0.000310312,0.31031212,0.64782456,399.2131875,351.1369858,35.74915354,40.64377753,0.025538984,2.956010091,0.025417033,0.015896554,321.5094324,24.81600493,23.625925,2.928332877,60.73472842,1.713692798,2.821602802,1.214640079,-13.68476449,-97.99417546,-6.894173393,202.9363191,0,0,1,0,54406.05001,RECT-1505-20210918-17_20_47,10288.4,812.936,2752.91,0.704699391,-1,MPF-507-20240429-10_43_28,10267.1,123.4893846,129.532638,0.046654291,0.5,1681.19565,0.64782456,39.21749577,0.00098015,20.25263595,116.4562026,-,0,116.4562026,0.100950893,0.462148377,0.995040142,-0.008842879,1.352274495,0.435827299,0.564172701,1999.99875,1681.19565,0.840598351,0.160754817,6,0.5,0: Broadleaf,2,1714499077,399.2131875,399.985,16.8323125,16.52718125,409.7770625,17.3578875,599.916625,101.6901875,0.119519188,23.01101875,999.9,23.625925,0,0,9982.890625,0,329.0311875,1999.99875,0.980004063,0.019995825,0,123.7599375,4.9992,2877.301875,16265.3125,46.0895625,47.378875,46.63275,46.312,46.5,1955.10875,39.89,0,268.0999999,0,123.4893846,-19.529641,-405.1066662,2872.135,15,1714499029,10:43:49,1714499029,1714499006,3,0.074,0.002,-10.568,-0.536,400,16,1.2,0.13,-0.76362765,0.007184977,0.055575314,1,0.2620998,0.865628391,0.084188596,0,1,2,2-Jan,100,100,-10.564,-0.5261,-7.353070071,-0.007814304,-3.18E-07,6.48E-10,-0.451617221,-0.027428369,0.001386821,-3.01E-06,5,2011,2,27,0.9,1.3,1.0791,2.47559,1.59912,2.28882,1.60156,2.49146,36.3165,15.7081,18,609.575,426.002,18.5143,30.3117,30.0011,30.497,30.5234,21.5882,20.1241,40.0907,18.467,400,16.348,99.6052,102.169
4,1714499422,878,20240430 10:50:22,10:50:22,15,g3.miccal.2,-137.4358926,1714499414,3.63E-05,0.036286927,-0.37910374,400.3359375,609.6965204,62.07516135,40.75948785,0.002758404,2.959773875,0.002756977,0.001723239,321.5077974,24.8803062,24.05340625,3.004596175,60.10485235,1.695476337,2.820864324,1.309119839,-1.600253477,-167.021118,-11.760656,141.12577,0,0,1,0,54518.43321,RECT-1505-20210918-17_20_47,10288.4,812.936,2752.91,0.704699391,-1,MPF-508-20240429-10_49_05,10222,60.61083077,61.26517889,0.010680588,0.5,1681.18155,-0.37910374,8.978003548,0.000369321,43.93433382,58.1755809,-,0,58.1755809,0.050429919,0.211790699,0.998853468,-0.000870525,1.387464379,0.203281275,0.796718725,1999.98125,1681.18155,0.840598656,0.160755406,6,0.5,0: Broadleaf,2,1714499414,400.3359375,399.971375,16.6528125,16.61713125,410.7719375,17.1865625,600.0235,101.6925625,0.120649938,23.00669375,999.9,24.05340625,0,0,10003.99188,0,363.3683125,1999.98125,0.979996,0.020004,0,60.64806875,4.9992,1515.96875,16265.11875,46.5,48.0076875,47.011625,47.2145625,46.944875,1955.07125,39.91,0,335.3,0,60.61083077,-2.15526836,-41.60273505,1515.067692,15,1714499388,10:49:48,1714499385,1714499388,4,0.136,-0.005,-10.433,-0.534,400,17,0.43,0.19,0.3638534,0.25711597,0.038724753,0,0.033338745,0.035015292,0.005102269,1,1,2,2-Jan,100,100,-10.437,-0.5339,-7.2174205,-0.007814304,-3.18E-07,6.48E-10,-0.456749706,-0.027428369,0.001386821,-3.01E-06,5,2011,2,27,0.6,0.6,1.08276,2.47925,1.59912,2.2876,1.60156,2.45605,35.9879,15.5768,18,607.924,423.086,17.9138,30.5119,30.0017,30.4383,30.4407,21.6602,16.2204,39.7424,17.8765,400,16.652,99.5766,102.142
5,1714499864,1320,20240430 10:57:44,10:57:44,15,b6.miccal.2,255.6408318,1714499856,-1.95E-05,-0.019452523,-0.40826901,400.4165625,-12.28484068,-1.250679287,40.76509529,-0.001597041,2.958893277,-0.001597521,-0.000998407,321.5098119,24.82451582,23.43185,2.894272066,59.8999184,1.682467334,2.808797372,1.211804732,0.857856262,-79.11686277,-5.55309956,237.6977059,0,0,1,0,54505.17888,RECT-1505-20210918-17_20_47,10288.4,812.936,2752.91,0.704699391,-1,MPF-509-20240429-10_56_27,10279.3,41.716036,41.16276729,-0.013440999,0.5,1681.1949,-0.40826901,-11.29846945,0.00035197,65.87864255,39.74459126,-,0,39.74459126,0.034452883,-0.390126968,0.999477298,0.00071688,1.397826586,-0.371690083,1.371690083,1999.9975,1681.1949,0.840598501,0.160755107,6,0.5,0: Broadleaf,2,1714499856,400.4165625,400.0005,16.52609375,16.545225,410.797375,17.06051875,599.9936875,101.6839375,0.122778563,22.93588125,999.9,23.43185,0,0,9999.845625,0,149.79725,1999.9975,0.980000438,0.019999263,0,41.77201875,4.9992,1105.95625,16265.28125,46.5,47.75775,47.187,46.4215,46.75,1955.0975,39.9,0,440.3,0,41.716036,-2.210384618,-54.11846156,1104.7236,15,1714499826,10:57:06,1714499826,1714499813,5,0.055,0.002,-10.378,-0.535,400,17,1.03,0.17,0.418811,0.039093383,0.036290668,1,-0.01859483,0.034108553,0.007707015,1,2,2,2-Feb,100,100,-10.381,-0.5341,-7.161963271,-0.007814304,-3.18E-07,6.48E-10,-0.45521232,-0.027428369,0.001386821,-3.01E-06,5,2011,2,27,0.6,0.8,1.08154,2.48779,1.59912,2.28638,1.60278,2.42676,36.3165,15.5067,18,610.767,419.957,18.7485,30.5787,29.9998,30.6215,30.6263,21.6483,20.4866,40.2685,18.7833,400,16.4578,99.5644,102.131
6,1714500177,1632.9,20240430 11:02:57,11:02:57,15,j3.miccal.2,56.22643433,1714500169,0.000367553,0.367553335,1.607283784,398.2510625,300.6535247,30.609189,40.54548189,0.02858591,2.960217923,0.028433435,0.017784528,321.5134029,24.73596654,23.86655,2.971049736,59.94875462,1.685081512,2.810869922,1.285968224,-16.20910208,-146.5825854,-10.30712772,148.4145877,0,0,1,0,54542.35396,RECT-1505-20210918-17_20_47,10288.4,812.936,2752.91,0.704699391,-1,MPF-510-20240429-11_01_40,10274.9,126.1556538,134.1977741,0.059927375,0.5,1681.2138,1.607283784,50.37536467,0.001550834,19.51382758,120.2133222,-,0,120.2133222,0.104207779,0.575075828,0.994688164,-0.011848633,1.349869754,0.547987931,0.452012069,2000.02,1681.2138,0.840598494,0.160755094,6,0.5,0: Broadleaf,2,1714500169,398.2510625,400.00475,16.551425,16.18995,408.67975,17.07503125,599.991375,101.690375,0.118473,22.9480625,999.9,23.86655,0,0,10006.72625,0,44.3521125,2000.02,0.980000125,0.019999856,0,126.2883125,4.9992,2875.62375,16265.45,45.644375,46.6210625,46.284875,45.308125,46,1955.12,39.9,0,311.5,0,126.1556538,-7.234632483,-161.2977779,2872.820769,15,1714500147,11:02:27,1714500147,1714500144,6,-0.064,0.011,-10.442,-0.531,400,16,0.63,0.34,-1.726695238,-0.462061558,0.07114954,0,0.341317333,0.357950182,0.037104236,0,0,2,0/2,100,100,-10.429,-0.5236,-7.226065109,-0.007814304,-3.18E-07,6.48E-10,-0.444651517,-0.027428369,0.001386821,-3.01E-06,5,2011,2,27,0.5,0.6,1.08032,2.47681,1.59912,2.28638,1.60156,2.53784,36.6469,15.4717,18,609.569,420,19.4017,29.8344,29.9994,30.0391,30.0641,21.6276,22.6764,38.022,19.4416,400,16.2118,99.6838,102.247
7,1714500506,1961.9,20240430 11:08:26,11:08:26,15,h1.miccal.2,61.15256557,1714500498,0.000169295,0.169295249,0.829271214,399.0483333,294.0535719,29.93662692,40.62579821,0.013560694,2.95888859,0.013526261,0.008456999,321.5186236,24.84259465,23.70574,2.942442081,60.18244862,1.697260396,2.820191659,1.245181684,-7.465920466,-112.1401531,-7.884566399,194.0279837,0,0,1,0,54492.75979,RECT-1505-20210918-17_20_47,10288.4,812.936,2752.91,0.704699391,-1,MPF-511-20240429-11_07_09,10277.6,62.16412308,64.6800896,0.038898625,0.5,1681.240739,0.829271214,32.69897613,0.001088048,41.56193857,61.24611784,-,0,61.24611784,0.053091636,0.732669545,0.99872422,-0.003362441,1.385704092,0.721849888,0.278150112,2000.052,1681.240739,0.840598514,0.160755132,6,0.5,0: Broadleaf,2,1714500498,399.0483333,399.9452,16.6714,16.50492,409.3308667,17.19697333,599.9742667,101.6854667,0.121244,23.00275333,999.9,23.70574,0,0,9999.668667,0,229.2696667,2000.052,0.9799984,0.020001873,0,62.33002667,4.9992,1565.872667,16265.7,45.28306667,46.43293333,45.7996,45.15806667,45.64153333,1955.152,39.902,0,327.5,0,62.16412308,-8.312341888,-153.1972649,1564.356154,15,1714500439,11:07:19,1714500439,1714500430,7,0.151,-0.004,-10.29,-0.532,400,16,0.78,0.29,-0.863059619,-0.474807506,0.11412957,0,0.17483119,-0.159993429,0.030351509,0,0,2,0/2,100,100,-10.282,-0.5252,-7.075060739,-0.007814304,-3.18E-07,6.48E-10,-0.448712299,-0.027428369,0.001386821,-3.01E-06,5,2011,2,27,1.1,1.3,1.08276,2.49023,1.59912,2.28638,1.60278,2.33643,37.0509,15.3491,18,610.661,417.666,18.381,29.6726,30.0019,29.8097,29.8352,21.6639,15.7555,37.1873,18.3852,400,16.5266,99.6837,102.239
8,1714500847,2302.9,20240430 11:14:07,11:14:07,15,h8.miccal.2,36.50108433,1714500839,0.000352561,0.352560557,0.983762556,398.878875,332.5368331,33.85562698,40.60992064,0.026951598,2.959677916,0.02681599,0.01677212,321.5102109,24.79554689,24.03999375,3.002177235,60.08213172,1.694512971,2.820327646,1.307664264,-15.54792056,-165.3771991,-11.64430237,128.9407889,0,0,1,0,54516.03145,RECT-1505-20210918-17_20_47,10288.4,812.936,2752.91,0.704699391,-1,MPF-512-20240429-11_12_50,10255.8,68.56813462,70.17204797,0.02285687,0.5,1681.197,0.983762556,19.21345035,0.00117997,38.230863,66.14830342,-,0,66.14830342,0.05734113,0.398612122,0.998502381,-0.002159385,1.382873148,0.384544742,0.615455258,2000,1681.197,0.8405985,0.160755105,6,0.5,0: Broadleaf,2,1714500839,398.878875,400.00325,16.64385,16.2971625,409.2566875,17.17415625,600.0088125,101.686375,0.123781375,23.00355,999.9,24.03999375,0,0,10004.05625,0,341.473,2000,0.979998875,0.020001363,0,68.71964375,4.9992,1746.78125,16265.29375,45.562,46.902125,46.062,45.7655,45.9724375,1955.1,39.9,0,339.0999999,0,68.56813462,-11.81170938,-243.684786,1743.711538,15,1714500811,11:13:31,1714500810,1714500811,8,-0.096,-0.004,-10.386,-0.538,400,16,0.58,0.23,-1.1214965,0.055027218,0.033070432,1,0.3419515,0.074860421,0.012445511,1,2,2,2-Feb,100,100,-10.378,-0.5302,-7.17083965,-0.007814304,-3.18E-07,6.48E-10,-0.453070778,-0.027428369,0.001386821,-3.01E-06,5,2011,2,27,0.6,0.6,1.08398,2.48047,1.59912,2.28516,1.60156,2.44141,37.4098,15.2791,18,608.195,415.742,18.369,30.4887,30.0004,30.426,30.4227,21.7054,12.4247,37.9545,18.7281,400,16.3761,99.5168,102.111
9,1714501425,2880.9,20240430 11:23:45,11:23:45,15,c2.miccal.2,0.718348309,1714501417,2.59E-05,0.025943112,0.001501464,399.978875,390.9726507,39.80110031,40.7179359,0.002090161,2.958887688,0.002089341,0.001305912,321.5098933,24.87737916,23.5957625,2.923016362,59.84786556,1.687599444,2.819815591,1.235416917,-1.144091237,-94.94803195,-6.671999109,218.745771,0,0,1,0,54493.04494,RECT-1505-20210918-17_20_47,10288.4,812.936,2752.91,0.704699391,-1,MPF-513-20240429-11_22_29,10239.6,48.30592692,49.13158776,0.016805092,0.5,1681.196363,0.001501464,14.12632945,0.000595708,55.03136649,47.12454994,-,0,47.12454994,0.040850253,0.411382799,0.999258242,-0.001080985,1.393718891,0.40132196,0.59867804,1999.999375,1681.196363,0.840598444,0.160754997,6,0.5,0: Broadleaf,2,1714501417,399.978875,399.99075,16.5775625,16.55205625,410.295125,17.10135625,600.1596875,101.6811875,0.119028563,23.00055,999.9,23.5957625,0,0,10000.08438,0,458.31775,1999.999375,0.980001625,0.019998406,0,48.479825,4.9992,1159.58,16265.3,44.812,45.687,45.375,44.5659375,45.187,1955.10375,39.89625,0,576.5,0,48.30592692,-8.861576058,-177.7517948,1155.779231,15,1714501403,11:23:23,1714501398,1714501403,9,0.07,0.008,-10.316,-0.524,400,17,0.59,0.26,0.000224306,-0.314210322,0.049435911,0,0.023201844,0.016584895,0.007575561,1,1,2,2-Jan,100,100,-10.317,-0.524,-7.101169432,-0.007814304,-3.18E-07,6.48E-10,-0.445264436,-0.027428369,0.001386821,-3.01E-06,5,2011,2,27,0.5,0.4,1.08521,2.49023,1.59912,2.28394,1.60278,2.48047,37.1941,15.1915,18,608.083,420.907,19.1796,29.4886,30.0009,29.6795,29.7148,21.7279,14.2337,44.0521,18.9994,400,16.6365,99.7168,102.305
10,1714501741,3197,20240430 11:29:01,11:29:01,15,j8.miccal.2,14.42839649,1714501733,0.000240518,0.240517845,0.280204215,399.5973125,368.8028842,37.54404039,40.67890541,0.01942033,2.960268778,0.019349827,0.012099955,321.5044059,24.82071687,23.62825625,2.928744141,60.00872448,1.692094403,2.819747324,1.236649738,-10.60683694,-100.2419954,-7.041864442,203.6137092,0,0,1,0,54534.14563,RECT-1505-20210918-17_20_47,10288.4,812.936,2752.91,0.704699391,-1,MPF-514-20240429-11_27_45,10287.3,85.72183846,88.94995993,0.036291432,0.5,1681.1637,0.280204215,30.50591947,0.000761499,29.94897403,82.58229443,-,0,82.58229443,0.071587053,0.506955252,0.997615399,-0.004458817,1.373193682,0.488388124,0.511611876,1999.96,1681.1637,0.840598662,0.160755418,6,0.5,0: Broadleaf,2,1714501733,399.5973125,399.973625,16.62179375,16.385275,409.8243125,17.1421375,600.0031875,101.685,0.11474725,23.00015,999.9,23.62825625,0,0,10007.54375,0,152.8558125,1999.96,0.979992875,0.020006713,0,86.00321875,4.9992,2120.0075,16264.93125,44.875,45.9215,45.3474375,44.8395625,45.375,1955.05,39.91,0,314.9000001,0,85.72183846,-11.76505982,-246.3494017,2114.853077,15,1714501709,11:28:29,1714501709,1714501707,10,0.085,0.003,-10.23,-0.525,400,16,0.34,0.29,-0.36708225,-0.017708526,0.040592996,1,0.22475305,0.142895955,0.021591015,0,1,2,2-Jan,100,100,-10.227,-0.52,-7.015781491,-0.007814304,-3.18E-07,6.48E-10,-0.442536445,-0.027428369,0.001386821,-3.01E-06,5,2011,2,27,0.5,0.6,1.08521,2.47925,1.59912,2.28394,1.60156,2.52808,37.0509,15.139,18,606.042,420.669,17.7546,29.4675,29.9969,29.5285,29.5529,21.7192,21.815,43.7729,18.0351,400,16.3697,99.7238,102.307
11,1714502016,3472,20240430 11:33:36,11:33:36,15,e5.miccal.2,12.55680155,1714502008,7.85E-05,0.078469634,0.074063834,399.8836875,371.5555467,37.82328413,40.70700725,0.005898304,2.960183975,0.005891783,0.003682949,321.5113082,24.89823589,24.05455625,3.004803657,59.45923378,1.680218707,2.825833096,1.32458495,-3.460510851,-162.5867276,-11.44857468,144.015495,0,0,1,0,54524.83221,RECT-1505-20210918-17_20_47,10288.4,812.936,2752.91,0.704699391,-1,MPF-515-20240429-11_32_20,10257.9,64.90151923,62.76,-0.034122359,0.5,1681.202775,0.074063834,-28.68330206,0.000638866,42.8640854,59.52177976,-,0,59.52177976,0.051596881,-0.661325997,0.998797715,0.002854689,1.386693842,-0.60650815,1.60650815,2000.006875,1681.202775,0.840598498,0.160755101,6,0.5,0: Broadleaf,2,1714502008,399.8836875,399.9890625,16.5055625,16.4284375,410.098375,17.04169375,600.3846875,101.67425,0.122868813,23.035775,999.9,24.05455625,0,0,10008.12063,0,327.3748125,2000.006875,0.9800005,0.019999463,0,64.994875,4.9992,1620.911875,16265.35625,44.925375,46.042625,45.4215,44.8044375,45.308125,1955.106875,39.9,0,273.0999999,0,64.90151923,-9.801637604,-219.8225638,1618.321154,15,1714501996,11:33:16,1714501996,1714501992,11,0.015,-0.014,-10.216,-0.539,400,16,0.9,0.13,-0.07145326,-0.622679603,0.071133808,0,0.058425813,0.201641564,0.039398703,0,0,2,0/2,100,100,-10.215,-0.5356,-7.001081772,-0.007814304,-3.18E-07,6.48E-10,-0.456590213,-0.027428369,0.001386821,-3.01E-06,5,2011,2,27,0.3,0.4,1.08521,2.4939,1.59912,2.28394,1.60278,2.4292,37.3378,15.0514,18,606.635,416.894,18.2394,29.5895,30.0009,29.6038,29.6136,21.7206,19.9568,42.2689,18.2267,400,16.5967,99.6449,102.279
12,1714502324,3780,20240430 11:38:44,11:38:44,15,e6.miccal.1,58.17379208,1714502316,0.000247291,0.247291111,1.156702092,398.7370625,298.4031321,30.37481785,40.58793068,0.01988356,2.958988553,0.019809629,0.012387638,321.5091332,24.85348376,23.64389375,2.931504111,59.79959757,1.689649581,2.825519986,1.24185453,-10.90553799,-97.30226817,-6.840020804,206.4613062,0,0,1,0,54489.63387,RECT-1505-20210918-17_20_47,10288.4,812.936,2752.91,0.704699391,-1,MPF-516-20240429-11_37_28,10259.8,54.708928,59.13748549,0.074885793,0.5,1681.194075,1.156702092,62.94877566,0.001282839,45.55101544,56.25370925,-,0,56.25370925,0.048763931,1.53568,0.99893061,-0.005874988,1.388561143,1.579042021,-0.579042021,1999.996875,1681.194075,0.840598351,0.160754818,6,0.5,0: Broadleaf,2,1714502316,398.7370625,399.992375,16.59916875,16.35598125,408.908375,17.13906875,599.997,101.669625,0.121591563,23.03394375,999.9,23.64389375,0,0,10001.79375,0,305.210625,1999.996875,0.980004438,0.019995463,0,54.85904375,4.9992,1432.68625,16265.2875,45.77325,47.27325,46.30425,46.2185,46.2145625,1955.106875,39.89,0,306.2,0,54.708928,-7.804238471,-91.93769233,1431.13,15,1714502296,11:38:16,1714502296,1714502294,12,0.034,-0.005,-10.181,-0.544,400,16,0.59,0.64,-1.253290952,-0.034391688,0.034469836,1,0.244711524,0.010563117,0.011375532,1,2,2,2-Feb,100,100,-10.172,-0.5403,-6.96703573,-0.007814304,-3.18E-07,6.48E-10,-0.462042178,-0.027428369,0.001386821,-3.01E-06,5,2011,2,27,0.5,0.5,1.08398,2.48413,1.59912,2.28394,1.60156,2.51709,37.7228,14.9551,18,606.199,412.381,17.8127,30.3289,30.002,30.1893,30.182,21.7025,23.6195,40.4106,17.7878,400,16.4549,99.5005,102.14
13,1714502655,4111,20240430 11:44:15,11:44:15,15,xx.miccal.1-c1,40.64467583,1714502647,0.000370176,0.370176126,1.228727366,398.6498125,326.1674664,33.19765544,40.57498212,0.030230955,2.957581788,0.030060331,0.018802956,321.507097,24.78469018,23.6658625,2.935385369,60.68055433,1.71061569,2.819050862,1.224769679,-16.32476713,-106.7980437,-7.510509594,190.8737766,0,0,1,0,54454.74075,RECT-1505-20210918-17_20_47,10288.4,812.936,2752.91,0.704699391,-1,MPF-517-20240429-11_42_59,10257.9,116.49388,127.4289927,0.085813381,0.5,1681.177874,1.228727366,72.13377902,0.001325694,20.60348238,114.7530563,-,0,114.7530563,0.099474508,0.862667057,0.995195155,-0.015951861,1.353358863,0.849775811,0.150224189,1999.976875,1681.177874,0.840598657,0.160755407,6,0.5,0: Broadleaf,2,1714502647,398.6498125,400.0261875,16.806825,16.44285,408.852,17.341325,599.9664375,101.661625,0.119388938,22.99606875,999.9,23.6658625,0,0,9994.603125,0,222.937625,1999.976875,0.97999675,0.02000325,0,116.811125,4.9992,2658.278125,16265.10625,45.726375,47.003875,46.2224375,45.9645625,46.125,1955.06875,39.91,0,329.3,0,116.49388,-15.48053847,-295.3007694,2652.4748,15,1714502595,11:43:15,1714502595,1714502579,13,-0.031,0.002,-10.213,-0.545,400,16,0.58,0.29,-1.3757815,-0.238743609,0.045876758,0,0.3187093,1.05595606,0.105803513,0,0,2,0/2,100,100,-10.202,-0.5347,-6.99844049,-0.007814304,-3.18E-07,6.48E-10,-0.460249766,-0.027428369,0.001386821,-3.01E-06,5,2011,2,27,1,1.3,1.08398,2.48413,1.59912,2.28271,1.60156,2.52319,37.7953,14.8938,18,606.699,412.609,18.0428,30.4152,30.0015,30.3608,30.3616,21.7029,21.4626,37.7765,18.0074,400,16.3053,99.5046,102.156
14,1714503020,4476,20240430 11:50:20,11:50:20,15,j6.miccal.2,-12.06650244,1714503012,-0.00012215,-0.122149898,0.113270175,399.8505,410.7026651,41.80058112,40.69606721,-0.009387159,2.956920642,-0.009403746,-0.005875849,321.5100917,24.95918373,23.92220625,2.981007325,59.75436245,1.689292426,2.82706125,1.291714899,5.386810512,-140.1643248,-9.874327613,176.8582497,0,0,1,0,54426.27211,RECT-1505-20210918-17_20_47,10288.4,812.936,2752.91,0.704699391,-1,MPF-518-20240429-11_49_04,10224.6,31.004692,33.35,0.070324078,0.5,1681.193625,0.113270175,59.11419579,0.00066219,81.54602699,32.41295174,-,0,32.41295174,0.028097399,2.502867877,0.99965556,-0.003008402,1.401853839,2.616550285,-1.616550285,1999.995625,1681.193625,0.840598652,0.160755397,6,0.5,0: Broadleaf,2,1714503012,399.8505,399.9148125,16.59778125,16.7176875,410.0253125,17.14584375,601.082,101.64975,0.128457625,23.04295625,999.9,23.92220625,0,0,9992.0225,0,263.8025,1999.995625,0.979994875,0.020005156,0,31.08608125,4.9992,856.327625,16265.23125,46.101375,47.531,46.66375,46.144375,46.4410625,1955.085625,39.91,0,363.5,0,31.004692,-1.797384607,-23.82323073,855.68932,15,1714503002,11:50:02,1714502996,1714503002,14,0.036,-0.01,-10.175,-0.546,400,17,0.47,0.2,-0.051913455,-0.523081203,0.064289573,0,-0.093904926,-0.541333828,0.0598876,0,0,2,0/2,100,100,-10.175,-0.5481,-6.962085,-0.007814304,-3.18E-07,6.48E-10,-0.470321134,-0.027428369,0.001386821,-3.01E-06,5,2011,2,27,0.4,0.3,1.08643,2.50122,1.59912,2.28271,1.60278,2.35962,38.0863,14.6924,18,608.718,408.329,16.8166,30.8846,30.0017,30.7696,30.7553,21.7284,17.7836,36.7443,16.766,400,16.8134,99.4107,102.052
15,1714503308,4763.9,20240430 11:55:08,11:55:08,15,e7.miccal.2,40.66078746,1714503300,0.000299803,0.299802563,0.981524623,398.9382667,326.3939054,33.22125428,40.60501554,0.024139341,2.958498087,0.024030452,0.015028774,321.5153181,24.80049786,23.74132,2.948750826,60.59349082,1.707963987,2.818725187,1.240786839,-13.22129304,-119.1709358,-8.381152439,180.7419369,0,0,1,0,54482.19083,RECT-1505-20210918-17_20_47,10288.4,812.936,2752.91,0.704699391,-1,MPF-519-20240429-11_53_52,10229.7,48.645628,51.6235058,0.057684533,0.5,1681.22388,0.981524623,48.49030682,0.00117862,52.32667662,49.41229542,-,0,49.41229542,0.042833402,1.346718445,0.999182093,-0.003911505,1.39243438,1.367943069,-0.367943069,2000.032,1681.22388,0.840598491,0.160755087,6,0.5,0: Broadleaf,2,1714503300,398.9382667,400.0394,16.78049333,16.48572,409.1269333,17.31564,599.9967333,101.6591333,0.123570733,22.99416,999.9,23.74132,0,0,10000.044,0,452.3228667,2000.032,0.9799982,0.020001787,0,48.73379333,4.9992,1280.962,16265.54,46.5248,48.35813333,47.14153333,46.7374,46.854,1955.132,39.9,0,286.3,0,48.645628,-7.46144616,-144.4923077,1279.0136,15,1714503271,11:54:31,1714503270,1714503271,15,-0.021,0.01,-10.197,-0.539,400,17,0.56,0.42,-1.04461681,-0.726026805,0.082467034,0,0.238684,0.886677273,0.09153389,0,0,2,0/2,100,100,-10.189,-0.5353,-6.982913446,-0.007814304,-3.18E-07,6.48E-10,-0.460392686,-0.027428369,0.001386821,-3.01E-06,5,2011,2,27,0.6,0.6,1.08521,2.49512,1.59912,2.28271,1.60156,2.44019,38.3301,14.6749,18,609.051,407.225,17.829,31.4776,30.0027,31.2889,31.2746,21.7234,21.0004,35.628,17.7883,400,16.2816,99.2994,101.96
16,1714504449,5904.9,20240430 12:14:09,12:14:09,15,g5.miccal.2,44.18423052,1714504442,0.000579237,0.579237222,1.700378502,397.9916429,318.1822971,32.37906697,40.50067578,0.038483832,2.95576886,0.038207624,0.023904416,321.5021079,25.58895302,25.41987143,3.260148358,59.12737266,1.755419883,2.968878548,1.504728475,-25.54436151,-249.4612189,-17.78722161,28.70930588,0,0,1,0,54242.92186,RECT-1505-20210918-17_20_47,10288.4,812.936,2752.91,0.704699391,-1,MPF-520-20240429-12_12_53,10266.9,115.2216923,135.3457902,0.148686544,0.5,1681.1571,1.700378502,124.98272,0.001606262,19.33982732,121.1337199,-,0,121.1337199,0.105005632,1.415986375,0.994599818,-0.029699511,1.349277985,1.488640667,-0.488640667,1999.952857,1681.1571,0.840598364,0.160754843,6,0.5,0: Broadleaf,2,1714504442,397.9916429,399.9172143,17.25014286,16.68247143,407.8558571,17.80465,601.6635,101.6238571,0.138771571,23.85439286,999.9,25.41987143,0,0,9988.039286,0,390.1880714,1999.952857,0.980003643,0.019996457,0,115.2384286,4.9992,2741.586429,16264.94286,48.6205,50.241,49.375,48.491,48.812,1955.062857,39.89,0,1139.3,0,115.2216923,-5.322461534,-112.8338462,2741.594231,15,1714504435,12:13:55,1714504435,1714504423,16,0.367,-0.029,-9.827,-0.565,400,17,0.52,0.1,-1.409470476,-9.970454494,1.114453194,0,0.378105022,3.372617983,0.374209885,0,0,2,0/2,100,100,-9.805,-0.5493,-6.615649347,-0.007814304,-3.18E-07,6.48E-10,-0.48897357,-0.027428369,0.001386821,-3.01E-06,5,2011,2,27,0.2,0.4,1.08154,2.5,1.59912,2.28027,1.60156,2.53052,40.8093,14.2459,18,613.379,390.406,18.0147,34.889,30,34.8428,34.8147,21.653,22.4475,33.0009,16.1267,400,16.8558,98.7044,101.37
17,1714504511,5966.9,20240430 12:15:11,12:15:11,15,g5.miccal.2,42.78763423,1714504503,0.00076255,0.762549758,2.226286036,397.4304667,319.9168795,32.54799156,40.43413869,0.052031062,2.957875008,0.051527891,0.032249734,321.5188887,25.47946571,25.36219333,3.248989667,60.19632934,1.780594219,2.957978067,1.468395448,-33.62844435,-250.1930765,-17.81602924,19.88133863,0,0,1,0,54316.05732,RECT-1505-20210918-17_20_47,10288.4,812.936,2752.91,0.704699391,-1,MPF-521-20240429-12_13_55,10266.1,107.7611923,124.6581439,0.135546311,0.5,1681.24542,2.226286036,113.9433077,0.001918986,21.08367551,112.5011763,-,0,112.5011763,0.09752245,1.389898546,0.995395801,-0.024549608,1.354787155,1.451034626,-0.451034626,2000.058,1681.24542,0.840598333,0.160754782,6,0.5,0: Broadleaf,2,1714504503,397.4304667,399.9598,17.50160667,16.75240667,407.2376,18.05147333,600.0031333,101.6118667,0.1270338,23.79324,999.9,25.36219333,0,0,10001.16067,0,390.6332667,2000.058,0.980006,0.0199941,0,107.8024,4.9992,2583.626667,16265.79333,48.687,50.25,49.375,48.6208,48.875,1955.168,39.89,0,60.5,0,107.7611923,-8.24393163,-176.3729914,2582.606538,15,1714504435,12:13:55,1714504435,1714504423,16,0.367,-0.029,-9.827,-0.565,400,17,0.52,0.1,-2.5210615,-0.202884361,0.067678586,0,0.751721,-0.038470647,0.006376372,1,1,2,2-Jan,100,100,-9.807,-0.5501,-6.615649347,-0.007814304,-3.18E-07,6.48E-10,-0.48897357,-0.027428369,0.001386821,-3.01E-06,5,2011,2,27,1.3,1.5,1.08276,2.5061,1.59912,2.28027,1.60156,2.38892,40.7837,14.2196,18,615.363,390.129,18.0531,34.9489,30.0009,34.8812,34.8588,21.6705,21.0267,31.8791,16.1356,400,16.8212,98.6898,101.354
18,1714504564,6019.9,20240430 12:16:04,12:16:04,15,g5.miccal.2,48.1054405,1714504556,0.00068023,0.680230215,2.222373648,397.4548125,311.5014229,31.69121434,40.43585271,0.046197969,2.957487607,0.045800777,0.028660887,321.5075278,25.50042558,25.36363125,3.249267447,60.02878868,1.775590731,2.957898652,1.473676716,-29.99815248,-250.4607272,-17.83751409,23.21113402,0,0,1,0,54304.65151,RECT-1505-20210918-17_20_47,10288.4,812.936,2752.91,0.704699391,-1,MPF-522-20240429-12_14_48,10256.2,99.30570769,112.8387213,0.119932355,0.5,1681.185671,2.222373648,100.8142785,0.001916727,23.39685569,102.7848188,-,0,102.7848188,0.089099756,1.346045833,0.996206254,-0.01933019,1.360879722,1.393203676,-0.393203676,1999.986875,1681.185671,0.840598352,0.160754819,6,0.5,0: Broadleaf,2,1714504556,397.4548125,399.9475625,17.45275625,16.78439375,407.2619375,18.003575,599.99625,101.61,0.126981,23.79279375,999.9,25.36363125,0,0,9999.146875,0,389.11075,1999.986875,0.980007125,0.019992944,0,99.45320625,4.9992,2407.158125,16265.2375,48.80425,50.3474375,49.437,48.78875,48.9960625,1955.105,39.89,0,51.29999995,0,99.30570769,-9.789552153,-207.8328207,2403.692692,15,1714504435,12:13:55,1714504435,1714504423,16,0.367,-0.029,-9.827,-0.565,400,17,0.52,0.1,-2.53031,0.555928831,0.081682294,0,0.682726429,-0.261501506,0.029290321,0,0,2,0/2,100,100,-9.807,-0.5509,-6.615649347,-0.007814304,-3.18E-07,6.48E-10,-0.48897357,-0.027428369,0.001386821,-3.01E-06,5,2011,2,27,2.1,2.4,1.08398,2.49512,1.59912,2.28027,1.60156,2.54761,40.758,14.2196,18,615.487,389.938,18.1288,35.0693,30.0013,34.9664,34.9448,21.6877,19.9173,31.5028,16.0829,400,16.8957,98.6673,101.328
19,1714504766,6222,20240430 12:19:26,12:19:26,15,g2.miccal.2,54.41355599,1714504758,0.000656503,0.656503118,2.482815781,397.2048667,301.4045045,30.66483085,40.41153954,0.045628626,2.958098407,0.045241198,0.028310283,321.5119133,25.57071607,25.14393333,3.207065479,59.49980875,1.766789446,2.969403571,1.440276033,-28.95178749,-205.1831099,-14.59842197,72.77859399,0,0,1,0,54310.91108,RECT-1505-20210918-17_20_47,10288.4,812.936,2752.91,0.704699391,-1,MPF-523-20240429-12_18_10,10245.9,98.035956,111.7454031,0.122684663,0.5,1681.20596,2.482815781,103.129093,0.002071618,23.63555479,101.8768659,-,0,101.8768659,0.08831269,1.389207621,0.996277475,-0.01955167,1.361443296,1.443634808,-0.443634808,2000.010667,1681.20596,0.840598497,0.160755099,6,0.5,0: Broadleaf,2,1714504758,397.2048667,399.9484667,17.36576667,16.72066,407.005,17.91381333,599.9960667,101.611,0.128789533,23.85733333,999.9,25.14393333,0,0,10002.51333,0,402.9401333,2000.010667,0.980001,0.0199994,0,98.16331333,4.9992,2468.528667,16265.39333,48.812,50.37913333,49.5,48.875,49,1955.110667,39.9,0,200.3,0,98.035956,-12.50409231,-251.3892308,2465.9996,15,1714504743,12:19:03,1714504743,1714504739,17,0.005,0.005,-9.823,-0.564,400,16,0.38,0.06,-2.420938952,-4.673791091,0.6994774,0,0.591574033,0.835366597,0.155586388,0,0,2,0/2,100,100,-9.8,-0.5471,-6.610381459,-0.007814304,-3.18E-07,6.48E-10,-0.484464798,-0.027428369,0.001386821,-3.01E-06,5,2011,2,27,0.4,0.5,1.08521,2.50732,1.59912,2.28027,1.60278,2.4707,40.9122,14.1495,18,615.581,388.427,18.0077,35.3799,30.001,35.2571,35.228,21.7119,19.0352,30.8088,16.0022,400,16.811,98.5816,101.262
20,1714504848,6304,20240430 12:20:48,12:20:48,15,g2.miccal.2,51.68087091,1714504840,0.000654137,0.654137283,2.378340781,397.3563333,305.9978762,31.12827684,40.42190783,0.04601975,2.957247831,0.045625571,0.028551116,321.5039927,25.58405369,25.15188667,3.208584845,60.09946537,1.785918949,2.971605385,1.422665895,-28.84745418,-204.4268657,-14.55028711,73.67938573,0,0,1,0,54283.24955,RECT-1505-20210918-17_20_47,10288.4,812.936,2752.91,0.704699391,-1,MPF-524-20240429-12_19_32,10231,87.354128,102.2314519,0.145525899,0.5,1681.16702,2.378340781,122.3266707,0.002009521,25.92820994,93.90921141,-,0,93.90921141,0.081405872,1.787658492,0.996870162,-0.020933205,1.36634746,1.921804992,-0.921804992,1999.964667,1681.16702,0.840598361,0.160754836,6,0.5,0: Broadleaf,2,1714504840,397.3563333,399.9946,17.55598,16.91332667,407.1572,18.10038,599.9999333,101.5981333,0.1289676,23.86966,999.9,25.15188667,0,0,9998.954667,0,402.9267333,1999.964667,0.9800044,0.019995993,0,87.42269333,4.9992,2240.574667,16265.03333,49.0872,50.754,49.75826667,49.15806667,49.25413333,1955.074667,39.89,0,80.30000019,0,87.354128,-5.140753835,-105.1530768,2239.2684,15,1714504743,12:19:03,1714504743,1714504739,17,0.005,0.005,-9.823,-0.564,400,16,0.38,0.06,-2.674514,0.330729023,0.062568183,0,0.6456038,-0.050716511,0.005085002,1,1,2,2-Jan,100,100,-9.802,-0.5442,-6.610381459,-0.007814304,-3.18E-07,6.48E-10,-0.484464798,-0.027428369,0.001386821,-3.01E-06,5,2011,2,27,1.8,1.8,1.08521,2.51221,1.59912,2.28149,1.60278,2.36572,41.0412,14.1233,18,616.377,387.937,17.9029,35.5256,30.0006,35.4077,35.3803,21.7187,17.8157,30.436,16.1508,400,16.9385,98.5559,101.239
21,1714504913,6369,20240430 12:21:53,12:21:53,15,g2.miccal.2,50.44862923,1714504905,0.0006954,0.695399987,2.447630652,397.2886667,307.793471,31.3080351,40.41127799,0.048517288,2.95725362,0.048079383,0.030088629,321.5078843,25.65118503,25.25447333,3.22823895,60.06782154,1.793352391,2.985545912,1.43488656,-30.66713942,-208.3694744,-14.84437681,67.62689372,0,0,1,0,54268.99092,RECT-1505-20210918-17_20_47,10288.4,812.936,2752.91,0.704699391,-1,MPF-525-20240429-12_20_37,10226.8,83.10408077,99.01873665,0.160723681,0.5,1681.183678,2.447630652,135.1030149,0.002050716,26.80190995,91.19132048,-,0,91.19132048,0.079049849,2.033194036,0.997059262,-0.022292017,1.368003521,2.231053484,-1.231053484,1999.984,1681.183678,0.840598564,0.160755228,6,0.5,0: Broadleaf,2,1714504905,397.2886667,400.0126,17.63068667,16.94754,407.0890667,18.1736,599.9938,101.5891333,0.128537933,23.94752,999.9,25.25447333,0,0,9999.873333,0,402.64,1999.984,0.9799984,0.02000188,0,83.14304667,4.9992,2155.88,16265.14667,49.40806667,51.13733333,50.062,49.51653333,49.5704,1955.084,39.904,0,63.5,0,83.10408077,-2.8040376,-65.59316227,2155.315385,15,1714504743,12:19:03,1714504743,1714504739,17,0.005,0.005,-9.823,-0.564,400,16,0.38,0.06,-2.7187975,-0.012401955,0.031652816,1,0.6712627,0.351314165,0.037281276,0,1,2,2-Jan,100,100,-9.801,-0.5431,-6.610381459,-0.007814304,-3.18E-07,6.48E-10,-0.484464798,-0.027428369,0.001386821,-3.01E-06,5,2011,2,27,2.8,2.9,1.08521,2.5,1.59912,2.28027,1.60156,2.5415,41.1964,14.1145,18,616.854,387.182,17.9706,35.6496,30.0009,35.5319,35.507,21.7139,17.5421,29.686,16.2145,400,16.8829,98.534,101.215
22,1714505248,6704,20240430 12:27:28,12:27:28,15,i2.miccal.1,-1.319619841,1714505240,-0.000138303,-0.138303451,0.013716632,399.9386667,393.6137059,40.03678161,40.68013084,-0.010394382,2.956379554,-0.010414728,-0.006507374,321.5096195,24.96465441,23.9374,2.983730739,58.850686,1.663842631,2.827227249,1.319888108,6.099182174,-142.4056526,-10.03488263,175.1682664,0,0,1,0,54408.8026,RECT-1505-20210918-17_20_47,10288.4,812.936,2752.91,0.704699391,-1,MPF-526-20240429-12_26_12,10213.2,39.79792308,39.14,-0.016809481,0.5,1681.19114,0.013716632,-14.12997506,0.000602975,69.33495146,37.85560515,-,0,37.85560515,0.032815402,-0.512243629,0.999526936,0.000850254,1.398869263,-0.487243832,1.487243832,1999.992667,1681.19114,0.840598652,0.160755399,6,0.5,0: Broadleaf,2,1714505240,399.9386667,399.8970667,16.35774,16.49379333,409.8083333,16.90381333,599.9461333,101.5916667,0.124256867,23.04392667,999.9,23.9374,0,0,9994.666667,0,372.2383333,1999.992667,0.9799966,0.020003147,0,39.79838,4.9992,1104.200667,16265.22,48.375,49.5998,49.0914,48.062,48.4916,1955.082667,39.91,0,333.0999999,0,39.79792308,-3.409367515,-53.02222224,1103.833077,15,1714505219,12:26:59,1714505218,1714505219,18,-0.048,0.02,-9.87,-0.554,400,16,1.12,0.1,0.054400599,-0.191574812,0.037393262,0,-0.093896197,-0.687324598,0.074211635,0,0,2,0/2,100,100,-9.87,-0.544,-6.658459572,-0.007814304,-3.18E-07,6.48E-10,-0.464192735,-0.027428369,0.001386821,-3.01E-06,5,2011,2,27,0.5,0.5,1.08398,2.50122,1.59912,2.27905,1.60156,2.53906,40.7837,14.062,18,616.236,394.886,17.6231,33.7922,29.9981,34.086,34.107,21.7065,13.6629,28.9691,17.5939,400,16.7058,98.9073,101.571
23,1714505513,6969,20240430 12:31:53,12:31:53,15,d8.miccal.2,219.1478434,1714505505,5.61E-05,0.056102681,0.913910842,398.98975,43.35409135,4.409336044,40.57932783,0.004170294,2.95655199,0.004167028,0.002604686,321.5075979,24.95065449,24.1453,3.021215066,59.41777667,1.683581292,2.833463966,1.337633775,-2.474128227,-169.7462472,-11.97559346,137.311629,0,0,1,0,54407.02836,RECT-1505-20210918-17_20_47,10288.4,812.936,2752.91,0.704699391,-1,MPF-527-20240429-12_30_37,10258.2,142.5335385,149.8980071,0.049129864,0.5,1681.1805,0.913910842,41.29808434,0.001138433,17.36522081,132.6601287,-,0,132.6601287,0.114997382,0.42722593,0.993421285,-0.011107159,1.341776742,0.397631656,0.602368344,1999.98,1681.1805,0.840598656,0.160755407,6,0.5,0: Broadleaf,2,1714505505,398.98975,399.9260625,16.55354375,16.49836875,408.9154375,17.09309375,599.9889375,101.583125,0.12206375,23.08035,999.9,24.1453,0,0,9996.485,0,401.89775,1999.98,0.979995375,0.020004413,0,142.838875,4.9992,3222.0325,16265.1,47.85925,49.25,48.542625,47.75,48.062,1955.07,39.91,0,263.3,0,142.5335385,-18.74694019,-399.7832482,3215.086923,15,1714505479,12:31:19,1714505479,1714505476,19,-0.063,0.003,-9.933,-0.549,400,16,0.69,0.19,-0.954554714,0.317829273,0.039596263,0,0.054404671,0.047288338,0.013985998,1,1,2,2-Jan,100,100,-9.926,-0.5378,-6.721382046,-0.007814304,-3.18E-07,6.48E-10,-0.460904257,-0.027428369,0.001386821,-3.01E-06,5,2011,2,27,0.6,0.6,1.08521,2.50366,1.59912,2.27905,1.60156,2.53174,40.4,13.9832,18,613.829,397.461,17.2135,32.8586,30.0001,33.0756,33.1118,21.7324,15.1997,28.2272,16.8811,400,16.5709,99.0775,101.742
24,1714505717,7173,20240430 12:35:17,12:35:17,15,d7.miccal.2,44.30927402,1714505709,0.000380391,0.380391239,1.301112677,398.5110667,319.8022502,32.52486987,40.52979795,0.029364342,2.957625192,0.029203334,0.018266476,321.5066527,24.82355814,23.95035333,2.986054286,59.86140307,1.69177561,2.826154288,1.294278676,-16.77525362,-145.5313743,-10.25117088,148.9488539,0,0,1,0,54446.56324,RECT-1505-20210918-17_20_47,10288.4,812.936,2752.91,0.704699391,-1,MPF-528-20240429-12_34_01,10247,80.18004615,84.08170563,0.046403191,0.5,1681.18102,1.301112677,39.00608227,0.001368748,31.74089149,78.36959444,-,0,78.36959444,0.067935244,0.683050338,0.997864264,-0.005353141,1.375703125,0.667627178,0.332372822,1999.981333,1681.18102,0.840598356,0.160754827,6,0.5,0: Broadleaf,2,1714505709,398.5110667,399.9636,16.63446,16.26044,408.4465333,17.17724667,600.07,101.5787333,0.124334267,23.03765333,999.9,23.95035333,0,0,10003.00533,0,110.0793333,1999.981333,0.9800062,0.019993647,0,80.24261333,4.9992,1950.84,16265.17333,47.7996,49.3162,48.4412,47.8456,48.05373333,1955.091333,39.89,0,202.0999999,0,80.18004615,-12.34851282,-249.0882051,1949.761154,15,1714505696,12:34:56,1714505696,1714505691,20,-0.013,-0.005,-9.947,-0.55,400,16,0.51,0.29,-1.20752954,-3.718509988,0.48121101,0,0.319573051,0.882092166,0.117462712,0,0,2,0/2,100,100,-9.936,-0.5435,-6.734731947,-0.007814304,-3.18E-07,6.48E-10,-0.46560888,-0.027428369,0.001386821,-3.01E-06,5,2011,2,27,0.3,0.4,1.08643,2.51587,1.59912,2.27905,1.60156,2.38525,40.6298,13.9306,18,612.785,394.021,17.6032,32.8959,30.0019,32.9106,32.9216,21.7311,16.5349,27.8831,17.5141,400,16.3412,99.075,101.736
25,1714506077,7533,20240430 12:41:17,12:41:17,15,b2.miccal.2,135.0475813,1714506069,8.46E-05,0.084613882,0.837269976,399.0976875,176.5151085,17.94997068,40.5845814,0.006199815,2.956885656,0.006192602,0.003871023,321.5095322,25.11868692,24.3518375,3.058860754,59.42976715,1.701911978,2.863736574,1.356948776,-3.731472207,-174.6643225,-12.34501425,130.7687232,0,0,1,0,54384.27386,RECT-1505-20210918-17_20_47,10288.4,812.936,2752.91,0.704699391,-1,MPF-529-20240429-12_40_01,10235.6,62.83448462,68.52444425,0.083035473,0.5,1681.196175,0.837269976,69.79945976,0.001092835,39.174131,64.6822595,-,0,64.6822595,0.05607028,1.480917759,0.998570737,-0.007643567,1.383722439,1.524467136,-0.524467136,1999.999375,1681.196175,0.84059835,0.160754816,6,0.5,0: Broadleaf,2,1714506069,399.0976875,399.96875,16.7361375,16.6529375,409.07025,17.27505625,599.9839375,101.5675,0.123345813,23.25615625,999.9,24.3518375,0,0,9999.915625,0,465.186875,1999.999375,0.980004188,0.019996213,0,62.8634125,4.9992,1593.093125,16265.3125,47.39825,48.60925,47.933125,47.636625,47.694875,1955.109375,39.89,0,358.0999999,0,62.83448462,-6.182146986,-135.8482052,1591.044615,15,1714506039,12:40:39,1714506037,1714506039,21,-0.032,0.002,-9.98,-0.546,400,16,0.47,0.15,-0.858314143,-0.107691974,0.064914916,0,0.085494633,-0.043667743,0.007646184,1,1,2,2-Jan,100,100,-9.973,-0.538,-6.767105146,-0.007814304,-3.18E-07,6.48E-10,-0.463459058,-0.027428369,0.001386821,-3.01E-06,5,2011,2,27,0.7,0.6,1.08887,2.50488,1.59912,2.27905,1.60278,2.49878,40.2982,13.8431,18,610.383,395.286,17.5735,32.817,30.0004,32.7191,32.7106,21.7846,10.4878,29.2989,15.4429,400,16.7248,99.0867,101.752
26,1714506344,7800,20240430 12:45:44,12:45:44,15,a8.miccal.2,50.64774584,1714506337,0.000321251,0.321250692,1.128622384,398.7272308,309.2065322,31.44401467,40.54760682,0.022283763,2.957298812,0.022190899,0.013877623,321.5110703,25.29898069,24.77972308,3.138158646,58.53727391,1.701014385,2.905865393,1.437144261,-14.16715551,-204.3292515,-14.48862643,88.52603682,0,0,1,0,54352.01182,RECT-1505-20210918-17_20_47,10288.4,812.936,2752.91,0.704699391,-1,MPF-530-20240429-12_44_28,10317.8,111.63724,116.7324851,0.043648904,0.5,1681.201524,1.128622384,36.69130229,0.001266132,22.58306686,106.0057245,-,0,106.0057245,0.091891821,0.475003149,0.995947432,-0.007318614,1.358872601,0.451041722,0.548958278,2000.005385,1681.201524,0.840598499,0.160755102,6,0.5,0: Broadleaf,2,1714506337,398.7272308,399.9820769,16.72702308,16.41161538,408.6527692,17.26206154,600.893,101.5631538,0.129441231,23.49813077,999.9,24.77972308,0,0,10002.68769,0,339.7840769,2000.005385,0.979998692,0.020001008,0,111.6552308,4.9992,2595.554615,16265.34615,47.72092308,49.15361538,48.25,48.05246154,48.03338462,1955.105385,39.9,0,265.0999999,0,111.63724,-9.791384639,-199.092308,2597.0352,15,1714506331,12:45:31,1714506331,1714506319,22,0.052,0.004,-9.928,-0.542,400,16,0.31,0.14,-0.745082415,-7.576208765,0.814814167,0,0.182487941,1.930069243,0.206909703,0,0,2,0/2,100,100,-9.912,-0.5312,-6.715168373,-0.007814304,-3.18E-07,6.48E-10,-0.45938557,-0.027428369,0.001386821,-3.01E-06,5,2011,2,27,0.2,0.4,1.08765,2.51709,1.59912,2.27905,1.60156,2.3999,40.4765,13.773,18,610.012,395.307,17.8791,32.6606,30.0006,32.5342,32.5271,21.7689,15.9008,31.0729,15.5721,400,16.5293,99.1309,101.802
27,1714506386,7841.9,20240430 12:46:26,12:46:26,15,a8.miccal..2,46.46503482,1714506378,0.000408616,0.408616066,1.332853516,398.5061875,315.6431679,32.09492353,40.520521,0.028685086,2.956263506,0.02853135,0.017845837,321.5160321,25.46980677,24.97004375,3.174003229,59.63023584,1.753044568,2.939858519,1.42095866,-18.01996849,-203.827628,-14.48611514,85.18232047,0,0,1,0,54285.9258,RECT-1505-20210918-17_20_47,10288.4,812.936,2752.91,0.704699391,-1,MPF-531-20240429-12_45_10,10315.9,105.06828,109.9874866,0.044725148,0.5,1681.229362,1.332853516,37.59661579,0.001387588,24.02930184,100.4136991,-,0,100.4136991,0.087044334,0.513820323,0.99639065,-0.006997961,1.362349451,0.491057808,0.508942192,2000.03875,1681.229362,0.840598395,0.160754901,6,0.5,0: Broadleaf,2,1714506378,398.5061875,400.0019375,17.240625,16.8390375,408.42175,17.766425,599.97575,101.5569375,0.124096,23.69115,999.9,24.97004375,0,0,9997.42625,0,343.129375,2000.03875,0.980002688,0.019996969,0,105.229375,4.9992,2469.355625,16265.63125,47.9566875,49.4176875,48.437125,48.316125,48.269375,1955.14625,39.89375,0,40.30000019,0,105.06828,-8.848076905,-153.0553843,2465.8584,15,1714506331,12:45:31,1714506331,1714506319,22,0.052,0.004,-9.928,-0.542,400,16,0.31,0.14,-1.521694286,0.768021818,0.082718601,0,0.391255381,0.254502857,0.025779421,0,0,2,0/2,100,100,-9.916,-0.5244,-6.715168373,-0.007814304,-3.18E-07,6.48E-10,-0.45938557,-0.027428369,0.001386821,-3.01E-06,5,2011,2,27,0.9,1.1,1.08887,2.51587,1.59912,2.27905,1.60278,2.43286,40.6042,13.7555,18,611.681,395.801,18.1144,32.7435,30.0008,32.573,32.5656,21.7801,14.3852,31.0729,15.8918,400,16.84,99.116,101.786
28,1714506434,7889.9,20240430 12:47:14,12:47:14,15,a8.miccal.2,20.98719083,1714506429,0.00049115,0.491149875,0.7153049,399.1001111,356.5770333,36.25436467,40.57782644,0.034082927,2.955937829,0.033866101,0.021185679,321.5160159,25.71359545,25.21581111,3.220819517,59.67459759,1.782563457,2.987139468,1.43825606,-21.65970947,-200.7004098,-14.30224015,84.85365646,0,0,1,0,54227.64578,RECT-1505-20210918-17_20_47,10288.4,812.936,2752.91,0.704699391,-1,MPF-532-20240429-12_45_58,10330,98.476324,102.0959434,0.035453117,0.5,1681.2303,0.7153049,29.80242737,0.001020268,25.96395084,93.79485496,-,0,93.79485496,0.081306741,0.436041545,0.996878252,-0.005092031,1.366417311,0.415312552,0.584687448,2000.04,1681.2303,0.840598338,0.160754793,6,0.5,0: Broadleaf,2,1714506429,399.1001111,400.0114444,17.53226667,17.04972222,409.0202222,18.05252222,599.9931111,101.5487778,0.124525,23.9564,999.9,25.21581111,0,0,9996.382222,0,330.0728889,2000.04,0.980006667,0.019992856,0,98.10248889,4.9992,2327.614444,16265.65556,48.25,49.75,48.736,48.63877778,48.54822222,1955.15,39.89,0,46.29999995,0,98.476324,-8.372876933,-178.372308,2334.2192,15,1714506331,12:45:31,1714506331,1714506319,22,0.052,0.004,-9.928,-0.542,400,16,0.31,0.14,-0.958621381,0.548623325,0.071662564,0,0.473634095,0.072186156,0.008577245,1,1,2,2-Jan,100,100,-9.92,-0.5199,-6.715168373,-0.007814304,-3.18E-07,6.48E-10,-0.45938557,-0.027428369,0.001386821,-3.01E-06,5,2011,2,27,1.7,1.9,1.08887,2.51221,1.59912,2.27905,1.60156,2.4646,40.758,13.7468,18,611.55,395.463,18.3586,32.8674,30.0011,32.6522,32.6414,21.78,14.9588,31.0729,16.1242,400,17.0028,99.0977,101.768
29,1714506663,8118.9,20240430 12:51:03,12:51:03,15,d4.miccal.2,90.7317969,1714506655,0.000388286,0.388285784,2.496186391,397.376375,244.2860544,24.83562281,40.3997264,0.027511705,2.955911708,0.027370238,0.017119048,321.5139819,26.01753167,25.2691875,3.231066578,60.07376136,1.82464879,3.037347336,1.406417787,-17.1234031,-164.9536128,-11.77457814,127.6623878,0,0,1,0,54176.05815,RECT-1505-20210918-17_20_47,10288.4,812.936,2752.91,0.704699391,-1,MPF-533-20240429-12_49_47,10234.2,42.693152,53.9703425,0.20895162,0.5,1681.2141,2.496186391,175.6462049,0.00207956,50.00782898,51.55821326,-,0,51.55821326,0.044693606,4.675201614,0.999107066,-0.014858631,1.391224654,5.645988421,-4.645988421,2000.02,1681.2141,0.840598644,0.160755383,6,0.5,0: Broadleaf,2,1714506655,397.376375,400.026,17.94745625,17.5662625,407.164,18.47844375,600.1940625,101.5415625,0.124588125,24.23408125,999.9,25.2691875,0,0,9996.944375,0,460.3835625,2000.02,0.97999675,0.020003275,0,42.70771875,4.9992,1202.7625,16265.4375,48.562,50.35925,49.20275,48.812,48.875,1955.11,39.91,0,226.8999999,0,42.693152,-0.960469225,-46.67923085,1201.9016,15,1714506641,12:50:41,1714506641,1714506638,23,0.119,-0.019,-9.809,-0.54,400,18,0.53,0.38,-2.068950895,-7.946471197,0.986171183,0,0.294094838,1.257516663,0.146347476,0,0,2,0/2,100,100,-9.787,-0.5309,-6.5967939,-0.007814304,-3.18E-07,6.48E-10,-0.47872755,-0.027428369,0.001386821,-3.01E-06,5,2011,2,27,0.4,0.4,1.08643,2.51221,1.59912,2.27905,1.60156,2.41333,41.1187,13.668,18,610.224,393.595,17.9491,32.9126,29.9997,32.7458,32.725,21.7413,18.3126,32.5895,16.4857,400,17.4481,99.0792,101.758
30,1714506715,8170.9,20240430 12:51:55,12:51:55,15,d4.miccal.2,86.95608186,1714506707,0.000424634,0.424634464,2.579764736,397.2588667,250.0182972,25.4174157,40.3862192,0.029667445,2.956745847,0.029503057,0.018454104,321.5056357,26.08965811,25.38858,3.254090415,59.87034527,1.827445542,3.052338406,1.426644872,-18.72637985,-170.9396242,-12.21081528,119.6288164,0,0,1,0,54185.59204,RECT-1505-20210918-17_20_47,10288.4,812.936,2752.91,0.704699391,-1,MPF-534-20240429-12_50_39,10229.9,41.39863462,51.20208857,0.1914659,0.5,1681.17292,2.579764736,160.9436428,0.002129326,52.76558021,49.02607144,-,0,49.02607144,0.042498601,4.505228297,0.999195225,-0.012869919,1.392651608,5.335288141,-4.335288141,1999.971333,1681.17292,0.840598509,0.160755122,6,0.5,0: Broadleaf,2,1714506707,397.2588667,400.0074,17.97566,17.55864667,407.0452667,18.50607333,599.9828,101.5374,0.124822267,24.31621333,999.9,25.38858,0,0,10002.08667,0,460.7744,1999.971333,0.979999,0.020001,0,41.40043333,4.9992,1173.22,16265.04667,48.68286667,50.53306667,49.312,48.9412,49,1955.071333,39.9,0,50.0999999,0,41.39863462,-0.828837603,-23.06905983,1173.096538,15,1714506641,12:50:41,1714506641,1714506638,23,0.119,-0.019,-9.809,-0.54,400,18,0.53,0.38,-2.74406,-0.182692331,0.038375389,0,0.414238,0.125232632,0.017427479,0,0,2,0/2,100,100,-9.786,-0.5304,-6.5967939,-0.007814304,-3.18E-07,6.48E-10,-0.47872755,-0.027428369,0.001386821,-3.01E-06,5,2011,2,27,1.2,1.3,1.08643,2.5061,1.59912,2.27905,1.60278,2.52197,41.1705,13.6592,18,611.426,393.423,18.0307,32.9112,30,32.7394,32.7249,21.7368,19.4501,32.2161,16.5063,400,17.493,99.0879,101.768
31,1714507021,8476.9,20240430 12:57:01,12:57:01,15,h4.miccal.2,42.89612395,1714507013,0.000578939,0.57893905,1.801316633,397.9418125,320.8629698,32.6177442,40.45329461,0.041992527,2.956120305,0.041663929,0.026069264,321.5127487,25.45145376,24.8492875,3.151219019,60.21159802,1.772870091,2.944399665,1.378348928,-25.5312121,-180.4869303,-12.82173589,102.6728704,0,0,1,0,54276.4801,RECT-1505-20210918-17_20_47,10288.4,812.936,2752.91,0.704699391,-1,MPF-535-20240429-12_55_45,10223.3,121.7996154,131.3005088,0.072359913,0.5,1681.207782,1.801316633,60.82602428,0.001666252,19.96648388,117.8831875,-,0,117.8831875,0.102187885,0.708106572,0.994908089,-0.013938378,1.35136321,0.68533763,0.31466237,2000.0125,1681.207782,0.840598637,0.16075537,6,0.5,0: Broadleaf,2,1714507013,397.9418125,399.9735625,17.43984375,16.8709875,407.7184375,17.977525,599.9854375,101.532875,0.123430875,23.7167875,999.9,24.8492875,0,0,9998.983125,0,379.2845,2000.0125,0.979995813,0.020003794,0,122.2343125,4.9992,2862.778125,16265.36875,48.875,50.417625,49.460625,49.25775,49.125,1955.103125,39.909375,0,304.5,0,121.7996154,-22.74400001,-434.0550427,2854.001154,15,1714506993,12:56:33,1714506993,1714506987,24,0.015,0.003,-9.793,-0.549,400,17,0.68,0.1,-2.022249524,-0.180360779,0.05469246,0,0.574138429,-0.115040416,0.01780391,0,0,2,0/2,100,100,-9.777,-0.538,-6.581762647,-0.007814304,-3.18E-07,6.48E-10,-0.475352368,-0.027428369,0.001386821,-3.01E-06,5,2011,2,27,0.5,0.6,1.08398,2.50122,1.59912,2.27905,1.60156,2.56104,41.3521,13.5541,18,612.321,389.263,17.875,32.9936,30.0017,32.828,32.8106,21.6988,26.266,29.9655,16.0477,400,16.8418,99.0364,101.708
32,1714507074,8529.9,20240430 12:57:54,12:57:54,15,h4.miccal.2,52.26053283,1714507066,0.000497979,0.497979183,1.876878941,397.9190667,305.9661303,31.10552643,40.45376537,0.035913888,2.956402176,0.035673266,0.022317276,321.5105771,25.43996638,24.81943333,3.145608241,59.91422663,1.760689068,2.938682791,1.384919174,-21.96088198,-180.8909157,-12.84518191,105.8135976,0,0,1,0,54290.85964,RECT-1505-20210918-17_20_47,10288.4,812.936,2752.91,0.704699391,-1,MPF-536-20240429-12_56_38,10217.8,104.50396,113.5592009,0.079740266,0.5,1681.19618,1.876878941,67.02951555,0.00171121,23.24206914,103.3822891,-,0,103.3822891,0.089617677,0.889782782,0.996158971,-0.012947586,1.360508336,0.880232489,0.119767511,1999.998667,1681.19618,0.840598651,0.160755396,6,0.5,0: Broadleaf,2,1714507066,397.9190667,399.9940667,17.31882667,16.82948,407.6956667,17.85883333,600.0099333,101.5396,0.1236998,23.68450667,999.9,24.81943333,0,0,9999.92,0,356.1187333,1999.998667,0.9799934,0.020006133,0,104.7036667,4.9992,2489.427333,16265.26,49.062,50.437,49.604,49.437,49.312,1955.088667,39.91,0,51.5,0,104.50396,-15.1686923,-274.7884612,2487.0624,15,1714506993,12:56:33,1714506993,1714506987,24,0.015,0.003,-9.793,-0.549,400,17,0.68,0.1,-2.062862857,-0.093605455,0.053618271,1,0.491947857,-0.229322104,0.035323251,0,1,2,2-Jan,100,100,-9.777,-0.5401,-6.581762647,-0.007814304,-3.18E-07,6.48E-10,-0.475352368,-0.027428369,0.001386821,-3.01E-06,5,2011,2,27,1.4,1.4,1.08398,2.51343,1.59912,2.27905,1.60278,2.36816,41.4301,13.5191,18,612.719,388.319,17.8892,33.1878,30.002,32.9707,32.9512,21.7003,25.7216,29.2243,15.9819,400,16.9664,98.9848,101.663
33,1714507346,8801.9,20240430 13:02:26,13:02:26,15,h7.miccal.1,38.91567398,1714507338,0.000403144,0.403143996,1.154506009,398.69575,328.1936519,33.36366434,40.53079972,0.029666864,2.956181583,0.029502452,0.018453728,321.5019122,25.2747115,24.625875,3.109442324,60.35789117,1.753529177,2.905219422,1.355913147,-17.77865022,-180.3203411,-12.78084668,110.6220742,0,0,1,0,54319.00071,RECT-1505-20210918-17_20_47,10288.4,812.936,2752.91,0.704699391,-1,MPF-537-20240429-13_01_10,10208.6,62.64399615,69.91944671,0.10405475,0.5,1681.150575,1.154506009,87.46585153,0.001281566,38.37259417,65.92379415,-,0,65.92379415,0.057146513,1.820841639,0.998512961,-0.009791775,1.383003356,1.916173883,-0.916173883,1999.944375,1681.150575,0.840598667,0.160755427,6,0.5,0: Broadleaf,2,1714507338,398.69575,400.011,17.24921875,16.853025,408.5814375,17.7934375,599.9944375,101.5331875,0.125281938,23.49444375,999.9,24.625875,0,0,9999.3,0,446.8381875,1999.944375,0.9799935,0.020006075,0,62.65794375,4.9992,1691.32375,16264.8125,48.906,50.558125,49.625,49.1715,49.187,1955.034375,39.91,0,270.5,0,62.64399615,0.388482058,-4.211623911,1690.928077,15,1714507322,13:02:02,1714507322,1714507310,25,-0.102,-0.003,-9.897,-0.552,400,17,0.82,0.23,-1.219834857,-1.170017377,0.261611118,0,0.365351243,0.536026364,0.080729709,0,0,2,0/2,100,100,-9.886,-0.5441,-6.683953232,-0.007814304,-3.18E-07,6.48E-10,-0.4783087,-0.027428369,0.001386821,-3.01E-06,5,2011,2,27,0.4,0.6,1.08276,2.50732,1.59912,2.27905,1.60278,2.54639,41.8223,13.4403,18,611.519,384.925,17.7231,33.6249,30.0005,33.4147,33.3884,21.6695,26.8668,25.1147,15.8635,400,16.7237,98.8948,101.586
34,1714507418,8873.9,20240430 13:03:38,13:03:38,15,h7.miccal.1,33.97187192,1714507410,0.000414896,0.414896284,1.025829274,398.83,336.0935654,34.16699604,40.54473049,0.030196431,2.956549984,0.030026136,0.018781555,321.5086619,25.34385682,24.67706,3.118970595,59.90147847,1.747885233,2.917933375,1.371085362,-18.29692611,-176.9555011,-12.54861699,113.7076177,0,0,1,0,54316.63603,RECT-1505-20210918-17_20_47,10288.4,812.936,2752.91,0.704699391,-1,MPF-538-20240429-13_02_22,10198.9,59.90438,63.05,0.04989088,0.5,1681.1861,1.025829274,41.93792721,0.001205,42.66233148,59.78256344,-,0,59.78256344,0.051822943,0.962718003,0.99878675,-0.004194798,1.386544356,0.9607603,0.0392397,1999.986667,1681.1861,0.840598654,0.160755403,6,0.5,0: Broadleaf,2,1714507410,398.83,400.0213333,17.19358,16.78580667,408.7165333,17.73882,599.9844,101.5338667,0.125312667,23.56688,999.9,24.67706,0,0,10001.32333,0,446.3792667,1999.986667,0.9799942,0.020005307,0,59.95620667,4.9992,1629.579333,16265.16667,48.875,50.6374,49.6166,49.05786667,49.1746,1955.076667,39.91,0,70.20000005,0,59.90438,-4.1073077,-79.70461551,1628.5768,15,1714507322,13:02:02,1714507322,1714507310,25,-0.102,-0.003,-9.897,-0.552,400,17,0.82,0.23,-1.175765714,-0.377495844,0.08640597,0,0.403548429,0.109075558,0.01647234,0,0,2,0/2,100,100,-9.887,-0.5452,-6.683953232,-0.007814304,-3.18E-07,6.48E-10,-0.4783087,-0.027428369,0.001386821,-3.01E-06,5,2011,2,27,1.6,1.8,1.08276,2.50366,1.59912,2.28027,1.60156,2.55981,41.9275,13.4141,18,612.54,384.131,17.8174,33.7067,30.0005,33.496,33.4744,21.6656,25.4085,23.6092,15.8153,400,16.8544,98.8904,101.577