SysObs,SysObs,SysObs,SysObs,SysObs,SysObs,UserDefCon,GasEx,GasEx,GasEx,GasEx,GasEx,GasEx,GasEx,GasEx,GasEx,GasEx,GasEx,GasEx,GasEx,GasEx,GasEx,GasEx,GasEx,GasEx,GasEx,GasEx,GasEx,GasEx,GasEx,GasEx,Leak,Leak,Leak,Leak,Leak,FLR,FLR,FLR,FLR,FLR,FLR,FLR,FLR,FLR,FLR,FLR,FLR,FLR,FLR,FLR,FLR,FLR,FLR,FLR,FLR,FLR,FLR,FLR,FLR,FLR,FLR,FLR,FLR,MPF,MPF,MPF,MPF,MPF,MPF,MPF,MPF,MPF,MPF,MPF,MPF,MPF,MPF,MPF,MPF,MPF,MPF,MPF,MPF,MPF,FastKntcs,FastKntcs,FastKntcs,FastKntcs,FastKntcs,FastKntcs,FastKntcs,FastKntcs,FastKntcs,FastKntcs,FastKntcs,FastKntcs,FastKntcs,LeafQ,LeafQ,LeafQ,LeafQ,Const,Const,Const,Const,Meas,Meas,Meas,Meas,Meas,Meas,Meas,Meas,Meas,Meas,Meas,Meas,Meas,Meas,Meas,Meas,Meas,Meas,Meas2,Meas2,Meas2,Meas2,Meas2,Meas2,Meas2,Meas2,Meas2,Meas2,FlrLS,FlrLS,FlrLS,FlrLS,FlrLS,FlrLS,FlrLS,FlrLS,FlrLS,FlrLS,FlrLS,FlrLS,FlrLS,FlrLS,FlrLS,FlrLS,FlrLS,FlrLS,FlrStats,FlrStats,FlrStats,FlrStats,FlrStats,MchEvent,MchEvent,MchEvent,MchEvent,MchEvent,MchEvent,MchEvent,MchEvent,MchEvent,MchEvent,MchEvent,MchEvent,MchEvent,Stability,Stability,Stability,Stability,Stability,Stability,Stability,Stability,Stability,Stability,Stability,Raw,Raw,Raw,Raw,Raw,Raw,Raw,Raw,Raw,Raw,Raw,Raw,Raw,Raw,Raw,Raw,Raw,Raw,Status2,Status2,Status2,Status2,Status2,Status2,Status2,Status2,Status2,Status2,Status2,Status2,Status2,Status2,Status2,Status2,Status2,Status2,Status2,Auxiliary,Auxiliary,Auxiliary,Auxiliary,Auxiliary,Auxiliary,Auxiliary,Auxiliary,Auxiliary,Auxiliary,Auxiliary,Auxiliary,Auxiliary,Auxiliary,Auxiliary,Auxiliary,Auxiliary,Auxiliary,Auxiliary,MchStatus,MchStatus,MchStatus,MchStatus,MchStatus,MchStatus,MchStatus,MchStatus,MchStatus,MchStatus,MchStatus,MchStatus,MchStatus,MchStatus,MchStatus,MchStatus,MchStatus,MchStatus,ConStatus,ConStatus,ConStatus,ConStatus,ConStatus,ConStatus,ConStatus,ConStatus,Status,Status,Status,Status,Status,Status,Status,Status,Status,Status,Status,Status,Status,Status,Status,Status
obs,time,elapsed,date,hhmmss,averaging,plant_id,TIME,E,Emm,A,Ca,Ci,Pci,Pca,gsw,gbw,gtw,gtc,Rabs,TleafEB,TleafCnd,SVPleaf,RHcham,VPcham,SVPcham,VPDleaf,LatHFlux,SenHFlux,NetTherm,EBSum,Leak,LeakPct,CorrFact,CorrFactPct,Fan,DarkAdaptedID,Qmax_d,Fo,Fm,Fv/Fm,A_dark,LightAdaptedID,Qmax,Fs,Fm',PhiPS2,PS2/1,Qabs_fs,A_fs,ETR,PhiCO2,NPQ,alt._Fo',DarkPulseID,Fmin,Fo',Fv'/Fm',qP,qN,qP_Fo,qN_Fo,qL,1-qL,ID,P1_dur,P1_Fmax,T@P1_Fmax,Q@P1_Fmax,P1_PredF,P1_ΔF,P2_dur,P2_ramp,P2_int,P2_int_se,P2_slp,P2_slp_se,P2_R2,P2_dQdt,P3_dur,P3_Fmax,T@P3_Fmax,Q@P3_Fmax,P3_PredF,P3_ΔF,ID,Dur,DCo,InitSlope,Fo,F1,T@F1,T@HIR,F2,T@F2,DCmax,T@DCmax,PhiPS2_dc,Qin,Qabs,alpha,convert,S,K,Geometry,Custom,TIME,CO2_s,CO2_r,H2O_s,H2O_r,CO2_a,H2O_a,Flow,Pa,ΔPcham,Tair,Tleaf,Tleaf2,Offset,Offset2,Fan_speed,Qamb_in,Qamb_out,ΔCO2,CO2_s_d,CO2_r_d,ΔH2O,CO2_b,H2O_b,e_s,e_r,Td_s,Td_r,Q,f_red,f_blue,f_farred,F,Q_modavg,F_dc,Pc,Tled,TDigital,TPreamp,TPwrSpy,TDrive,Q_red,Q_blue,Q_farred,TSPF,state,F_avg,dF/dt,dF_dc/dt,F_dc_avg,period,time,hhmmss,co2_t,h2o_t,count,co2_adj,h2o_adj,co2_match,h2o_match,co2_at,h2o_at,co2_cv,h2o_cv,ΔCO2:MN,ΔCO2:SLP,ΔCO2:SD,ΔCO2:OK,ΔH2O:MN,ΔH2O:SLP,ΔH2O:SD,ΔH2O:OK,Stable,Total,State,Vflow,VPchamber,abs_c_a,abs_c_b,abs_h_a,abs_h_b,Wc_s,Wc_r,Wco_s,Wco_r,Ww_s,Ww_r,Wwo_s,Wwo_r,Flow_s_v,Flow_r_v,Tleaf_mv,Tleaf2_mv,Tleaf_j,Tleaf2_j,Console_RH,Console_T,Console_H2O,Fan_%,Flow_%,Pump,Tchp_pwm,Txchg_pwm,diag_20v,diag_5_4v,diag_12v,diag_5va,diag_3_3vf,AccCO2_soda,AccH2O_des,AccH2O_hum,CO2_hrs,ADC_CH1,ADC_CH2,ADC_CH3,ADC_CH4,ADC_CH5,ADC_CH6,ADC_CH7,ADC_CH8,DAC_1,DAC_2,DAC_3,DAC_4,GPIO,GPIO_dir,excit_5v,power_12v,power_5v,ch1_pullup,AuxPower,MatchValveR,MatchValveS,MatchCO2,MatchH2O,cf_co2_a,cf_co2_b,cf_co2_c,cf_co2_d,cf_h2o_a,cf_h2o_b,cf_h2o_c,cf_h2o_d,co2_fit_low,co2_fit_high,h2o_fit_low,h2o_fit_high,co2_elapsed,h2o_elapsed,CO2_f,CO2_f_s,Pump_f,Pump_f_s,Pump_p,Pump_p_s,Tboard,V_system,DIAG,Flow_s,Flow_r,Txchg,Tirga,Tchopper,Ts,Tr,CO2_%,Desiccant_%,Humidifier_%,Txchg_sp,CO2_r_sp,H2O_r_sp,SS_s,SS_r
,s,s,,,s,,s,mol m⁻² s⁻¹,mmol m⁻² s⁻¹,µmol m⁻² s⁻¹,µmol mol⁻¹,µmol mol⁻¹,Pa,Pa,mol m⁻² s⁻¹,mol m⁻² s⁻¹,mol m⁻² s⁻¹,mol m⁻² s⁻¹,W m⁻²,°C,°C,kPa,%,kPa,kPa,kPa,W m⁻²,W m⁻²,W m⁻²,W m⁻²,µmol s⁻¹,%,,%,µmol s⁻¹,,,,,,µmol m⁻² s⁻¹,,,,,,,µmol m⁻² s⁻¹,µmol m⁻² s⁻¹,µmol m⁻² s⁻¹,µmol µmol⁻¹,,,,,,,,,,,,,,ms,,ms,µmol m⁻² s⁻¹,,,ms,%,,,centimol m⁻² s⁻¹,centimol m⁻² s⁻¹,,mol m⁻² s⁻²,ms,,ms,µmol m⁻² s⁻¹,,,,ms,,s⁻¹,,,ms,ms,,ms,,ms,,µmol m⁻² s⁻¹,µmol m⁻² s⁻¹,,J/µmol,cm²,,,mol m⁻² s⁻¹,s,µmol mol⁻¹,µmol mol⁻¹,mmol mol⁻¹,mmol mol⁻¹,µmol mol⁻¹,mmol mol⁻¹,µmol s⁻¹,kPa,kPa,°C,°C,°C,°C,°C,rpm,µmol m⁻² s⁻¹,µmol m⁻² s⁻¹,µmol mol⁻¹,µmol mol⁻¹,µmol mol⁻¹,mmol mol⁻¹,µmol mol⁻¹,mmol mol⁻¹,kPa,kPa,°C,°C,µmol m⁻² s⁻¹,,,,,µmol m⁻² s⁻¹,,,°C,°C,°C,°C,°C,µmol m⁻² s⁻¹,µmol m⁻² s⁻¹,µmol m⁻² s⁻¹,s,,,min⁻¹,min⁻¹,,s,secs,,s,s,,µmol/mol,mmol/mol,µmol/mol,mmol/mol,µmol/mol,mmol/mol,%,%,, min⁻¹,,,, min⁻¹,,,,,,V,V,,,,,,,,,,,,,V,V,mV,mV,°C,°C,%,°C,mmol mol⁻¹,%,%,,V,V,V,V,V,V,V,mg,mg,mg,hrs,V,V,V,V,V,V,V,V,V,V,V,V,,,,,,,V,%,%,µmol/mol,mmol/mol,µmol/mol,,,,mmol/mol,,,,µmol mol⁻¹,µmol mol⁻¹,mmol mol⁻¹,mmol mol⁻¹,min,min,V,V,V,V,V,V,°C,V,,µmol s⁻¹,µmol s⁻¹,°C,°C,°C,°C,°C,%,%,%,°C,µmol mol⁻¹,mmol mol⁻¹,%,%
1,1714841422,0,20240504 09:50:22,9:50:22,none,f3.avebar.1,1714841422,0.000867102,0.867101704,5.42751006,394.195,225.4603606,22.91751139,40.06898763,0.054485679,2.95947467,0.053934479,0.033758108,321.4681348,28.43076137,27.3959,3.663232429,58.74791619,2.075177032,3.532341513,1.588055397,-38.23918514,-98.9057879,-7.218645883,177.1045159,0,0,1,0,53822.05336,-,-,0,0,#DIV/0!,0,-,-,0,0,#DIV/0!,0.5,1680.9783,5.42751006,#DIV/0!,0.003228781,#DIV/0!,#DIV/0!,-,0,#DIV/0!,#DIV/0!,#DIV/0!,#DIV/0!,#DIV/0!,#DIV/0!,#DIV/0!,#DIV/0!,,,,,,,,,,,,,,,,,,,,,,,,,,,,,,,,,,,1999.74,1680.9783,0.840598428,0.160754966,6,0.5,0: Broadleaf,2,1714841422,394.195,399.965,20.4154,19.5659,396.325,20.3567,599.929,101.595,0.0526303,26.776,27.3959,999.9,0,0,10011.9,0,0.00191117,-5.76959,402.41,407.946,0.849514,399.965,19.5659,2.0741,1.9878,18.0217,17.3475,1999.74,0.980004,0.0199957,0,198.039,5.00018,4907.61,17109.1,40.312,40.812,40.187,40.625,41.312,1954.85,39.89,0,1714841425,0,198.4277308,-2.605914527,-75.00033942,4991.503077,15,1714841371,9:49:31,1714841369,1714841371,1,-0.349,-0.034,-2.132,0.027,398,19,0.42,0.06,-5.915309512,0.996026341,0.107693277,0,0.81968,0.371699895,0.037798338,1,1,2,2-Jan,3.25565,2.74594,0.0966194,0.0970319,0.104548,0.100385,21209.4,21823.2,24917.3,25561.7,33899.7,34317.5,41648.9,41293.3,2.31995,2.0653,0.0767037,0,26.1411,999.9,68.8,24.6,21.0251,61.0299,19.0545,1,-0.380213,-0.991732,20.3399,5.20546,11.9141,4.99355,3.282,2303.9,9999,9999,34,1.86522,1.85805,1.86737,1.86249,1.86478,1.86096,1.86332,1.8608,0,0,0,0,0,iiiiiiii,off,off,off,off,0,100,100,-2.13,0.0587,-1.878230977,-0.000660975,7.36E-08,-1.58E-11,-0.1199105,-0.010425798,0.001278883,-1.65E-05,3,2172,1,25,0.9,0.8,1.02295,2.50854,1.54663,2.26685,1.4502,2.43164,29.2827,15.9182,18,608.041,491.554,25.0004,22.6454,29.9996,22.6027,22.5669,20.5437,0,100,25,400,20.9979,100.971,101.039
2,1714841909,486.5,20240504 09:58:28,9:58:28,none,f8.avebar.1,1714841909,0.000878377,0.878376521,7.097810575,392.516,189.8640968,19.30387033,39.90790304,0.058604693,2.963024072,0.057968284,0.03628678,321.5171728,28.16499036,26.6225,3.500568076,57.54603496,2.001647983,3.478342138,1.498920094,-38.73640456,-17.26817006,-1.252306331,264.2602918,0,0,1,0,53973.66284,-,-,0,0,#DIV/0!,0,-,-,0,0,#DIV/0!,0.5,1681.2309,7.097810575,#DIV/0!,0.004221794,#DIV/0!,#DIV/0!,-,0,#DIV/0!,#DIV/0!,#DIV/0!,#DIV/0!,#DIV/0!,#DIV/0!,#DIV/0!,#DIV/0!,,,,,,,,,,,,,,,,,,,,,,,,,,,,,,,,,,,2000.04,1681.2309,0.840598638,0.160755371,6,0.5,0: Broadleaf,2,1714841909,392.516,399.957,19.6873,18.8264,394.525,19.6312,600.128,101.622,0.0500415,26.5144,26.6225,999.9,0,0,10029.4,0,0.00191117,-7.44153,400.399,407.632,0.860954,399.957,18.8264,2.00067,1.91318,17.4497,16.7435,2000.04,0.979995,0.020005,0,317.519,5.00018,7325.42,17111.6,39.875,39.75,40.062,38.687,40.437,1955.13,39.91,0,1714841911,0,317.49508,-0.851307713,-210.6799998,7338.578,15,1714841888,9:58:07,1714841888,1714841883,2,0.12,0.013,-2.013,0.022,400,18,0.1,0.1,-6.19034395,-19.43184376,2.54215886,0,0.711927885,2.249499941,0.294987923,0,0,2,0/2,3.25566,2.74349,0.096384,0.0971259,0.101974,0.0977626,21228.9,21839.5,24932.1,25581.7,34020.5,34446.3,41677.2,41327.7,2.32125,2.0615,0.0770763,0,25.3599,999.9,66.6,25,20.8383,60.7299,19.2027,1,-0.405788,-1.18552,20.3362,5.20801,11.9168,4.99375,3.282,2315.4,9999,9999,34.1,1.86522,1.85805,1.86737,1.86248,1.86476,1.86094,1.86334,1.8608,0,0,0,0,0,iiiiiiii,off,off,off,off,0,100,100,-2.009,0.0561,-1.758622672,-0.000660975,7.36E-08,-1.58E-11,-0.107222009,-0.010425798,0.001278883,-1.65E-05,3,2172,1,25,0.3,0.4,1.02661,2.51831,1.54663,2.2583,1.4502,2.45361,29.1554,15.8832,18,605.306,486.427,25.0012,22.2799,30.0003,22.2727,22.2599,20.6207,0,100,25,400,19.4646,101.036,101.121
3,1714842313,890.5999999,20240504 10:05:12,10:05:12,none,a8.avebar.1,1714842313,0.000988156,0.98815648,7.096376439,392.484,210.0787357,21.36183546,39.90969672,0.065541549,2.958265934,0.064745404,0.040536602,321.5181898,27.97425223,26.6644,3.509216227,58.04152401,1.999318357,3.444634494,1.50989787,-43.57770079,-50.25404901,-3.648089237,224.0383508,0,0,1,0,53864.20109,-,-,0,0,#DIV/0!,0,-,-,0,0,#DIV/0!,0.5,1681.239,7.096376439,#DIV/0!,0.004220921,#DIV/0!,#DIV/0!,-,0,#DIV/0!,#DIV/0!,#DIV/0!,#DIV/0!,#DIV/0!,#DIV/0!,#DIV/0!,#DIV/0!,,,,,,,,,,,,,,,,,,,,,,,,,,,,,,,,,,,2000.05,1681.239,0.840598485,0.160755076,6,0.5,0: Broadleaf,2,1714842313,392.484,399.968,19.6619,18.6932,394.359,19.6132,600.017,101.634,0.0509011,26.3493,26.6644,999.9,0,0,10001.2,0,0.00191117,-7.48367,400.356,407.587,0.968716,399.968,18.6932,1.99831,1.89986,17.431,16.6335,2000.05,0.980003,0.0199971,0,330.819,5.00018,7587.92,17111.8,39.875,40.062,40.062,39.187,40.5,1955.15,39.9,0,1714842316,0,331.4282,-8.035692325,-125.4707693,7599.146,15,1714842275,10:04:35,1714842275,1714842275,3,0.134,-0.007,-1.879,0.017,400,18,0.44,0.12,-7.58149,1.002580188,0.101232278,0,0.95790515,0.123095797,0.014641903,1,1,2,2-Jan,3.25548,2.74411,0.0963611,0.0971349,0.101916,0.0972762,21226.7,21839.7,24929,25582.4,34019.9,34468.5,41673.6,41332.1,2.32313,2.05763,0.099685,0,25.0311,999.9,65.9,25.4,21.1144,61.1736,19.2588,1,-0.40282,-1.13999,20.336,5.20321,11.9147,4.9928,3.28133,2325,9999,9999,34.3,1.86523,1.85806,1.8674,1.86249,1.86479,1.86096,1.8634,1.86081,0,0,0,0,0,iiiiiiii,off,off,off,off,0,100,100,-1.875,0.0487,-1.624733389,-0.000660975,7.36E-08,-1.58E-11,-0.11428125,-0.010425798,0.001278883,-1.65E-05,3,2172,1,25,0.6,0.6,1.02295,2.51709,1.54663,2.25586,1.4502,2.45483,29.687,15.8482,18,606.655,484.127,25.0022,22.3138,30.0002,22.2811,22.2683,20.5453,17.2836,100,25,400,18.5664,101.026,101.129
4,1714842625,1202.6,20240504 10:10:24,10:10:24,none,f4.avebar.1,1714842625,0.001414531,1.414531316,10.34144499,389.003,200.098985,20.34954007,39.56058117,0.092471939,2.961557659,0.090897327,0.056950069,321.5309578,27.68291021,26.6881,3.514116156,57.92577565,1.974220492,3.408189998,1.539895664,-62.38083104,-82.84938835,-6.002894416,170.297844,0,0,1,0,53993.41446,-,-,0,0,#DIV/0!,0,-,-,0,0,#DIV/0!,0.5,1681.3062,10.34144499,#DIV/0!,0.00615084,#DIV/0!,#DIV/0!,-,0,#DIV/0!,#DIV/0!,#DIV/0!,#DIV/0!,#DIV/0!,#DIV/0!,#DIV/0!,#DIV/0!,,,,,,,,,,,,,,,,,,,,,,,,,,,,,,,,,,,2000.13,1681.3062,0.840598461,0.16075503,6,0.5,0: Broadleaf,2,1714842625,389.003,399.891,19.4127,18.0261,390.791,19.3665,600.204,101.645,0.0523678,26.1692,26.6881,999.9,0,0,10018.8,0,0.00191117,-10.888,396.704,407.232,1.38668,399.891,18.0261,1.97321,1.83226,17.231,16.0647,2000.13,0.980003,0.0199971,0,375.125,5.00018,8478.26,17112.4,40.187,40.812,40.187,40.562,41.125,1955.23,39.9,0,1714842628,0,377.12684,-14.45823078,-311.0561543,8511.8776,15,1714842594,10:09:53,1714842585,1714842594,4,0.085,0.003,-1.794,0.003,400,17,0.14,0.07,-11.091295,1.658510319,0.162699036,0,1.45858425,0.008485666,0.043023902,1,1,2,2-Jan,3.25546,2.74572,0.0956678,0.0970946,0.100974,0.094757,21236.1,21836.8,24921.7,25578.6,34046.3,34562.4,41661.3,41329.2,2.32255,2.04795,0.114154,0,24.8174,999.9,66.2,25.9,21.8458,61.1136,19.347,1,-0.392071,-1.09085,20.3379,5.20022,11.9164,4.99235,3.2811,2332.1,9999,9999,34.3,1.86529,1.85809,1.8675,1.86251,1.86483,1.86101,1.8634,1.86086,0,0,0,0,0,iiiiiiii,off,off,off,off,0,100,100,-1.788,0.0462,-1.539843009,-0.000660975,7.36E-08,-1.58E-11,-0.11170062,-0.010425798,0.001278883,-1.65E-05,3,2172,1,25,0.7,0.5,1.02417,2.52075,1.54663,2.23511,1.4502,2.44507,30.222,15.8044,18,607.693,479.32,25.0007,22.446,30.0002,22.411,22.3902,20.5799,21.5926,99.014,25,400,18.2329,100.996,101.119
5,1714842969,1546.6,20240504 10:16:08,10:16:08,none,f5.avebar.1,1714842969,0.001801982,1.801982455,8.671263701,390.647,264.2917341,26.87932889,39.73007036,0.119528168,2.953461283,0.116904377,0.073296176,321.5118058,27.88572061,26.9767,3.574264657,59.09377343,2.049940922,3.468962638,1.524323735,-79.46742628,-80.90324108,-5.895285598,155.2458528,0,0,1,0,53702.41525,-,-,0,0,#DIV/0!,0,-,-,0,0,#DIV/0!,0.5,1681.2054,8.671263701,#DIV/0!,0.005157766,#DIV/0!,#DIV/0!,-,0,#DIV/0!,#DIV/0!,#DIV/0!,#DIV/0!,#DIV/0!,#DIV/0!,#DIV/0!,#DIV/0!,,,,,,,,,,,,,,,,,,,,,,,,,,,,,,,,,,,2000.01,1681.2054,0.840598497,0.160755099,6,0.5,0: Broadleaf,2,1714842969,390.647,400.024,20.1561,18.3901,392.432,20.0961,599.885,101.649,0.0542522,26.4686,26.9767,999.9,0,0,9972.5,0,0.00191117,-9.37695,398.683,407.518,1.76602,400.024,18.3901,2.04884,1.86932,17.8269,16.3789,2000.01,0.980002,0.0199985,0,352.296,5.00018,9004.29,17111.4,37.937,39,38.437,37.562,38.937,1955.11,39.9,0,1714842971,0,353.8140385,-12.09234188,-215.5610256,9026.384615,15,1714842937,10:15:36,1714842927,1714842937,5,0.003,-0.001,-1.791,0.011,400,18,0.17,0.04,-9.4257815,0.504992645,0.057699883,0,1.6463735,1.184352495,0.118483711,0,0,2,0/2,3.25521,2.74721,0.0959474,0.0970855,0.103652,0.0960921,21221.7,21829.5,24913,25570.5,33932.6,34502.5,41647.3,41318.4,2.32037,2.03955,0.0827089,0,25.6225,999.9,63.4,26.5,21.6776,61.4836,19.7756,1,-0.378623,-1.07551,20.3381,5.20651,11.9201,4.99375,3.282,2340.2,9999,9999,34.4,1.86539,1.85822,1.86752,1.86264,1.86493,1.86111,1.86346,1.86096,0,0,0,0,0,iiiiiiii,off,off,off,off,0,100,100,-1.785,0.06,-1.536764739,-0.000660975,7.36E-08,-1.58E-11,-0.113080564,-0.010425798,0.001278883,-1.65E-05,3,2172,1,25,0.7,0.5,1.02661,2.52563,1.54663,2.23511,1.4502,2.5061,30.9985,15.7606,18,607.914,475.643,24.9997,22.5953,30.0008,22.565,22.5504,20.6158,18.9009,100,25,400,18.5247,100.962,101.09
6,1714843332,1909.6,20240504 10:22:11,10:22:11,none,i7.avebar.1-a8,1714843332,0.001750081,1.750081124,6.45845814,392.829,293.7724703,29.87944602,39.95443442,0.116142985,2.968571181,0.113676376,0.071264987,321.5192068,28.08139214,26.8542,3.548624961,57.74719997,2.025686743,3.507852752,1.522938218,-77.17857757,-31.43217211,-2.279511753,210.6289454,0,0,1,0,54111.2692,-,-,0,0,#DIV/0!,0,-,-,0,0,#DIV/0!,0.5,1681.2471,6.45845814,#DIV/0!,0.003841469,#DIV/0!,#DIV/0!,-,0,#DIV/0!,#DIV/0!,#DIV/0!,#DIV/0!,#DIV/0!,#DIV/0!,#DIV/0!,#DIV/0!,,,,,,,,,,,,,,,,,,,,,,,,,,,,,,,,,,,2000.06,1681.2471,0.840598332,0.160754781,6,0.5,0: Broadleaf,2,1714843332,392.829,399.974,19.9164,18.2014,394.653,19.8681,600.079,101.657,0.0524828,26.6578,26.8542,999.9,0,0,10057.5,0,0.00191117,-7.14508,400.811,407.389,1.71503,399.974,18.2014,2.02465,1.85031,17.6385,16.2184,2000.06,0.980007,0.0199931,0,618.947,5.00018,13279.7,17111.9,38.25,38.875,38.562,37.562,39,1955.17,39.89,0,1714843334,0,620.73592,-12.15392305,-281.4384612,13312.096,15,1714843308,10:21:47,1714843306,1714843308,6,-0.037,-0.007,-1.828,0.005,400,18,0.17,0.05,-6.9770115,-5.526446004,1.036671399,0,1.5631696,1.578615377,0.21067474,0,0,2,0/2,3.25533,2.74618,0.0962474,0.0969669,0.102696,0.0952851,21189.4,21807,24886.2,25543.7,33932.9,34501.6,41601,41280.3,2.31148,2.0255,0.0823513,0,25.5057,999.9,61.5,27.2,21.9069,60.4036,19.5954,1,-0.334007,-0.629281,20.3394,5.20531,11.9201,4.9937,3.282,2348.7,9999,9999,34.5,1.86541,1.85827,1.86761,1.86269,1.86493,1.86113,1.86352,1.86101,0,0,0,0,0,iiiiiiii,off,off,off,off,0,100,100,-1.824,0.0483,-1.573454014,-0.000660975,7.36E-08,-1.58E-11,-0.119987081,-0.010425798,0.001278883,-1.65E-05,3,2172,1,25,0.4,0.4,1.02661,2.53418,1.54663,2.23145,1.4502,2.5,31.7173,15.6993,18,607.229,471.19,25.0003,23.1648,30.0008,23.0538,23.013,20.6326,21.4302,100,25,400,18.1575,100.851,100.992
7,1714843713,2290.6,20240504 10:28:32,10:28:32,none,f2.avebar.1,1714843713,0.001263649,1.263648764,6.323899648,393.151,261.4069968,26.5882642,39.98822826,0.082914673,2.958453328,0.081645008,0.051140585,321.4862698,28.40121914,27.2817,3.63880603,59.45425666,2.109052011,3.547352417,1.529754019,-55.72691049,-69.15752449,-5.048144086,191.5536907,0,0,1,0,53780.57704,-,-,0,0,#DIV/0!,0,-,-,0,0,#DIV/0!,0.5,1681.071,6.323899648,#DIV/0!,0.003761828,#DIV/0!,#DIV/0!,-,0,#DIV/0!,#DIV/0!,#DIV/0!,#DIV/0!,#DIV/0!,#DIV/0!,#DIV/0!,#DIV/0!,,,,,,,,,,,,,,,,,,,,,,,,,,,,,,,,,,,1999.85,1681.071,0.840598545,0.160755192,6,0.5,0: Broadleaf,2,1714843713,393.151,399.972,20.7355,19.498,394.978,20.6732,599.974,101.657,0.0551367,26.8481,27.2817,999.9,0,0,10000,0,0.00191117,-6.82071,401.476,407.926,1.23749,399.972,19.498,2.10791,1.98211,18.2791,17.3021,1999.85,0.979998,0.0200022,0,353.795,5.00018,8405.02,17110.1,39.937,40.312,40.25,39.125,40.562,1954.95,39.9,0,1714843715,0,354.9646154,-10.9385299,-222.8215384,8432.698846,15,1714843686,10:28:05,1714843681,1714843686,7,-0.003,-0.003,-1.831,0.034,400,19,0.15,0.06,-6.86735575,0.36671606,0.051316392,0,1.20666,0.564945816,0.065567005,0,0,2,0/2,3.25559,2.74833,0.0961665,0.0968269,0.105502,0.0999441,21167.5,21781,24860.7,25511.8,33790.2,34285,41555.7,41233.4,2.30737,2.0135,0.0937432,0,25.7474,999.9,61.8,27.9,22.9366,61.1837,19.5994,1,-0.289327,-0.887549,20.338,5.20516,11.9258,4.9933,3.282,2357.5,9999,9999,34.6,1.86541,1.85828,1.86758,1.86272,1.86493,1.86114,1.86354,1.86099,0,0,0,0,0,iiiiiiii,off,off,off,off,0,100,100,-1.827,0.0623,-1.57647824,-0.000660975,7.36E-08,-1.58E-11,-0.122974806,-0.010425798,0.001278883,-1.65E-05,3,2172,1,25,0.5,0.5,1.02905,2.5354,1.54663,2.23145,1.4502,2.41455,32.0244,15.6205,18,610.901,469.143,25.0009,23.6973,30.0016,23.6522,23.6201,20.6745,19.7117,100,25,400,19.6236,100.743,100.873
8,1714844195,2772.5,20240504 10:36:34,10:36:34,none,f7.avebar.1,1714844195,0.000696244,0.696244383,4.280869935,395.403,239.4371878,24.35367824,40.21730095,0.046528169,2.961061999,0.046125787,0.028864479,321.5096308,28.42743069,27.2286,3.627496896,60.62807921,2.135701491,3.522627665,1.491795405,-30.70437731,-79.72260517,-5.809217205,205.2734311,0,0,1,0,53878.23869,-,-,0,0,#DIV/0!,0,-,-,0,0,#DIV/0!,0.5,1681.1967,4.280869935,#DIV/0!,0.002546323,#DIV/0!,#DIV/0!,-,0,#DIV/0!,#DIV/0!,#DIV/0!,#DIV/0!,#DIV/0!,#DIV/0!,#DIV/0!,#DIV/0!,,,,,,,,,,,,,,,,,,,,,,,,,,,,,,,,,,,2000,1681.1967,0.84059835,0.160754815,6,0.5,0: Broadleaf,2,1714844195,395.403,399.959,20.9975,20.3159,397.252,20.9328,600.022,101.655,0.0571796,26.7292,27.2286,999.9,0,0,10015,0,0.00191117,-4.55551,403.884,408.253,0.681551,399.959,20.3159,2.13451,2.06522,18.4791,17.9535,2000,0.980003,0.0199967,0,239.329,5.00018,5733.38,17111.3,39.687,40.312,40.062,39.062,40.437,1955.11,39.89,0,1714844197,0,239.95656,-6.359230766,-162.12,5751.1652,15,1714844159,10:35:58,1714844159,1714844158,8,-0.02,-0.003,-1.852,0.046,400,20,0.55,0.13,-4.65644275,0.246104353,0.061115094,0,0.697763375,0.080947036,0.010023968,1,1,2,2-Jan,3.25587,2.7505,0.096421,0.0966566,0.106269,0.102732,21142.5,21763.4,24841.4,25489.5,33734.4,34153.9,41520.9,41203.2,2.29977,1.9964,0.0848882,0,25.8394,999.9,64,28.8,25.0286,60.8637,19.387,1,-0.247752,-0.710106,20.3398,5.20516,11.9229,4.9933,3.282,2368.8,9999,9999,34.8,1.86551,1.85837,1.86768,1.86279,1.86498,1.8612,1.86356,1.86108,0,0,0,0,0,iiiiiiii,off,off,off,off,0,100,100,-1.849,0.0647,-1.596872012,-0.000660975,7.36E-08,-1.58E-11,-0.126160187,-0.010425798,0.001278883,-1.65E-05,3,2172,1,25,0.6,0.6,1.02905,2.5415,1.54541,2.229,1.4502,2.5061,32.6204,15.533,18,613.04,464.709,24.9995,24.3438,30.001,24.3363,24.319,20.6795,23.2445,100,25,400,20.3673,100.661,100.794
9,1714845086,3663.5,20240504 10:51:25,10:51:25,none,b8.avebar.1,1714845086,0.000920895,0.920895276,5.790944388,393.802,230.9578905,23.49555732,40.06183743,0.060301571,2.966476781,0.059628777,0.037327808,321.5331328,28.7572872,27.7797,3.746375742,61.62763749,2.221345375,3.604462973,1.525030367,-40.61148169,-105.5049609,-7.710093296,167.7065969,0,0,1,0,53966.98952,-,-,0,0,#DIV/0!,0,-,-,0,0,#DIV/0!,0.5,1681.3149,5.790944388,#DIV/0!,0.003444295,#DIV/0!,#DIV/0!,-,0,#DIV/0!,#DIV/0!,#DIV/0!,#DIV/0!,#DIV/0!,#DIV/0!,#DIV/0!,#DIV/0!,,,,,,,,,,,,,,,,,,,,,,,,,,,,,,,,,,,2000.14,1681.3149,0.840598608,0.160755314,6,0.5,0: Broadleaf,2,1714845086,393.802,399.955,21.8355,20.9348,395.574,21.755,600.058,101.675,0.0559141,27.12,27.7797,999.9,0,0,10043.8,0,0.00191117,-6.15353,402.592,408.507,0.900764,399.955,20.9348,2.22013,2.12854,19.1083,18.4344,2000.14,0.979997,0.0200027,0,249.285,5.00018,5757.38,17112.5,38.562,39.687,38.75,38.875,39.75,1955.23,39.91,0,1714845088,0,249.8426923,-4.074940169,-135.611624,5772.646154,15,1714845054,10:50:53,1714845054,1714845049,9,0.075,-0.002,-1.776,0.051,400,20,0.24,0.08,-6.194568537,0.391628362,0.04803266,0,0.947174073,0.273823923,0.074928691,1,1,2,2-Jan,3.25604,2.74949,0.0959232,0.0964659,0.10902,0.104743,21117.5,21728.2,24802.5,25447.1,33576.1,34028.1,41452,41143.2,2.28545,1.9712,0.083521,0,26.414,999.9,66,29.8,27.3387,60.7737,19.399,1,-0.180058,-0.198026,20.3434,5.20486,11.9201,4.993,3.282,2389.4,9999,9999,35,1.86554,1.85851,1.86771,1.8629,1.86508,1.86128,1.86356,1.86116,0,0,0,0,0,iiiiiiii,off,off,off,off,0,100,100,-1.772,0.0805,-1.521379794,-0.000660975,7.36E-08,-1.58E-11,-0.128061523,-0.010425798,0.001278883,-1.65E-05,3,2172,1,25,0.5,0.6,1.02905,2.55371,1.54663,2.22534,1.4502,2.50366,33.8509,15.3841,18,612.242,456.666,25.0011,25.2221,30.0007,25.1906,25.1831,20.6794,27.2411,95.3921,25,400,21.0572,100.498,100.639
10,1714845594,4171.5,20240504 10:59:53,10:59:53,none,g7.avebar.1-h6,1714845594,0.001046589,1.046588558,6.008400287,393.599,244.3970717,24.86517705,40.04511492,0.068763025,2.962128512,0.067888383,0.042507896,321.5379323,28.61592619,27.6556,3.71931342,61.33658706,2.196443507,3.580967922,1.522869913,-46.15455541,-103.3221942,-7.552777557,164.5084052,0,0,1,0,53859.92571,-,-,0,0,#DIV/0!,0,-,-,0,0,#DIV/0!,0.5,1681.340106,6.008400287,#DIV/0!,0.003573578,#DIV/0!,#DIV/0!,-,0,#DIV/0!,#DIV/0!,#DIV/0!,#DIV/0!,#DIV/0!,#DIV/0!,#DIV/0!,#DIV/0!,,,,,,,,,,,,,,,,,,,,,,,,,,,,,,,,,,,2000.17,1681.340106,0.840598602,0.160755302,6,0.5,0: Broadleaf,2,1714845594,393.599,400.02,21.5886,20.5645,395.218,21.5072,599.938,101.685,0.055896,27.0086,27.6556,999.9,0,0,10018.1,0,0.00191117,-6.42032,402.284,408.419,1.02401,400.02,20.5645,2.19524,2.09111,18.9276,18.1517,2000.17,0.979994,0.0200058,0,288.758,5.00018,6614.38,17112.7,36.937,38.062,37.312,36.5,37.812,1955.25,39.91,0,1714845596,0,289.05132,-4.599692301,-168.5561534,6634.21,15,1714845535,10:58:54,1714845533,1714845535,10,0.153,0.006,-1.623,0.046,400,20,0.37,0.07,-6.3847435,0.095841951,0.02823669,1,1.054278,-0.128706867,0.022942834,1,2,2,2-Feb,3.25581,2.74924,0.0959226,0.0965378,0.108208,0.103493,21134.5,21747.6,24820.9,25470.3,33633.5,34105.8,41485.8,41179.7,2.2926,1.97305,0.0411272,0,26.9834,999.9,63,30.4,27.0092,60.7937,19.6955,1,-0.209581,-0.395918,20.3405,5.20321,11.9201,4.99275,3.282,2401,9999,9999,35.2,1.86554,1.85852,1.86781,1.86292,1.86508,1.86135,1.86359,1.8612,0,0,0,0,0,iiiiiiii,off,off,off,off,0,100,100,-1.619,0.0814,-1.368350913,-0.000660975,7.36E-08,-1.58E-11,-0.121887246,-0.010425798,0.001278883,-1.65E-05,3,2172,1,25,1,1,1.03149,2.56104,1.54663,2.21558,1.4502,2.47559,34.0771,15.2966,18,614.671,456.035,25.001,24.9012,30,24.9542,24.9653,20.7167,26.992,93.5733,25,400,20.6597,100.577,100.729
11,1714845984,4562.1,20240504 11:06:24,11:06:24,none,g8.avebar.1,1714845984,0.000895148,0.895148429,4.400003717,395.222,265.5017234,27.01140337,40.20878179,0.058462218,2.958463375,0.057827917,0.036198864,321.5102098,28.4628627,27.09,3.59812256,58.38730146,2.06712706,3.540370952,1.530995499,-39.47604573,-43.92538497,-3.202707434,234.9060717,0,0,1,0,53787.442,-,-,0,0,#DIV/0!,0,-,-,0,0,#DIV/0!,0.5,1681.197,4.400003717,#DIV/0!,0.002617185,#DIV/0!,#DIV/0!,-,0,#DIV/0!,#DIV/0!,#DIV/0!,#DIV/0!,#DIV/0!,#DIV/0!,#DIV/0!,#DIV/0!,,,,,,,,,,,,,,,,,,,,,,,,,,,,,,,,,,,2000,1681.197,0.8405985,0.160755105,6,0.5,0: Broadleaf,2,1714845984,395.222,399.976,20.3183,19.4413,396.812,20.2615,599.973,101.683,0.0542054,26.8146,27.09,999.9,0,0,9997.5,0,0.00191117,-4.75385,403.419,407.906,0.877064,399.976,19.4413,2.06602,1.97684,17.9596,17.26,2000,0.979998,0.020002,0,248.125,5.00018,5917.27,17111.3,38.687,39.437,39.125,38,39.375,1955.1,39.9,0,1714845987,0,248.5802308,-4.566700861,-66.40034167,5928.952692,15,1714845953,11:05:52,1714845953,1714845950,11,0.03,0.002,-1.593,0.033,400,19,0.41,0.09,-4.798755122,0.581352125,0.068682735,0,0.971110195,-0.084053415,0.034115671,1,1,2,2-Jan,3.2555,2.74737,0.0962758,0.0965858,0.103768,0.0995068,21137.1,21760.7,24832.4,25485.7,33818.9,34278.1,41506.8,41204.7,2.29355,1.972,0.0647977,0,26.0296,999.9,62.1,30.8,27.2378,60.961,19.8958,1,-0.230854,-0.433834,20.3396,5.20501,11.9201,4.99355,3.282,2409.9,9999,9999,35.3,1.86554,1.85852,1.86782,1.86293,1.86508,1.86131,1.86358,1.86117,0,0,0,0,0,iiiiiiii,off,off,off,off,0,100,100,-1.59,0.0568,-1.338761873,-0.000660975,7.36E-08,-1.58E-11,-0.119712884,-0.010425798,0.001278883,-1.65E-05,3,2172,1,25,0.5,0.6,1.03027,2.56104,1.54663,2.21436,1.4502,2.41821,34.3042,15.2353,18,612.308,453.198,25.0004,24.6038,30.0007,24.6688,24.6861,20.705,31.2246,88.83,25,400,19.6179,100.626,100.79
12,1714846603,5181.1,20240504 11:16:43,11:16:43,none,b4.avebar.1-c3,1714846603,8.55E-05,0.085529876,1.87136054,398.053,-140.0825252,-14.2525199,40.49940058,0.005601816,2.963624003,0.00559594,0.00349799,321.4798858,29.029978,28.1794,3.834709176,64.33662099,2.326716523,3.616472994,1.507992652,-3.771867535,-160.2062895,-11.74556868,145.7561601,0,0,1,0,53873.60366,-,-,0,0,#DIV/0!,0,-,-,0,0,#DIV/0!,0.5,1681.0374,1.87136054,#DIV/0!,0.001113218,#DIV/0!,#DIV/0!,-,0,#DIV/0!,#DIV/0!,#DIV/0!,#DIV/0!,#DIV/0!,#DIV/0!,#DIV/0!,#DIV/0!,,,,,,,,,,,,,,,,,,,,,,,,,,,,,,,,,,,1999.81,1681.0374,0.840598557,0.160755215,6,0.5,0: Broadleaf,2,1714846603,398.053,399.959,22.8684,22.7848,399.837,22.7686,599.813,101.689,0.0547391,27.1767,28.1794,999.9,0,0,10026.2,0,0.00191117,-1.90604,407.369,409.285,0.0835915,399.959,22.7848,2.32547,2.31697,19.8539,19.7949,1999.81,0.979998,0.0200018,0,198.09,5.00018,4742.86,17109.7,38.5,39.75,38.875,38.375,39.375,1954.91,39.9,0,1714846606,0,198.7127692,-4.527042745,-778.9025642,4837.005385,15,1714846568,11:16:07,1714846568,1714846566,12,-0.192,-0.011,-1.785,0.093,400,23,0.32,0.2,-1.98967122,0.343980627,0.045695508,0,0.043879295,0.199827991,0.02248946,1,1,2,2-Jan,3.25634,2.74817,0.0966773,0.0964448,0.112542,0.111132,21090.8,21718.4,24793.1,25436.2,33430.5,33775,41436.7,41130.7,2.28177,1.9617,0.106674,0,26.4357,999.9,59.7,31.5,27.2514,60.921,19.5793,1,-0.161532,-0.0628486,20.3403,5.20097,11.9201,4.99125,3.28125,2424.2,9999,9999,35.4,1.86563,1.85853,1.86783,1.86296,1.86508,1.86142,1.86366,1.86127,0,0,0,0,0,iiiiiiii,off,off,off,off,0,100,100,-1.784,0.0998,-1.53043723,-0.000660975,7.36E-08,-1.58E-11,-0.13102356,-0.010425798,0.001278883,-1.65E-05,3,2172,1,25,0.6,0.6,1.03394,2.56714,1.54663,2.21191,1.4502,2.46948,35.1516,15.1477,18,612.231,452.699,24.9995,25.5074,30,25.4313,25.3931,20.7648,20.1104,84.447,25,400,22.7808,100.46,100.604
13,1714846946,5523.6,20240504 11:22:25,11:22:25,none,c3.avebar.1,1714846946,0.000285113,0.285112856,3.718409427,396.076,65.68447513,6.683941031,40.30402348,0.018380236,2.957452342,0.01831701,0.011453794,321.5315368,29.49261302,28.0547,3.806957595,60.92821642,2.270339779,3.72625347,1.536617816,-12.57347695,-58.54716507,-4.309639141,246.1012556,0,0,1,0,53602.1876,-,-,0,0,#DIV/0!,0,-,-,0,0,#DIV/0!,0.5,1681.3065,3.718409427,#DIV/0!,0.002211619,#DIV/0!,#DIV/0!,-,0,#DIV/0!,#DIV/0!,#DIV/0!,#DIV/0!,#DIV/0!,#DIV/0!,#DIV/0!,#DIV/0!,,,,,,,,,,,,,,,,,,,,,,,,,,,,,,,,,,,2000.13,1681.3065,0.840598611,0.160755319,6,0.5,0: Broadleaf,2,1714846946,396.076,399.908,22.3111,22.0323,397.694,22.2171,599.896,101.701,0.0573077,27.6875,28.0547,999.9,0,0,9990,0,0.00191117,-3.83185,405.115,408.917,0.278793,399.908,22.0323,2.26906,2.24071,19.4584,19.2564,2000.13,0.979996,0.0200036,0,373.278,5.00018,7962.56,17112.4,39.437,40.5,39.437,40.312,40.562,1955.22,39.91,0,1714846949,0,374.82712,-11.20507694,-128.9923078,7979.5464,15,1714846896,11:21:35,1714846891,1714846896,13,0.164,0.006,-1.62,0.059,400,21,0.28,0.14,-3.90267561,0.296773798,0.041195509,0,0.299435976,0.068730669,0.031394355,1,1,2,2-Jan,3.25618,2.75043,0.0962201,0.0963663,0.110551,0.108481,21089.6,21710.8,24780.3,25426.3,33489.3,33864.6,41414.9,41117.1,2.28045,1.9524,0.11893,0,26.11,999.9,58.4,31.8,27.1092,61.131,19.7596,1,-0.141845,-1.12945,20.3382,5.20246,11.9205,4.9916,3.28163,2432,9999,9999,35.5,1.86569,1.85862,1.86784,1.86307,1.86514,1.86142,1.86366,1.86127,0,0,0,0,0,iiiiiiii,off,off,off,off,0,100,100,-1.618,0.094,-1.365934456,-0.000660975,7.36E-08,-1.58E-11,-0.124795097,-0.010425798,0.001278883,-1.65E-05,3,2172,1,25,0.9,0.8,1.03271,2.56592,1.54663,2.20947,1.4502,2.50977,35.638,15.1039,18,614.093,449.522,27.0022,25.7273,30.0002,25.6981,25.6896,20.7611,21.5495,81.8197,27,400,22.1971,100.408,100.568
14,1714847239,5816.6,20240504 11:27:18,11:27:18,none,g2.avebar.1-g5,1714847239,0.001345554,1.345554072,8.643496876,390.81,226.3478489,23.03481044,39.77168023,0.089391832,2.96485101,0.087921075,0.055080798,321.5091928,29.201305,27.8374,3.759016708,60.36660617,2.247520741,3.72311926,1.511495967,-59.33893458,-26.26188413,-1.926078123,233.982296,0,0,1,0,53820.95068,-,-,0,0,#DIV/0!,0,-,-,0,0,#DIV/0!,0.5,1681.1889,8.643496876,#DIV/0!,0.0051413,#DIV/0!,#DIV/0!,-,0,#DIV/0!,#DIV/0!,#DIV/0!,#DIV/0!,#DIV/0!,#DIV/0!,#DIV/0!,#DIV/0!,,,,,,,,,,,,,,,,,,,,,,,,,,,,,,,,,,,1999.99,1681.1889,0.840598653,0.1607554,6,0.5,0: Broadleaf,2,1714847239,390.81,399.977,22.0849,20.7694,392.442,22.0011,600.154,101.709,0.0583044,27.6731,27.8374,999.9,0,0,10031.2,0,0.00191117,-9.16721,399.635,408.46,1.31548,399.977,20.7694,2.24623,2.11244,19.2959,18.3133,1999.99,0.979995,0.0200045,0,357.855,5.00018,7442.51,17111.2,38.125,38.812,38.5,37.75,39,1955.08,39.91,0,1714847242,0,360.52004,-19.65000003,-404.3907698,7487.2056,15,1714847210,11:26:50,1714847210,1714847203,14,-0.017,-0.005,-1.638,0.045,400,20,0.33,0.06,-9.414145366,1.172578955,0.124634881,0,1.185872585,1.163905129,0.119224175,0,0,2,0/2,3.25605,2.75178,0.0951976,0.0963249,0.109743,0.104017,21106.2,21706.1,24772.6,25420.7,33509.4,34028.3,41401.2,41109.8,2.278,1.94253,0.092037,0,26.3324,999.9,57.3,32,26.9012,60.721,19.4832,1,-0.12549,-1.04675,20.3365,5.20426,11.9219,4.9924,3.282,2438.7,9999,9999,35.6,1.86569,1.85867,1.86795,1.8631,1.86521,1.86144,1.86371,1.86132,0,0,0,0,0,iiiiiiii,off,off,off,off,0,100,100,-1.632,0.0838,-1.383282739,-0.000660975,7.36E-08,-1.58E-11,-0.130123321,-0.010425798,0.001278883,-1.65E-05,3,2172,1,25,0.5,0.6,1.03271,2.57202,1.54663,2.20825,1.4502,2.40112,36.0582,15.0426,18,614.526,445.272,26.9985,25.9002,30.0006,25.9028,25.8902,20.7389,25.9309,81.0393,27,400,20.8066,100.375,100.549
15,1714847496,6073.5,20240504 11:31:35,11:31:35,none,g5.avebar.1,1714847496,0.000757114,0.75711444,5.901598146,393.721,191.6637563,19.50603591,40.06983956,0.048866845,2.964286637,0.048423682,0.030304282,321.4942498,29.45316584,28.0039,3.795702547,60.12616691,2.251749915,3.745041519,1.543952632,-33.3887468,-36.80438606,-2.703388756,248.5977282,0,0,1,0,53786.59084,-,-,0,0,#DIV/0!,0,-,-,0,0,#DIV/0!,0.5,1681.113,5.901598146,#DIV/0!,0.00351053,#DIV/0!,#DIV/0!,-,0,#DIV/0!,#DIV/0!,#DIV/0!,#DIV/0!,#DIV/0!,#DIV/0!,#DIV/0!,#DIV/0!,,,,,,,,,,,,,,,,,,,,,,,,,,,,,,,,,,,1999.9,1681.113,0.84059853,0.160755163,6,0.5,0: Broadleaf,2,1714847496,393.721,399.921,22.1254,21.385,395.407,22.0331,599.97,101.714,0.0581675,27.7736,28.0039,999.9,0,0,10027.5,0,0.00191117,-6.20065,402.629,408.661,0.740417,399.921,21.385,2.25048,2.17517,19.3262,18.7806,1999.9,0.98,0.0199997,0,290.424,5.00018,6297.87,17110.5,40.312,40.625,40,40.875,41.375,1955,39.9,0,1714847498,0,292.98604,-34.67069225,-1150.161536,6372.9092,15,1714847437,11:30:37,1714847437,1714847437,15,-0.052,0.008,-1.69,0.09,400,22,0.27,0.14,-6.258953,0.54976728,0.058540469,0,0.698902525,0.481156154,0.048584666,1,1,2,2-Jan,3.25606,2.75161,0.0958445,0.0964089,0.109957,0.106276,21116.3,21732.1,24800.1,25451.2,33539.3,33980.8,41449.7,41156.5,2.2867,1.95103,0.102937,0,26.321,999.9,55.7,32,26.1479,60.641,19.7516,1,-0.17123,-1.21774,20.3379,5.20246,11.9201,4.99245,3.28133,2444.3,9999,9999,35.7,1.86569,1.85861,1.86786,1.86299,1.86517,1.86142,1.8637,1.86127,0,0,0,0,0,iiiiiiii,off,off,off,off,0,100,100,-1.686,0.0923,-1.435610862,-0.000660975,7.36E-08,-1.58E-11,-0.122321775,-0.010425798,0.001278883,-1.65E-05,3,2172,1,25,1,1,1.03394,2.57202,1.54663,2.20825,1.4502,2.48413,35.5683,15.0164,18,616.772,447.662,27.002,25.4497,29.9994,25.541,25.5526,20.7814,20.8315,78.393,27,400,21.505,100.49,100.665
16,1714848052,6629.5,20240504 11:40:51,11:40:51,none,c8.avebar.1,1714848052,0.000597991,0.59799057,5.374002757,394.369,171.4637515,17.45186795,40.13953766,0.040044185,2.964283371,0.039746072,0.024867894,321.4996168,29.96365583,28.7726,3.969154452,64.59670425,2.486383843,3.84908777,1.482770609,-26.37138416,-84.5237444,-6.246945544,204.3575427,0,0,1,0,53702.84491,-,-,0,0,#DIV/0!,0,-,-,0,0,#DIV/0!,0.5,1681.1385,5.374002757,#DIV/0!,0.003196645,#DIV/0!,#DIV/0!,-,0,#DIV/0!,#DIV/0!,#DIV/0!,#DIV/0!,#DIV/0!,#DIV/0!,#DIV/0!,#DIV/0!,,,,,,,,,,,,,,,,,,,,,,,,,,,,,,,,,,,1999.93,1681.1385,0.840598671,0.160755435,6,0.5,0: Broadleaf,2,1714848052,394.369,399.979,24.4286,23.8452,396.094,24.3018,599.982,101.727,0.0546757,28.2437,28.7726,999.9,0,0,10026.2,0,0.00191117,-5.60977,404.244,409.749,0.583439,399.979,23.8452,2.48506,2.4257,20.929,20.5364,1999.93,0.979996,0.0200041,0,438.823,5.00018,9129.94,17110.7,36.875,37.812,37.25,36.875,38,1955.02,39.91,0,1714848055,0,439.7183462,-6.787316246,-677.3446153,9187.822692,15,1714848012,11:40:11,1714848012,1714848010,16,-0.038,-0.016,-1.728,0.092,400,23,0.29,0.09,-5.75452725,0.383177448,0.044136504,0,0.546302775,0.226305647,0.021900418,1,1,2,2-Jan,3.25689,2.7481,0.0961307,0.0965854,0.117977,0.11486,21119.1,21731.9,24809,25453.6,33247.5,33656.4,41468.2,41159.1,2.2899,1.96485,0.0633821,0,27.7382,999.9,57.6,32.1,27.1918,60.991,19.7877,1,-0.196181,-0.876114,20.3394,5.20471,11.9201,4.9931,3.28198,2457.1,9999,9999,35.8,1.86569,1.85853,1.86783,1.86295,1.86509,1.86138,1.86358,1.86125,0,0,0,0,0,iiiiiiii,off,off,off,off,0,100,100,-1.725,0.1268,-1.473535614,-0.000660975,7.36E-08,-1.58E-11,-0.138379954,-0.010425798,0.001278883,-1.65E-05,3,2172,1,25,0.7,0.7,1.0376,2.58179,1.54663,2.21191,1.4502,2.40601,35.3596,14.9113,18,613.624,451.647,26.9997,25.0557,30.0006,25.031,25.0221,20.8557,0,100,27,400,23.9853,100.532,100.673
17,1714848920,7498,20240504 11:55:20,11:55:20,none,i5.avebar.1-c8,1714848920,0.000472715,0.472714595,3.82451586,395.967,188.9199079,19.23073869,40.30669924,0.030774204,2.964598949,0.030597828,0.019139405,321.5070178,30.05115558,29.0248,4.027547886,64.88044891,2.505382103,3.861536326,1.522165783,-20.84671362,-115.9708039,-8.583341099,176.1061592,0,0,1,0,53702.26491,-,-,0,0,#DIV/0!,0,-,-,0,0,#DIV/0!,0.5,1681.1802,3.82451586,#DIV/0!,0.002274899,#DIV/0!,#DIV/0!,-,0,#DIV/0!,#DIV/0!,#DIV/0!,#DIV/0!,#DIV/0!,#DIV/0!,#DIV/0!,#DIV/0!,,,,,,,,,,,,,,,,,,,,,,,,,,,,,,,,,,,1999.98,1681.1802,0.840598506,0.160755116,6,0.5,0: Broadleaf,2,1714848920,395.967,399.978,24.6125,24.1515,397.751,24.4887,600.104,101.732,0.0610768,28.2992,29.0248,999.9,0,0,10027.5,0,0.00191117,-4.01184,405.958,409.878,0.461025,399.978,24.1515,2.50387,2.45697,21.0517,20.7442,1999.98,0.979999,0.0200013,0,149.525,5.00018,3688.19,17111.2,39.937,40.812,39.812,40.625,41.187,1955.08,39.9,0,1714848923,0,150.86648,-11.66669231,-25.23307677,3696.9484,15,1714848902,11:55:02,1714848900,1714848902,18,-0.211,-0.022,-1.786,0.108,400,24,0.45,0.13,-2.797863235,-14.86630799,1.724984298,0,0.353110134,1.693860391,0.200738102,0,0,2,0/2,3.25703,2.75451,0.0960985,0.0962589,0.118228,0.115527,21056.4,21672.1,24741.8,25382,33145.9,33545.4,41347.1,41053.5,2.2692,1.93467,0.0821277,0,27.6846,999.9,57.1,32.6,27.7245,61.241,19.2548,1,-0.068938,-0.695185,20.3406,5.20411,11.9261,4.99175,3.282,2477.1,9999,9999,36.1,1.86569,1.85867,1.86785,1.8631,1.86522,1.86142,1.86371,1.86127,0,0,0,0,0,iiiiiiii,off,off,off,off,0,100,100,-1.784,0.1238,-1.531696189,-0.000660975,7.36E-08,-1.58E-11,-0.145614209,-0.010425798,0.001278883,-1.65E-05,3,2172,1,25,0.3,0.3,1.03638,2.58179,1.54663,2.21191,1.4502,2.38159,36.0347,14.7625,18,613.893,444.317,27.001,26.5987,30.0009,26.4322,26.3717,20.8294,17.9007,100,27,400,24.2415,100.247,100.405
18,1714849560,8138.1,20240504 12:06:00,12:06:00,none,c7.avebar.1,1714849560,0.00115509,1.155089721,4.664449009,394.866,288.5161394,29.37342201,40.20075161,0.077053294,2.964242496,0.075957623,0.047570658,321.4958458,30.14862122,28.7895,3.973044203,63.05580179,2.473857165,3.923282386,1.499187037,-50.93945672,-34.72633086,-2.570985711,233.2590725,0,0,1,0,53643.63711,-,-,0,0,#DIV/0!,0,-,-,0,0,#DIV/0!,0.5,1681.1214,4.664449009,#DIV/0!,0.002774606,#DIV/0!,#DIV/0!,-,0,#DIV/0!,#DIV/0!,#DIV/0!,#DIV/0!,#DIV/0!,#DIV/0!,#DIV/0!,#DIV/0!,,,,,,,,,,,,,,,,,,,,,,,,,,,,,,,,,,,1999.91,1681.1214,0.840598527,0.160755157,6,0.5,0: Broadleaf,2,1714849560,394.866,399.986,24.2991,23.1722,396.544,24.1833,600.065,101.749,0.0595923,28.5722,28.7895,999.9,0,0,10023.8,0,0.00191117,-5.12009,404.7,409.475,1.12684,399.986,23.1722,2.47241,2.35775,20.846,20.0765,1999.91,0.979999,0.0200006,0,442.912,5.00018,9816.74,17110.6,37.625,38.562,37.875,37.625,38.687,1955.01,39.9,0,1714849563,0,445.0202692,-18.9228376,-347.4844441,9855.093846,15,1714849538,12:05:37,1714849538,1714849534,19,0.105,-0.001,-1.681,0.091,400,23,0.32,0.12,-4.804905537,-5.916725854,1.035791075,0,1.014209098,1.800030355,0.239476311,0,0,2,0/2,3.25662,2.753,0.0956905,0.0960658,0.116992,0.112044,21037.4,21648.2,24711.9,25352.3,33151.6,33643.3,41292.9,41011.5,2.25955,1.91765,0.0561811,0,27.8727,999.9,56.9,33.6,29.2193,60.9774,19.4712,1,-0.0105183,-0.230929,20.3395,5.20456,11.9261,4.9925,3.282,2491.6,9999,9999,36.3,1.86584,1.85883,1.86798,1.86324,1.86525,1.86157,1.86373,1.86142,0,0,0,0,0,iiiiiiii,off,off,off,off,0,100,100,-1.678,0.1158,-1.426623352,-0.000660975,7.36E-08,-1.58E-11,-0.146760561,-0.010425798,0.001278883,-1.65E-05,3,2172,1,25,0.4,0.4,1.03394,2.58423,1.54663,2.20459,1.4502,2.5293,37.6987,14.6574,18,615.382,440.446,27.0001,27.3334,30.0003,27.2363,27.1919,20.7874,25.6091,95.5193,27,400,23.1287,100.119,100.297
19,1714849945,8522.6,20240504 12:12:24,12:12:24,none,h4.avebar.1,1714849945,0.001338144,1.338144402,7.004723555,392.399,254.7347071,25.93561757,39.95180129,0.087659187,2.964311877,0.086244153,0.054027828,321.5303788,30.01814039,28.9991,4.021563326,63.83722438,2.492371578,3.904260566,1.529191748,-59.01216814,-81.59999798,-6.044951746,174.8732609,0,0,1,0,53660.63924,-,-,0,0,#DIV/0!,0,-,-,0,0,#DIV/0!,0.5,1681.3059,7.004723555,#DIV/0!,0.00416624,#DIV/0!,#DIV/0!,-,0,#DIV/0!,#DIV/0!,#DIV/0!,#DIV/0!,#DIV/0!,#DIV/0!,#DIV/0!,#DIV/0!,,,,,,,,,,,,,,,,,,,,,,,,,,,,,,,,,,,2000.13,1681.3059,0.840598311,0.16075474,6,0.5,0: Broadleaf,2,1714849945,392.399,399.926,24.4796,23.1747,394.066,24.3573,600.224,101.753,0.0612281,28.4885,28.9991,999.9,0,0,10023.8,0,0.00191117,-7.52698,402.245,409.414,1.30488,399.926,23.1747,2.49087,2.35809,20.9669,20.0788,2000.13,0.980005,0.019995,0,333.357,5.00018,7615.03,17112.5,40.562,41.562,40.687,41.062,41.562,1955.24,39.89,0,1714849948,0,333.936,-5.902923065,-332.74,7651.2264,15,1714849886,12:11:25,1714849881,1714849886,20,0.009,0.003,-1.672,0.085,400,23,0.29,0.05,-7.577763659,0.154139791,0.033438337,0,1.372488537,-0.172232195,0.019434794,1,1,2,2-Jan,3.2568,2.75463,0.0952103,0.0960248,0.117558,0.112021,21050,21650.6,24713.5,25354,33132.2,33646.9,41295.5,41014.9,2.2634,1.91052,0.100315,0,27.3617,999.9,56.4,34.2,29.9459,61.1274,19.355,1,-0.0106606,-0.653083,20.3384,5.20351,11.9261,4.99285,3.282,2500.2,9999,9999,36.4,1.86584,1.85882,1.86798,1.86319,1.86525,1.86157,1.86372,1.86142,0,0,0,0,0,iiiiiiii,off,off,off,off,0,100,100,-1.667,0.1223,-1.417394644,-0.000660975,7.36E-08,-1.58E-11,-0.144085619,-0.010425798,0.001278883,-1.65E-05,3,2172,1,25,1.1,1,1.03516,2.58911,1.54663,2.20459,1.4502,2.46216,37.8921,14.5786,18,619.109,437.286,26.9999,27.3287,30.0003,27.3388,27.3277,20.7903,26.5205,92.0441,27,400,23.2871,100.125,100.305
20,1714851164,9741.5,20240504 12:32:43,12:32:43,none,h3.avebar.1,1714851164,0.001075549,1.075548791,5.117745639,394.46,269.3607384,27.41812828,40.15193508,0.070815737,2.965163366,0.069889412,0.0437631,321.5245738,30.44256511,29.3115,4.094837852,64.71735853,2.579725694,3.986141821,1.515112158,-47.43170167,-74.36588922,-5.525833414,194.2011495,0,0,1,0,53621.25026,-,-,0,0,#DIV/0!,0,-,-,0,0,#DIV/0!,0.5,1681.2726,5.117745639,#DIV/0!,0.003043971,#DIV/0!,#DIV/0!,-,0,#DIV/0!,#DIV/0!,#DIV/0!,#DIV/0!,#DIV/0!,#DIV/0!,#DIV/0!,#DIV/0!,,,,,,,,,,,,,,,,,,,,,,,,,,,,,,,,,,,2000.09,1681.2726,0.840598473,0.160755053,6,0.5,0: Broadleaf,2,1714851164,394.46,400.001,25.3437,24.2956,396.101,25.2217,600.109,101.727,0.062624,28.8463,29.3115,999.9,0,0,10031.2,0,0.00191117,-5.54083,404.717,409.961,1.04816,400.001,24.2956,2.57815,2.47152,21.5284,20.8401,2000.09,0.980002,0.0199976,0,221.003,5.00018,5320.56,17112.1,37.125,38.25,37.375,37.312,38.25,1955.19,39.9,0,1714851167,0,221.35424,-0.7236923,6.569230819,5313.8264,15,1714851145,12:32:24,1714851145,1714851144,21,0.028,-0.02,-1.644,0.096,400,24,0.18,0.1,-3.950138936,-19.34610531,2.25791206,0,0.745821502,3.609484123,0.420843388,0,0,2,0/2,3.25699,2.75609,0.095404,0.0958607,0.120239,0.115563,21022.7,21628,24690.3,25326.6,32999.4,33480.6,41253.3,40975.3,2.25187,1.89805,0.0753999,0,28.0818,999.9,54.8,35.1,30.5952,60.8474,19.1426,1,0.0375432,-0.36235,20.3391,5.20366,11.9261,4.99275,3.282,2528.1,9999,9999,36.7,1.86575,1.8588,1.86798,1.86315,1.86524,1.86157,1.86371,1.86142,0,0,0,0,0,iiiiiiii,off,off,off,off,0,100,100,-1.641,0.122,-1.389265815,-0.000660975,7.36E-08,-1.58E-11,-0.163867196,-0.010425798,0.001278883,-1.65E-05,3,2172,1,25,0.3,0.3,1.04004,2.59277,1.54663,2.20947,1.4502,2.52197,37.6504,14.3772,18,618.009,434.872,28.0001,28.0833,29.9997,28.03,28.0021,20.904,27.3262,98.4091,28,400,24.3642,100.026,100.203
21,1714851409,9987,20240504 12:36:49,12:36:49,none,h2.avebar.1,1714851409,0.000761089,0.761088788,5.778117389,393.915,204.3216038,20.79780592,40.09643409,0.05109888,2.963226439,0.050614354,0.031677121,321.4697308,29.86988165,28.8184,3.97970361,65.09096716,2.497793628,3.837389022,1.481909982,-33.56401554,-100.1654218,-7.405387443,180.334906,0,0,1,0,53681.38654,-,-,0,0,#DIV/0!,0,-,-,0,0,#DIV/0!,0.5,1680.9867,5.778117389,#DIV/0!,0.003437337,#DIV/0!,#DIV/0!,-,0,#DIV/0!,#DIV/0!,#DIV/0!,#DIV/0!,#DIV/0!,#DIV/0!,#DIV/0!,#DIV/0!,,,,,,,,,,,,,,,,,,,,,,,,,,,,,,,,,,,1999.75,1680.9867,0.840598425,0.16075496,6,0.5,0: Broadleaf,2,1714851409,393.915,399.992,24.5388,23.7965,395.503,24.4239,600.091,101.729,0.0605589,28.1914,28.8184,999.9,0,0,10020,0,0.00191117,-6.07709,403.824,409.743,0.742329,399.992,23.7965,2.4963,2.42079,21.0024,20.5035,1999.75,0.980003,0.0199967,0,242.615,5.00018,5395.68,17109.2,39.5,40.437,39.312,39.875,40.687,1954.86,39.89,0,1714851412,0,245.6933462,-21.60379489,-336.1032479,5444.588462,15,1714851380,12:36:20,1714851380,1714851380,22,0.052,0.011,-1.592,0.094,400,24,0.21,0.09,-6.22424375,0.887704278,0.087812326,0,0.713133275,0.231631283,0.023909588,1,1,2,2-Jan,3.25684,2.75393,0.0953709,0.0959292,0.11766,0.113986,21040.5,21645.5,24707.9,25346.5,33120.9,33565.1,41285.2,41005.7,2.2587,1.90272,0.116676,0,26.913,999.9,55.1,35.1,30.7639,61.3574,19.2829,1,0.004906,-1.04432,20.3373,5.20037,11.9247,4.99145,3.28133,2533.5,9999,9999,36.8,1.86582,1.85883,1.86798,1.86321,1.86523,1.86157,1.86371,1.86142,0,0,0,0,0,iiiiiiii,off,off,off,off,0,100,100,-1.588,0.1149,-1.33740533,-0.000660975,7.36E-08,-1.58E-11,-0.152950813,-0.010425798,0.001278883,-1.65E-05,3,2172,1,25,0.5,0.5,1.03882,2.59155,1.54663,2.22168,1.4502,2.44019,37.8437,14.3334,18,619.354,435.449,27.9968,27.5608,29.9995,27.6877,27.7018,20.8794,29.3893,97.7754,28,400,23.7491,100.101,100.279
22,1714851729,10307,20240504 12:42:09,12:42:09,none,h6.avebar.1,1714851729,0.000477756,0.477755663,4.297695071,395.522,163.1427345,16.60603687,40.25954901,0.030660056,2.959575135,0.030484687,0.019068602,321.4872868,30.32648265,29.1428,4.055125421,64.00671752,2.511353783,3.923578463,1.543771637,-21.06902474,-90.83558073,-6.747562863,202.8351185,0,0,1,0,53507.04572,-,-,0,0,#DIV/0!,0,-,-,0,0,#DIV/0!,0.5,1681.0791,4.297695071,#DIV/0!,0.00255651,#DIV/0!,#DIV/0!,-,0,#DIV/0!,#DIV/0!,#DIV/0!,#DIV/0!,#DIV/0!,#DIV/0!,#DIV/0!,#DIV/0!,,,,,,,,,,,,,,,,,,,,,,,,,,,,,,,,,,,1999.86,1681.0791,0.840598392,0.160754896,6,0.5,0: Broadleaf,2,1714851729,395.522,400.008,24.6723,24.2064,397.103,24.5319,600.088,101.728,0.0603936,28.5735,29.1428,999.9,0,0,9999.38,0,0.00191117,-4.48566,405.527,409.931,0.465851,400.008,24.2064,2.50986,2.46247,21.0906,20.7806,1999.86,0.980002,0.0199985,0,211.673,5.00018,5312.24,17110.2,38,38.625,38.312,37.375,38.875,1954.97,39.89,0,1714851732,0,212.3972,-3.156384613,-72.66230755,5321.462,15,1714851694,12:41:34,1714851694,1714851690,23,0.008,0.023,-1.584,0.107,400,23,0.4,0.06,-4.52944439,0.455025157,0.061038954,0,0.415664634,0.374124585,0.043049289,1,1,2,2-Jan,3.257,2.75358,0.0957548,0.0960165,0.118121,0.115438,21045,21658.3,24721.5,25361.7,33122,33528.2,41310.1,41028.1,2.26577,1.9056,0.0984967,0,27.5355,999.9,54.2,35.3,30.5981,61.1274,19.5393,1,-0.0250686,-0.975123,20.3354,5.20112,11.9261,4.992,3.28133,2540.6,9999,9999,36.9,1.86584,1.85886,1.86804,1.86325,1.86536,1.8616,1.86375,1.86149,0,0,0,0,0,iiiiiiii,off,off,off,off,0,100,100,-1.581,0.1404,-1.329415531,-0.000660975,7.36E-08,-1.58E-11,-0.129964488,-0.010425798,0.001278883,-1.65E-05,3,2172,1,25,0.6,0.7,1.03882,2.59521,1.54663,2.22168,1.4502,2.54517,38.379,14.2896,18,620.703,434.737,28.0043,27.125,30.0007,27.3318,27.37,20.8714,24.6405,93.6319,28,400,24.47,100.16,100.336
23,1714852139,10716.5,20240504 12:48:58,12:48:58,none,c1.avebar.1,1714852139,-0.000270057,-0.270057441,0.514782198,399.445,438.5221233,44.63288683,40.65560785,-0.016401329,2.957908408,-0.016452022,-0.010277946,321.5144188,30.99965369,29.9914,4.258345661,65.54544629,2.64429134,4.034286879,1.614054322,11.90953316,-149.5319791,-11.18754687,172.704426,0,0,1,0,53373.41404,-,-,0,0,#DIV/0!,0,-,-,0,0,#DIV/0!,0.5,1681.2219,0.514782198,#DIV/0!,0.000306195,#DIV/0!,#DIV/0!,-,0,#DIV/0!,#DIV/0!,#DIV/0!,#DIV/0!,#DIV/0!,#DIV/0!,#DIV/0!,#DIV/0!,,,,,,,,,,,,,,,,,,,,,,,,,,,,,,,,,,,2000.03,1681.2219,0.840598341,0.160754798,6,0.5,0: Broadleaf,2,1714852139,399.445,399.852,25.9804,26.2435,401.191,25.803,599.866,101.721,0.0592397,29.0537,29.9914,999.9,0,0,9990.62,0,0.00191117,-0.406799,410.1,410.629,-0.263153,399.852,26.2435,2.64274,2.66951,21.9333,22.0986,2000.03,0.980005,0.0199946,0,106.485,5.00018,2923.05,17111.6,38.937,40,38.875,39.625,40.25,1955.14,39.89,0,1714852142,0,106.6638077,-2.271145302,-51.83658121,2930.53,15,1714852116,12:48:36,1714852102,1714852116,24,-0.162,-0.002,-1.746,0.156,400,26,0.7,0.18,-0.441558115,-0.491653489,0.143692158,0,-0.224123802,-0.280692663,0.046312492,1,1,2,2-Jan,3.25741,2.75235,0.096553,0.0960432,0.1224,0.122124,21032.8,21662.3,24728.6,25366.5,32970.6,33280.4,41323.7,41035.1,2.26378,1.91335,0.101775,0,28.3329,999.9,54.5,35.2,30.6013,61.2374,19.4792,1,-0.039657,-0.794578,20.3404,5.20516,11.9261,4.9931,3.282,2549.8,9999,9999,37,1.86584,1.85883,1.86798,1.86322,1.86523,1.86157,1.86371,1.86142,0,0,0,0,0,iiiiiiii,off,off,off,off,0,100,100,-1.746,0.1774,-1.491009832,-0.000660975,7.36E-08,-1.58E-11,-0.121691905,-0.010425798,0.001278883,-1.65E-05,3,2172,1,25,0.6,0.4,1.04248,2.59644,1.54541,2.20215,1.4502,2.47925,38.0377,14.2283,18,617.731,437.947,28.0036,27.0707,29.9999,27.1773,27.1922,20.9599,0,100,28,400,27.0721,100.191,100.354
24,1714853163,11740.6,20240504 13:06:02,13:06:02,none,i1.avebar.1,1714853163,0.000281006,0.281005881,2.702282234,397.23,145.3049844,14.78637921,40.42251845,0.017696716,2.96254673,0.017638198,0.011029115,321.5251528,30.8627453,29.8156,4.215531739,65.63346674,2.648991237,4.036037358,1.566540502,-12.39235936,-120.4903685,-8.993107855,179.6493171,0,0,1,0,53506.45798,-,-,0,0,#DIV/0!,0,-,-,0,0,#DIV/0!,0.5,1681.2729,2.702282234,#DIV/0!,0.001607284,#DIV/0!,#DIV/0!,-,0,#DIV/0!,#DIV/0!,#DIV/0!,#DIV/0!,#DIV/0!,#DIV/0!,#DIV/0!,#DIV/0!,,,,,,,,,,,,,,,,,,,,,,,,,,,,,,,,,,,2000.09,1681.2729,0.840598623,0.160755342,6,0.5,0: Broadleaf,2,1714853163,397.23,400.044,26.0315,25.7578,399.154,25.8514,599.98,101.702,0.058991,29.0612,29.8156,999.9,0,0,10018.8,0,0.00191117,-2.8139,407.847,410.621,0.273752,400.044,25.7578,2.64745,2.61961,21.9626,21.7894,2000.09,0.979997,0.0200027,0,377.39,5.00018,7832.4,17112.1,37.312,38.125,37.625,37.187,38.625,1955.18,39.91,0,1714853166,0,378.00392,-9.066923062,-1040.087691,8035.298,15,1714853102,13:05:02,1714853101,1714853102,25,-0.179,-0.024,-1.925,0.157,400,26,0.25,0.15,-2.79736575,0.235056923,0.04104338,0,0.28569305,-0.191968976,0.019592075,1,1,2,2-Jan,3.25743,2.75236,0.0963246,0.0962247,0.122728,0.120728,21065.1,21688.3,24757.4,25399.1,32997.3,33373.4,41375.5,41084.7,2.2746,1.93397,0.105593,0,28.0942,999.9,57.7,33.2,28.9851,61.3202,19.3109,1,-0.0934934,-1.15386,20.3394,5.20052,11.9214,4.9918,3.28133,2573.2,9999,9999,37.3,1.86563,1.85864,1.86783,1.86296,1.8651,1.86139,1.8636,1.86127,0,0,0,0,0,iiiiiiii,off,off,off,off,0,100,100,-1.924,0.1801,-1.669927774,-0.000660975,7.36E-08,-1.58E-11,-0.120006905,-0.010425798,0.001278883,-1.65E-05,3,2172,1,25,1,1,1.04492,2.6001,1.54663,2.21924,1.4502,2.47559,35.638,14.097,18,618.429,444.937,27.9982,26.4511,29.9991,26.5083,26.5087,21.0032,0,100,28,400,27.8286,100.313,100.478
25,1714853681,12259.1,20240504 13:14:41,13:14:41,none,i4.avebar.1-i1,1714853681,-0.000221726,-0.221726361,3.665612261,396.286,799.6605168,81.37146455,40.32507736,-0.013982404,2.962036763,-0.014019177,-0.008758674,321.5134018,31.37847603,30.3383,4.34394178,67.62362617,2.790974509,4.127218055,1.55296727,9.77813251,-142.1714069,-10.66110739,178.45902,0,0,1,0,53423.15755,-,-,0,0,#DIV/0!,0,-,-,0,0,#DIV/0!,0.5,1681.2138,3.665612261,#DIV/0!,0.002180337,#DIV/0!,#DIV/0!,-,0,#DIV/0!,#DIV/0!,#DIV/0!,#DIV/0!,#DIV/0!,#DIV/0!,#DIV/0!,#DIV/0!,,,,,,,,,,,,,,,,,,,,,,,,,,,,,,,,,,,2000.02,1681.2138,0.840598494,0.160755093,6,0.5,0: Broadleaf,2,1714853681,396.286,399.863,27.4277,27.6433,398.134,27.2256,600.125,101.699,0.0585119,29.448,30.3383,999.9,0,0,10016.2,0,0.00191117,-3.57718,407.462,411.231,-0.215603,399.863,27.6433,2.78936,2.81129,22.8213,22.9505,2000.02,0.979999,0.0200015,0,516.029,5.00018,11008.2,17111.5,38.125,39.562,38.5,38.187,39.125,1955.12,39.9,0,1714853684,0,517.1084,-10.06430768,-243.7153842,11030,15,1714853655,13:14:15,1714853655,1714853639,27,-0.153,0,-1.85,0.144,399,25,0.33,0.23,-3.859226585,0.770947108,0.238712288,0,-0.103275168,-0.205614889,0.031707556,1,1,2,2-Jan,3.25822,2.75187,0.096201,0.096258,0.127283,0.126799,21066.7,21678.9,24754.9,25387.9,32822.2,33127.8,41373.6,41065.9,2.27588,1.94155,0.113919,0,28.4826,999.9,60,32.9,29.6396,61.1402,19.2788,1,-0.10143,-0.746021,20.3388,5.20441,11.9228,4.99355,3.282,2584.7,9999,9999,37.4,1.86569,1.85867,1.86785,1.86305,1.86516,1.86142,1.86369,1.86127,0,0,0,0,0,iiiiiiii,off,off,off,off,0,100,100,-1.848,0.2021,-1.595456865,-0.000660975,7.36E-08,-1.58E-11,-0.129060285,-0.010425798,0.001278883,-1.65E-05,3,2172,1,25,0.4,0.7,1.0437,2.59033,1.54663,2.20703,1.4502,2.55371,36.2224,14.027,18,616.988,447.781,28.004,26.2875,30.0013,26.2832,26.2965,20.9681,0,100,28,400,31.5768,100.307,100.433
26,1714854502,13080,20240504 13:28:22,13:28:22,none,d1.avebar.1,1714854502,0.000603583,0.603583257,3.731769138,396.055,232.3213625,23.65092327,40.31943647,0.038557294,2.958901157,0.038280326,0.023949922,321.4846738,32.41073706,31.5283,4.64906767,70.04621768,3.105030796,4.432831492,1.544036874,-26.61802164,-133.3589534,-10.13204565,151.3756531,0,0,1,0,53114.51773,-,-,0,0,#DIV/0!,0,-,-,0,0,#DIV/0!,0.5,1681.0626,3.731769138,#DIV/0!,0.002219887,#DIV/0!,#DIV/0!,-,0,#DIV/0!,#DIV/0!,#DIV/0!,#DIV/0!,#DIV/0!,#DIV/0!,#DIV/0!,#DIV/0!,,,,,,,,,,,,,,,,,,,,,,,,,,,,,,,,,,,1999.84,1681.0626,0.840598548,0.160755197,6,0.5,0: Broadleaf,2,1714854502,396.055,400.026,30.5005,29.9153,398.143,30.3098,599.973,101.74,0.0626195,30.6923,31.5283,999.9,0,0,9994.38,0,0.00191117,-3.97061,408.515,412.362,0.585278,400.026,29.9153,3.10313,3.04358,24.5919,24.2683,1999.84,0.979997,0.0200026,0,134.936,5.00018,3561.93,17109.9,38.687,40.062,38.812,39.437,39.937,1954.94,39.9,0,1714854505,0,134.64632,-0.577692304,1056.849231,3484.8328,15,1714854366,13:26:05,1714854366,1714854362,29,-0.014,0.019,-2.09,0.191,400,30,0.54,0.14,-3.8972175,-0.242392795,0.040307988,0,0.608042325,0.371727276,0.068934363,1,1,2,2-Jan,3.25862,2.75576,0.0957165,0.0958237,0.136393,0.133231,20966.1,21569.8,24635.7,25260.8,32318.8,32732.7,41159.7,40875.9,2.24633,1.9054,0.107586,0,29.7793,999.9,59.7,33.5,30.4875,60.7602,18.6138,1,0.111296,-0.0271133,20.3405,5.20366,11.9304,4.99155,3.282,2603.5,9999,9999,37.6,1.86569,1.85866,1.86784,1.8631,1.86521,1.86144,1.86371,1.86133,0,0,0,0,0,iiiiiiii,off,off,off,off,0,100,100,-2.088,0.1907,-1.834923774,-0.000660975,7.36E-08,-1.58E-11,0.19071,0,0,0,3,2172,1,25,2.3,2.3,1.04248,2.59277,1.54663,2.21313,1.4502,2.54028,36.7417,13.9219,18,619.14,442.231,29.0009,28.9209,30.0018,28.5347,28.4314,20.9538,0,100,29,400,30.9315,99.8013,99.9536
27,1714854876,13454,20240504 13:34:36,13:34:36,none,f1.avebar.1-d1,1714854876,0.000922002,0.92200225,4.218413962,395.47,273.7066532,27.86470679,40.26082473,0.060058176,2.960791484,0.059389504,0.037177897,321.4777108,31.77112104,30.5831,4.405243795,67.10763405,2.881315751,4.293573736,1.523928044,-40.66029923,-71.54266579,-5.39186975,203.882876,0,0,1,0,53266.93877,-,-,0,0,#DIV/0!,0,-,-,0,0,#DIV/0!,0.5,1681.0287,4.218413962,#DIV/0!,0.002509424,#DIV/0!,#DIV/0!,-,0,#DIV/0!,#DIV/0!,#DIV/0!,#DIV/0!,#DIV/0!,#DIV/0!,#DIV/0!,#DIV/0!,,,,,,,,,,,,,,,,,,,,,,,,,,,,,,,,,,,1999.8,1681.0287,0.84059841,0.160754931,6,0.5,0: Broadleaf,2,1714854876,395.47,400.053,28.3023,27.4064,397.23,28.1586,600.005,101.741,0.0640035,30.1349,30.5831,999.9,0,0,10005,0,0.00191117,-4.58221,406.989,411.326,0.895868,400.053,27.4064,2.87951,2.78837,23.3471,22.8154,1999.8,0.980005,0.0199954,0,294.267,5.00018,6959.53,17109.6,38.562,39.687,38.75,38.937,39.687,1954.91,39.89,0,1714854880,0,295.20268,-7.914846167,90.77846135,6964.2264,15,1714854859,13:34:18,1714854859,1714854855,30,0.328,-0.047,-1.762,0.144,400,27,0.35,0.31,-3.031904825,-17.57673025,1.909987965,0,0.551158261,3.690425817,0.388216537,0,0,2,0/2,3.25779,2.75724,0.095333,0.095601,0.129424,0.12525,20963.3,21566.1,24624.8,25253.3,32565.9,33027.4,41137.5,40867.5,2.2344,1.89165,0.116765,0,28.6817,999.9,59.1,33.8,30.6945,61.3102,18.4495,1,0.144891,-0.396048,20.3401,5.20456,11.9261,4.99185,3.282,2611.8,9999,9999,37.7,1.86579,1.85881,1.86798,1.86313,1.86523,1.86157,1.86371,1.86142,0,0,0,0,0,iiiiiiii,off,off,off,off,0,100,100,-1.76,0.1437,-1.507169789,-0.000660975,7.36E-08,-1.58E-11,0.14365,0,0,0,3,2172,1,25,0.3,0.3,1.04004,2.59399,1.54663,2.20825,1.4502,2.48779,37.4098,13.8606,18,618.713,440.134,28.9985,29.4798,29.9998,29.3435,29.2789,20.8933,17.5383,100,29,400,27.28,99.7512,99.9296
28,1714855242,13819.5,20240504 13:40:41,13:40:41,none,d2.avebar.1,1714855242,0.001421232,1.421232381,9.182488709,390.262,221.5061519,22.55065371,39.73101036,0.092537256,2.958918488,0.090959059,0.056988965,321.5213818,32.52785698,31.2829,4.584661276,67.6110902,3.053619851,4.516448177,1.531041425,-62.67634799,-41.9859834,-3.191182551,213.6678679,0,0,1,0,53057.84,-,-,0,0,#DIV/0!,0,-,-,0,0,#DIV/0!,0.5,1681.2558,9.182488709,#DIV/0!,0.005461684,#DIV/0!,#DIV/0!,-,0,#DIV/0!,#DIV/0!,#DIV/0!,#DIV/0!,#DIV/0!,#DIV/0!,#DIV/0!,#DIV/0!,,,,,,,,,,,,,,,,,,,,,,,,,,,,,,,,,,,2000.07,1681.2558,0.840598479,0.160755064,6,0.5,0: Broadleaf,2,1714855242,390.262,399.997,29.9945,28.6162,391.949,29.8454,600.132,101.741,0.0649928,31.0197,31.2829,999.9,0,0,9994.38,0,0.00191117,-9.7352,402.33,411.781,1.37829,399.997,28.6162,3.05167,2.91144,24.3126,23.5299,2000.07,0.979999,0.020001,0,420.696,5.00018,9529.26,17111.9,38.187,39.562,38.5,38.687,39.5,1955.17,39.9,0,1714855245,0,421.8203462,-7.765982884,-164.4953844,9548.824231,15,1714855216,13:40:15,1714855216,1714855216,31,0.069,0.005,-1.692,0.149,400,28,0.1,0.05,-9.577843171,-2.148091359,0.514340658,0,1.34449122,-0.05069101,0.050317434,1,1,2,2-Jan,3.25833,2.75814,0.0943416,0.0955601,0.134676,0.128963,20983.7,21562.5,24621.8,25247.9,32364.8,32880.4,41133.1,40858.9,2.2388,1.8876,0.0574142,0,30.3498,999.9,58.2,34.5,31.4267,61.0202,18.4535,1,0.149024,-0.115586,20.3394,5.20501,11.9321,4.99145,3.282,2620.1,9999,9999,37.8,1.86583,1.85883,1.86798,1.86321,1.86524,1.86157,1.86372,1.86142,0,0,0,0,0,iiiiiiii,off,off,off,off,0,100,100,-1.687,0.1491,-1.437806347,-0.000660975,7.36E-08,-1.58E-11,0.14909,0,0,0,3,2172,1,25,0.4,0.4,1.03882,2.6001,1.54663,2.20947,1.4502,2.52197,38.1106,13.7906,18,622.976,438.939,28.9998,29.5076,30.0014,29.4599,29.45,20.8759,14.1927,100,29,400,28.6838,99.7398,99.9085
29,1714855541,14118.5,20240504 13:45:40,13:45:40,none,d6.avebar.1,1714855541,0.001706235,1.706235177,9.757523782,389.597,244.1482854,24.854115,39.66068665,0.115383917,2.957473615,0.112940152,0.070802847,321.4820608,32.04086246,31.214,4.566718452,69.97850058,3.08660449,4.410789692,1.480113962,-75.2449713,-97.08503603,-7.365056851,141.7869966,0,0,1,0,53088.39228,-,-,0,0,#DIV/0!,0,-,-,0,0,#DIV/0!,0.5,1681.0461,9.757523782,#DIV/0!,0.005804436,#DIV/0!,#DIV/0!,-,0,#DIV/0!,#DIV/0!,#DIV/0!,#DIV/0!,#DIV/0!,#DIV/0!,#DIV/0!,#DIV/0!,,,,,,,,,,,,,,,,,,,,,,,,,,,,,,,,,,,1999.82,1681.0461,0.840598704,0.160755498,6,0.5,0: Broadleaf,2,1714855541,389.597,400.018,30.3205,28.6662,391.378,30.169,600.073,101.734,0.0652609,30.6051,31.214,999.9,0,0,9986.88,0,0.00191117,-10.4202,401.78,411.823,1.65431,400.018,28.6662,3.08464,2.91634,24.492,23.5578,1999.82,0.979992,0.020008,0,409.148,5.00018,9205.02,17109.7,38.25,39.562,38.687,38.312,39.375,1954.91,39.91,0,1714855544,0,409.6173462,-5.100341889,-58.05777782,9213.668077,15,1714855519,13:45:19,1714855519,1714855517,32,-0.094,0.002,-1.787,0.151,400,28,0.13,0.06,-8.579226322,-26.31624074,3.503096338,0,1.262737002,4.037818649,0.509167537,0,0,2,0/2,3.25826,2.75834,0.0941515,0.0954804,0.135563,0.129014,20975.3,21550,24608.5,25232.8,32313.6,32860.8,41108.5,40836.9,2.23248,1.87728,0.0727139,0,30.0319,999.9,57.3,35.1,31.9909,61.0002,18.2692,1,0.175061,-0.201993,20.3397,5.20112,11.9261,4.99125,3.282,2626.7,9999,9999,37.9,1.86584,1.85883,1.86798,1.86325,1.86535,1.86157,1.86376,1.86142,0,0,0,0,0,iiiiiiii,off,off,off,off,0,100,100,-1.781,0.1515,-1.532200547,-0.000660975,7.36E-08,-1.58E-11,0.151445,0,0,0,3,2172,1,25,0.4,0.4,1.03882,2.59888,1.54663,2.21069,1.4502,2.54761,38.6733,13.738,18,621.758,435.074,29.0012,29.8608,30.0005,29.7942,29.7694,20.864,16.8673,100,29,400,28.5473,99.6824,99.8523
30,1714857019,15596.6,20240504 14:10:18,14:10:18,none,j2.avebar.1,1714857019,0.000784858,0.784857739,6.503092872,393.165,186.8772664,19.02222992,40.02025057,0.052646058,2.958877258,0.052131158,0.032627816,321.5464798,30.07776519,28.9629,4.013146867,65.12173971,2.529908083,3.884890199,1.483238784,-34.61222628,-89.33063482,-6.62578188,190.9778368,0,0,1,0,53516.96976,-,-,0,0,#DIV/0!,0,-,-,0,0,#DIV/0!,0.5,1681.3824,6.503092872,#DIV/0!,0.003867706,#DIV/0!,#DIV/0!,-,0,#DIV/0!,#DIV/0!,#DIV/0!,#DIV/0!,#DIV/0!,#DIV/0!,#DIV/0!,#DIV/0!,,,,,,,,,,,,,,,,,,,,,,,,,,,,,,,,,,,2000.22,1681.3824,0.840598734,0.160755557,6,0.5,0: Broadleaf,2,1714857019,393.165,399.978,24.8542,24.0887,394.907,24.7022,599.883,101.726,0.0639624,28.4029,28.9629,999.9,0,0,9995.62,0,0.00191117,-6.81345,403.186,409.851,0.765514,399.978,24.0887,2.52832,2.45045,21.21,20.7011,2000.22,0.979994,0.0200057,0,250.574,5.00018,5431.29,17113.1,37,37.25,37.187,36.5,38.062,1955.3,39.92,0,1714857022,0,250.6383077,0.045401706,50.9080342,5424.684615,15,1714856752,14:05:51,1714856752,1714856751,33,0.04,0.004,-1.746,0.155,400,28,0.21,0.13,-6.72033175,-0.175871032,0.027421858,0,0.8267181,-0.945072653,0.103128087,0,0,2,0/2,3.25659,2.75711,0.0948282,0.0954951,0.118105,0.114486,20978.6,21577.6,24628.8,25263.5,32997.2,33448.7,41145,40885.8,2.23645,1.86465,0.145737,0,26.5825,999.9,58.7,36.4,35.2064,60.8847,19.2268,1,0.138915,-1.12568,20.3375,5.20127,11.9261,4.99115,3.2816,2660.3,9999,9999,38.3,1.86584,1.85883,1.86799,1.86325,1.86524,1.86157,1.86373,1.86142,0,0,0,0,0,iiiiiiii,off,off,off,off,0,100,100,-1.742,0.152,-1.49166531,-0.000660975,7.36E-08,-1.58E-11,-0.122181905,-0.010425798,0.001278883,-1.65E-05,3,2172,1,25,4.5,4.5,1.03638,2.61841,1.54663,2.19727,1.4502,2.44873,38.8704,13.4053,18,621.407,425.745,28.9973,29.3477,29.9987,29.4697,29.4769,20.833,28.8065,85.7957,29,400,24.486,99.7686,99.9726
31,1714857419,15997.1,20240504 14:16:59,14:16:59,none,g1.avebar.1-d2,1714857419,0.001452027,1.452027216,8.27818844,391.149,239.8956332,24.41682604,39.81155037,0.093804891,2.964267786,0.092186439,0.05775961,321.4980208,32.12669835,31.1268,4.544097675,67.93151912,3.000362442,4.416745688,1.543735233,-64.03440023,-79.60116419,-6.02296294,171.8394934,0,0,1,0,53280.38478,-,-,0,0,#DIV/0!,0,-,-,0,0,#DIV/0!,0.5,1681.1301,8.27818844,#DIV/0!,0.004924181,#DIV/0!,#DIV/0!,-,0,#DIV/0!,#DIV/0!,#DIV/0!,#DIV/0!,#DIV/0!,#DIV/0!,#DIV/0!,#DIV/0!,,,,,,,,,,,,,,,,,,,,,,,,,,,,,,,,,,,1999.92,1681.1301,0.840598674,0.160755441,6,0.5,0: Broadleaf,2,1714857419,391.149,399.995,29.4786,28.0694,393.053,29.253,600.01,101.719,0.0620358,30.6287,31.1268,999.9,0,0,10026.9,0,0.00191117,-8.84564,403.03,411.547,1.40916,399.995,28.0694,2.99853,2.85519,24.0198,23.2067,1999.92,0.979994,0.0200061,0,369.434,5.00018,8369.21,17110.6,39.375,40.375,39.625,39.25,40.437,1955.01,39.91,0,1714857422,0,369.94564,-5.119999985,-174.240769,8386.6636,15,1714857324,14:15:23,1714857324,1714857321,34,-0.163,0.07,-1.909,0.226,400,30,0.19,0.47,-8.820816341,0.072780209,0.039987635,1,1.515186585,-0.514025226,0.05546925,0,1,2,2-Jan,3.25805,2.75547,0.0946245,0.0956314,0.132935,0.127359,20993.6,21583.7,24638.7,25272.2,32454.2,32971.8,41165.9,40897.5,2.24575,1.87748,0.0370368,0,30.5249,999.9,58.4,36.2,34.6474,60.6548,19.1907,1,0.110907,-0.518736,20.3378,5.20007,11.927,4.9903,3.28135,2669.2,9999,9999,38.5,1.86584,1.85883,1.86799,1.86324,1.86524,1.86157,1.86374,1.86142,0,0,0,0,0,iiiiiiii,off,off,off,off,0,100,100,-1.904,0.2256,-1.654440033,-0.000660975,7.36E-08,-1.58E-11,0.22553,0,0,0,3,2172,1,25,1.6,1.6,1.04126,2.61597,1.54663,2.19849,1.4502,2.41455,38.6979,13.3352,18,623.678,430.25,29.0021,28.994,30.0011,29.0316,29.0499,20.9285,28.5159,76.2856,29,400,28.3117,99.8152,100.004
32,1714857711,16288.6,20240504 14:21:50,14:21:50,none,d4.avebar.1,1714857711,0.000758056,0.758056122,4.87241053,394.855,227.056093,23.11214041,40.19246557,0.049091107,2.960760298,0.04864336,0.030441988,321.5038258,32.60769058,31.4952,4.64033471,69.31146921,3.114461842,4.493429265,1.525872869,-33.43027497,-90.20154973,-6.855736875,191.0162642,0,0,1,0,53126.37101,-,-,0,0,#DIV/0!,0,-,-,0,0,#DIV/0!,0.5,1681.1634,4.87241053,#DIV/0!,0.002898237,#DIV/0!,#DIV/0!,-,0,#DIV/0!,#DIV/0!,#DIV/0!,#DIV/0!,#DIV/0!,#DIV/0!,#DIV/0!,#DIV/0!,,,,,,,,,,,,,,,,,,,,,,,,,,,,,,,,,,,1999.96,1681.1634,0.840598512,0.160755128,6,0.5,0: Broadleaf,2,1714857711,394.855,400.027,30.5968,29.8619,396.686,30.4113,599.969,101.727,0.0634435,30.9301,31.4952,999.9,0,0,10006.2,0,0.00191117,-5.17224,407.317,412.34,0.734934,400.027,29.8619,3.11252,3.03776,24.6424,24.2363,1999.96,0.98,0.0199997,0,227.633,5.00018,5512.38,17111,39.125,40.187,39.437,39.125,40.25,1955.06,39.9,0,1714857714,0,227.72,-3.24284614,-555.993076,5577.4924,15,1714857690,14:21:29,1714857690,1714857689,35,0.075,-0.04,-1.834,0.186,400,30,0.34,0.24,-4.480582278,-10.27597588,1.442282801,0,0.57734475,1.716439718,0.204084087,0,0,2,0/2,3.25853,2.75671,0.0951461,0.0955072,0.136319,0.132677,20944.2,21543.4,24598.9,25225.7,32274.2,32714.5,41094.6,40826.7,2.23228,1.8672,0.0516176,0,30.6567,999.9,60.6,36.7,36.9503,60.3547,18.6739,1,0.179807,-0.023061,20.3388,5.20471,11.9321,4.99155,3.282,2675.8,9999,9999,38.5,1.86589,1.85898,1.86812,1.86329,1.86539,1.86171,1.86386,1.86157,0,0,0,0,0,iiiiiiii,off,off,off,off,0,100,100,-1.831,0.1855,-1.579539326,-0.000660975,7.36E-08,-1.58E-11,0.185525,0,0,0,3,2172,1,25,0.3,0.4,1.04248,2.61108,1.54663,2.19727,1.4502,2.48413,39.3418,13.2652,18,620.982,428.611,29.0016,29.8478,30.0014,29.7296,29.6838,20.9448,26.5817,88.2188,29,400,29.83,99.6468,99.8261
33,1714858202,16780,20240504 14:30:02,14:30:02,none,j6.avebar.1,1714858202,-0.000252471,-0.252470602,-0.002002396,400.101,390.1943274,39.71262194,40.72088863,-0.016392551,2.958433162,-0.016443181,-0.010272426,321.5479348,32.61272871,31.4192,4.620337236,70.3925141,3.117048504,4.428096572,1.503288732,11.13395355,-118.9195082,-9.0307288,204.7316513,0,0,1,0,53103.69196,-,-,0,0,#DIV/0!,0,-,-,0,0,#DIV/0!,0.5,1681.3983,-0.002002396,#DIV/0!,-1.19E-06,#DIV/0!,#DIV/0!,-,0,#DIV/0!,#DIV/0!,#DIV/0!,#DIV/0!,#DIV/0!,#DIV/0!,#DIV/0!,#DIV/0!,,,,,,,,,,,,,,,,,,,,,,,,,,,,,,,,,,,2000.24,1681.3983,0.840598278,0.160754677,6,0.5,0: Broadleaf,2,1714858202,400.101,399.998,30.6264,30.8711,401.924,30.4416,600.094,101.713,0.063523,30.6736,31.4192,999.9,0,0,9994.38,0,0.00191117,0.10257,412.742,412.74,-0.244667,399.998,30.8711,3.11512,3.14,24.6564,24.7896,2000.24,0.980006,0.0199936,0,132.452,5.00018,3362.82,17113.4,39.125,39.937,39.312,39.125,40.187,1955.35,39.89,0,1714858205,0,132.9266154,-5.201777771,-121.542906,3377.229615,15,1714858136,14:28:56,1714858131,1714858136,37,-0.028,0.008,-1.823,0.185,400,30,0.42,0.19,0.057871215,0.371955684,0.056034423,0,-0.3238546,-0.012452285,0.023668528,1,1,2,2-Jan,3.25902,2.75667,0.0961121,0.0955008,0.136411,0.135692,20936.9,21558.8,24615.6,25242.3,32292.9,32620.7,41123.9,40851.6,2.23635,1.8736,0.0980906,0,29.8246,999.9,59.9,36.9,36.9263,61.2848,18.4856,1,0.152904,-0.0945942,20.3404,5.20396,11.9261,4.99205,3.282,2686.8,9999,9999,38.7,1.86597,1.85898,1.86813,1.86336,1.86539,1.86172,1.86386,1.86157,0,0,0,0,0,iiiiiiii,off,off,off,off,0,100,100,-1.823,0.1848,-1.567838814,-0.000660975,7.36E-08,-1.58E-11,0.18485,0,0,0,3,2172,1,25,1.2,1.1,1.04492,2.61597,1.54663,2.19971,1.4502,2.55127,39.6167,13.1164,18,623.326,432.273,29.0015,29.6428,29.9998,29.6725,29.6743,21,1.72217,100,29,400,30.4112,99.7165,99.889
34,1714858753,17330.5,20240504 14:39:12,14:39:12,none,d3.avebar.1,1714858753,0.001587616,1.587616204,9.801406568,389.571,228.3415788,23.24050976,39.65037237,0.103837165,2.958721249,0.101854323,0.063833949,321.4782898,33.03618097,32.2824,4.851941267,71.43568506,3.329250741,4.660486896,1.522690526,-70.0138746,-113.3960713,-8.685467208,129.3828767,0,0,1,0,52955.52211,-,-,0,0,#DIV/0!,0,-,-,0,0,#DIV/0!,0.5,1681.029,9.801406568,#DIV/0!,0.005830599,#DIV/0!,#DIV/0!,-,0,#DIV/0!,#DIV/0!,#DIV/0!,#DIV/0!,#DIV/0!,#DIV/0!,#DIV/0!,#DIV/0!,,,,,,,,,,,,,,,,,,,,,,,,,,,,,,,,,,,1999.8,1681.029,0.84059856,0.16075522,6,0.5,0: Broadleaf,2,1714858753,389.571,399.991,32.7104,31.1747,391.422,32.4862,599.994,101.717,0.062579,31.5715,32.2824,999.9,0,0,9995.62,0,0.00191117,-10.4203,402.745,412.862,1.53564,399.991,31.1747,3.32719,3.17099,25.7628,24.9541,1999.8,0.979998,0.0200018,0,300.326,5.00018,7030.32,17109.6,39.187,40.375,39.5,39.375,40.375,1954.9,39.9,0,1714858756,0,300.6127308,-0.467658128,-21.84102565,7038.101923,15,1714858535,14:35:34,1714858535,1714858533,38,-0.035,0.039,-1.857,0.224,399,31,0.19,0.26,-10.39526098,-0.216524739,0.042057063,0,1.655202927,-1.145650662,0.117424541,0,0,2,0/2,3.25898,2.75573,0.0941438,0.095462,0.142535,0.136545,20963.7,21538,24595.2,25218.8,32036.2,32560.9,41088,40816.9,2.2332,1.86762,0.0283979,0,31.8218,999.9,60.4,36.7,36.8306,60.8248,18.4696,1,0.188791,0.236588,20.3387,5.20217,11.9316,4.9916,3.282,2699.1,9999,9999,38.8,1.8659,1.85898,1.8681,1.86334,1.86539,1.86168,1.86386,1.86157,0,0,0,0,0,iiiiiiii,off,off,off,off,0,100,100,-1.851,0.2242,-1.602988838,-0.000660975,7.36E-08,-1.58E-11,0.22414,0,0,0,3,2172,1,25,3.6,3.7,1.04492,2.61108,1.54663,2.19971,1.4502,2.55005,39.6669,12.8186,18,623.116,430.006,29.0028,30.0264,30.0013,29.8804,29.8537,20.9885,21.5859,100,29,400,31.222,99.6311,99.801
35,1714859311,17889,20240504 14:48:31,14:48:31,none,h7.avebar.1-d4,1714859311,0.000908449,0.908449421,5.847936659,393.829,226.513646,23.05522725,40.08507765,0.059174362,2.958611877,0.058524638,0.036635679,321.5303788,33.48188411,32.4505,4.898200774,71.4712211,3.382542619,4.732733773,1.515658155,-40.06261949,-96.94694663,-7.441892353,177.0789203,0,0,1,0,52905.2628,-,-,0,0,#DIV/0!,0,-,-,0,0,#DIV/0!,0.5,1681.3059,5.847936659,#DIV/0!,0.003478211,#DIV/0!,#DIV/0!,-,0,#DIV/0!,#DIV/0!,#DIV/0!,#DIV/0!,#DIV/0!,#DIV/0!,#DIV/0!,#DIV/0!,,,,,,,,,,,,,,,,,,,,,,,,,,,,,,,,,,,2000.13,1681.3059,0.840598311,0.16075474,6,0.5,0: Broadleaf,2,1714859311,393.829,400.035,33.2329,32.3546,395.545,33.054,599.972,101.717,0.0659506,31.8427,32.4505,999.9,0,0,9995,0,0.00191117,-6.20587,407.368,413.411,0.878353,400.035,32.3546,3.38034,3.291,26.0304,25.5784,2000.13,0.980006,0.0199941,0,263.695,5.00018,6169.1,17112.5,39.812,41,40.062,40,40.937,1955.24,39.89,0,1714859314,0,263.5907308,-0.729333335,-46.39521375,6175.820769,15,1714859242,14:47:22,1714859236,1714859242,41,-0.345,-0.068,-1.719,0.179,400,31,0.34,0.06,-6.1623175,-0.161575385,0.046020917,0,0.88332235,-0.057088255,0.017061304,1,1,2,2-Jan,3.25927,2.75911,0.094655,0.0952281,0.143877,0.139692,20899.9,21486.4,24539.4,25157.1,31913.1,32368.3,40988.4,40723.4,2.21985,1.84903,0.0969619,0,30.8768,999.9,60.5,37.2,37.9119,60.8148,18.4936,1,0.286212,-0.0336846,20.3385,5.20486,11.9321,4.9913,3.282,2711.4,9999,9999,39,1.866,1.85898,1.86813,1.8634,1.86539,1.86172,1.86386,1.86157,0,0,0,0,0,iiiiiiii,off,off,off,off,0,100,100,-1.716,0.1789,-1.46486915,-0.000660975,7.36E-08,-1.58E-11,0.178938095,0,0,0,3,2172,1,25,1.3,1.1,1.04492,2.60986,1.54663,2.19727,1.4502,2.57324,40.2474,12.4246,18,623.953,426.155,30.0029,31.142,30.0016,30.9517,30.9,20.9849,21.7881,100,30,400,32.3406,99.3954,99.5664
36,1714859872,18449.6,20240504 14:57:51,14:57:51,none,g4.avebar.1-e4,1714859872,0.000663376,0.663375972,4.740992741,394.973,209.0936608,21.28264418,40.20241354,0.042826368,2.960798702,0.042485183,0.026583667,321.4980208,32.6862872,31.607,4.669889024,69.69816915,3.141570267,4.507392813,1.528318756,-29.25488036,-99.3650558,-7.558299928,185.3197847,0,0,1,0,53117.73702,-,-,0,0,#DIV/0!,0,-,-,0,0,#DIV/0!,0.5,1681.1301,4.740992741,#DIV/0!,0.002820122,#DIV/0!,#DIV/0!,-,0,#DIV/0!,#DIV/0!,#DIV/0!,#DIV/0!,#DIV/0!,#DIV/0!,#DIV/0!,#DIV/0!,,,,,,,,,,,,,,,,,,,,,,,,,,,,,,,,,,,1999.92,1681.1301,0.840598674,0.160755441,6,0.5,0: Broadleaf,2,1714859872,394.973,399.976,30.8647,30.2218,396.765,30.6282,600.001,101.716,0.0692196,30.9845,31.607,999.9,0,0,10007.5,0,0.00191117,-5.00281,407.552,412.44,0.642935,399.976,30.2218,3.13944,3.07405,24.7866,24.4345,1999.92,0.979995,0.0200052,0,197.414,5.00018,4737.99,17110.6,39,40,39.125,39.375,40.125,1955.01,39.91,0,1714859875,0,197.42512,-0.413000005,-17.49923073,4739.3744,15,1714859800,14:56:40,1714859780,1714859800,43,-0.516,0.132,-1.795,0.237,399,33,0.37,0.01,-4.9723805,0.029847129,0.042288155,1,0.557671925,0.658781392,0.067318027,0,1,2,2-Jan,3.25858,2.76247,0.0946961,0.0950326,0.136385,0.13318,20873.4,21464.9,24512,25129.3,32156.5,32580.8,40938.7,40682.7,2.21397,1.8336,0.107251,0,29.8637,999.9,57.2,37.7,36.8313,61.0512,18.2612,1,0.339845,-0.317334,20.3377,5.20261,11.9381,4.9899,3.282,2723.5,9999,9999,39.1,1.86611,1.85913,1.86829,1.86356,1.86554,1.86187,1.86399,1.86172,0,0,0,0,0,iiiiiiii,off,off,off,off,0,100,100,-1.792,0.2365,-1.540548817,-0.000660975,7.36E-08,-1.58E-11,0.23652381,0,0,0,3,2172,1,25,1.5,1.2,1.04248,2.61353,1.54663,2.21802,1.4502,2.54272,41.665,11.8905,18,626.193,421.655,30.0018,31.6537,30.0017,31.6272,31.5871,20.9493,21.7823,98.2901,30,400,30.2985,99.2785,99.4628