sample,sample_short,total.leaf.area,length,plot_replace,perennial,notes
23I6ESCCAL1_20240501,I6ESCCAL1_20240501,1.662,20,J2,23,
23B3STIPUL2_20240513,B3STIPUL2_20240513,0.454,20,B6,23,
23A6CORFIL1_20240518,A6CORFIL1_20240518,3.554,20,,23,
23A7CORFIL2_20240518,A7CORFIL2_20240518,4.643,20,,23,
23B3CORFIL1_20240518,B3CORFIL1_20240518,1.896,20,,23,
23B6CORFIL2_20240518,B6CORFIL2_20240518,2.068,20,,23,
23C2CORFIL1_20240518,C2CORFIL1_20240518,5.336,20,,23,
23D7CORFIL1_20240518,D7CORFIL1_20240518,4.745,20,,23,
23E5CORFIL2_20240518,E5CORFIL2_20240518,4.023,20,,23,
23E6CORFIL2_20240518,E6CORFIL2_20240518,2.698,20,,23,
23F6CORFIL1_20240518,F6CORFIL1_20240518,3.684,20,,23,
23G3CORFIL2_20240518,G3CORFIL2_20240518,4.959,20,,23,
23H1CORFIL2_20240518,H1CORFIL2_20240518,3.692,20,,23,
23H8CORFIL1_20240518,H8CORFIL1_20240518,4.394,20,,23,
23I2CORFIL2_20240518,I2CORFIL2_20240518,5.518,20,,23,
23J5CORFIL2_20240518,J5CORFIL2_20240518,2.569,20,,23,
23J8CORFIL2_20240518,J8CORFIL2_20240518,5.448,20,,23,
23A1ESCCAL1_20240502,A1ESCCAL1_20240502,2.616,20,,23,
23A6ESCCAL1_20240502,A6ESCCAL1_20240502,1.272,20,,23,
23B3ESCCAL1_20240502,B3ESCCAL1_20240502,2.538,20,,23,
23B4ESCCAL1_20240502,B4ESCCAL1_20240502,2.507,20,,23,
23B6ESCCAL1_20240502,B6ESCCAL1_20240502,1.583,20,,23,
23C2ESCCAL1_20240502,C2ESCCAL1_20240502,2.976,20,,23,
23C3ESCCAL1_20240502,C3ESCCAL1_20240502,1.298,20,,23,
23C8ESCCAL1_20240502,C8ESCCAL1_20240502,1.107,20,,23,
23D1ESCCAL1_20240502,D1ESCCAL1_20240502,1.054,20,,23,
23D7ESCCAL1_20240502,D7ESCCAL1_20240502,1.872,20,,23,
23D8ESCCAL1_20240502,D8ESCCAL1_20240502,2.146,20,,23,
23E1ESCCAL1_20240502,E1ESCCAL1_20240502,1.306,20,,23,
23E3ESCCAL1_20240502,E3ESCCAL1_20240502,2.853,20,,23,
23E5ESCCAL1_20240502,E5ESCCAL1_20240502,3.219,20,,23,
23E6ESCCAL1_20240502,E6ESCCAL1_20240502,2.279,20,,23,
23F1ESCCAL1_20240502,F1ESCCAL1_20240502,2.478,20,,23,
23F6ESCCAL1_20240502,F6ESCCAL1_20240502,2.804,20,,23,
23G3ESCCAL1_20240502,G3ESCCAL1_20240502,1.263,20,,23,
23G6ESCCAL1_20240502,G6ESCCAL1_20240502,1.209,20,,23,
23G7ESCCAL1_20240502,G7ESCCAL1_20240502,2.55,20,,23,
23H1ESCCAL1_20240502,H1ESCCAL1_20240502,0.808,20,,23,
23H2ESCCAL1_20240502,H2ESCCAL1_20240502,1.355,20,,23,
23H6ESCCAL1_20240502,H6ESCCAL1_20240502,1.614,20,,23,
23H8ESCCAL1_20240502,H8ESCCAL1_20240502,2.091,20,,23,
23I2ESCCAL1_20240502,I2ESCCAL1_20240502,2.294,20,,23,
23I5ESCCAL1_20240502,I5ESCCAL1_20240502,1.286,20,,23,
23J2ESCCAL1_20240502,J2ESCCAL1_20240502,2.783,20,,23,
23J5ESCCAL1_20240502,J5ESCCAL1_20240502,2.003,20,,23,
23J8ESCCAL1_20240502,J8ESCCAL1_20240502,2.2,20,,23,
23F2MIRMUL1_20240518,F2MIRMUL1_20240518,6.052,20,,23,
23A6STIPUL2_20240513,A6STIPUL2_20240513,0.227,20,,23,
23A7STIPUL2_20240513,A7STIPUL2_20240513,0.88,20,,23,
23B6STIPUL2_20240513,B6STIPUL2_20240513,0.113,20,,23,
23C2STIPUL2_20240513,C2STIPUL2_20240513,0.626,20,,23,
23D8STIPUL2_20240513,D8STIPUL2_20240513,0.473,20,,23,
23E5STIPUL2_20240513,E5STIPUL2_20240513,0.334,20,,23,
23F6STIPUL2_20240513,F6STIPUL2_20240513,0.609,20,,23,
23H1STIPUL2_20240513,H1STIPUL2_20240513,0.316,20,,23,
23H8STIPUL2_20240513,H8STIPUL2_20240513,0.617,20,,23,
23I2STIPUL1_20240513,I2STIPUL1_20240513,0.395,20,,23,
23I6STIPUL1_20240513,I6STIPUL1_20240513,0.449,20,,23,
23J5STIPUL2_20240513,J5STIPUL2_20240513,0.391,20,,23,
23J8STIPUL1_20240513,J8STIPUL1_20240513,0.388,20,,23,
23D8CORFIL2_20240518,D8CORFIL2_20240518,3.639,20,,23,
23D7STIPUL1_20240513,D7STIPUL1_20240513,0.35,20,,23,
G6AIRCAR2_20240505,G6AIRCAR2_20240505,0.333,18,,,
I1BROHOR2_20240503,I1BROHOR2_20240503,0.719,18,,,
C4BROHOR2_20240503,C4BROHOR2_20240503,0.332,18,,,
C2CORFIL2_20240518,C2CORFIL2_20240518,0.876,18,J5,,two leaves
A1AIRCAR2_20240505,A1AIRCAR2_20240505,0.233,18,I6,,
B4AIRCAR1_20240505,B4AIRCAR1_20240505,0.153,18,I8,,
C3AIRCAR2_20240505,C3AIRCAR2_20240505,0.344,18,C8,,
B4AVEBAR1_20240505,B4AVEBAR1_20240505,1.374,18,C3,,
B5AVEBAR1_20240505,B5AVEBAR1_20240505,1.822,18,A8,,
F1AVEBAR1_20240505,F1AVEBAR1_20240505,1.781,18,D1,,
G1AVEBAR1_20240505,G1AVEBAR1_20240505,2.489,18,D2,,
G2AVEBAR1_20240505,G2AVEBAR1_20240505,2.101,18,G5,,
G4AVEBAR1_20240505,G4AVEBAR1_20240505,1.647,18,E4,,
G6AVEBAR2_20240505,G6AVEBAR2_20240505,1.72,18,E1,,
G7AVEBAR1_20240505,G7AVEBAR1_20240505,2.074,18,H6,,
H7AVEBAR1_20240505,H7AVEBAR1_20240505,1.673,18,D4,,
I7AVEBAR1_20240505,I7AVEBAR1_20240505,4.125,18,A8,,
B3AVEFAT1_20240503,B3AVEFAT1_20240503,1.083,18,A6,,
B6AVEFAT1_20240503,B6AVEFAT1_20240503,1.305,18,A7,,
C2AVEFAT1_20240503,C2AVEFAT1_20240503,1.516,18,A7,,
F6AVEFAT1_20240503,F6AVEFAT1_20240503,1.645,18,D7,,
G3AVEFAT1_20240503,G3AVEFAT1_20240503,1.908,18,E6,,
I6BRODIA1_20240506,I6BRODIA1_20240506,1.63,18,J2,,
XXBRODIA1_20240506,XXBRODIA1_20240506,1.801,18,C3,,
XXBRODIA2_20240506,XXBRODIA2_20240506,1.63,18,C3,,
XXBRODIA2_20240506,XXBRODIA2_20240506,2.772,18,C8,,
B4CLAPUR2_20240507,B4CLAPUR2_20240507,1.755,18,C8,,
B3CORFIL1_20240518,B3CORFIL1_20240518,2.092,18,A7,,
B6CORFIL2_20240518,B6CORFIL2_20240518,2.688,18,A7,,
C2CORFIL1_20240518,C2CORFIL1_20240518,1.897,18,A7,,
H1CORFIL1_20240518,H1CORFIL1_20240518,0.884,18,H8,,
H8CORFIL1_20240518,H8CORFIL1_20240518,1.922,18,G3,,
J8CORFIL1_20240518,J8CORFIL1_20240518,0.145,18,J5,,
A3DAUPUS2_20240509,A3DAUPUS2_20240509,2.587,18,B7,,
C5DAUPUS2_20240509,C5DAUPUS2_20240509,1.196,18,I1,,
G6DAUPUS1_20240509,G6DAUPUS1_20240509,2.234,18,G7,,
B4GALPAR2_20240531,B4GALPAR2_20240531,0.32,18,C8,,
E7HOLVIR2_20240515,E7HOLVIR2_20240515,1.794,18,D4,,
F4HOLVIR2_20240515,F4HOLVIR2_20240515,1.327,18,D4,,
F5HOLVIR2_20240515,F5HOLVIR2_20240515,1.815,18,D4,,
G5HOLVIR2_20240515,G5HOLVIR2_20240515,2.077,18,H4,,
I5HYPGLA2_20240509,I5HYPGLA2_20240509,0.669,18,I6,,
A5LUPBIC1_20240424,A5LUPBIC1_20240424,0.369,18,A8,,
E4LUPMIC1_20240425,E4LUPMIC1_20240425,3.699,18,D3,,
F7LUPMIC1_20240425,F7LUPMIC1_20240425,4.071,18,D5,,
G4LUPMIC1_20240425,G4LUPMIC1_20240425,2.963,18,D5,,
D6MADGRA1_20240510,D6MADGRA1_20240510,2.354,18,,,
I4MADGRA2_20240511,I4MADGRA2_20240511,1.038,18,J1,,
J1MADGRA2_20250510,J1MADGRA2_20250510,1.544,18,,,
I7MICCAL1_20240429,I7MICCAL1_20240429,0.432,18,C1,,
A2PHATAN1_20240403,A2PHATAN1_20240403,2.365,18,C6,,
B6STIPUL1_20240513,B6STIPUL1_20240513,0.268,18,I2,,
C2STIPUL2_20240513,C2STIPUL2_20240513,0.267,18,J8,,
C5TORARV2_20240507,C5TORARV2_20240507,0.602,18,C4,,
D5BROMAD1_20240426,D5BROMAD1_20240426,0.509,18,,,no licor copy
J4CAUCOU1_20240401,J4CAUCOU1_20240401,2.838,18,,,not broken
E4AVEBAR1_20240505,E4AVEBAR1_20240505,1.605,18,,,two pieces
H3AMSMEN1_20240328,H3AMSMEN1_20240328,0.566,18,,,no licor  
B8BROMAD2_20240425,B8BROMAD2_20240425,0.298,18,,,no licor  
D3BROMAD2_20240426,D3BROMAD2_20240426,0.589,18,,,no licor
A6BROHOR1_20240503,A6BROHOR1_20240503,1.02,18,,,sharpie
A2BROMAD2_20240424,A2BROMAD2_20240424,0.352,18,,,no licor
A4BROMAD2_20240425,A4BROMAD2_20240425,0.789,18,,,no licor
A5BROMAD2_20240425,A5BROMAD2_20240425,0.517,18,,,no licor
A7BROMAD2_20240425,A7BROMAD2_20240425,0.896,18,,,no licor
B2BR0MAD2_20240425,B2BR0MAD2_20240425,0.832,18,,,no licor
B3BROMAD2_20240425,B3BROMAD2_20240425,0.537,18,,,no licor
C6BROMAD2_20240425,C6BROMAD2_20240425,1.03,18,,,no licor
D5BROMAD1_20240426,D5BROMAD1_20240426,0.508,18,,,no licor
E2BROMAD2_20240426,E2BROMAD2_20240426,0.894,18,,,no licor
F2BROMAD2_20240425,F2BROMAD2_20240425,1.062,18,,,no licor
F5BROMAD2_20240425,F5BROMAD2_20240425,1.004,18,,,sharpie
F6BROMAD2_20240425,F6BROMAD2_20240425,0.901,18,,,no licor
F7BROMAD2_20240425,F7BROMAD2_20240425,0.882,18,,,no licor
G5BROMAD2_20240425,G5BROMAD2_20240425,1.21,18,,,no licor
A2EROCIC1_20240401,A2EROCIC1_20240401,2.902,18,,,no licor
A2EROCIC2_20240401,A2EROCIC2_20240401,1.171,18,,,no licor
B6EROCIC1_20240401,B6EROCIC1_20240401,0.706,18,,,no licor
B3MICCAL2_20240429,B3MICCAL2_20240429,1.112,18,,,no licor
D7STIPUL1_20240513,D7STIPUL1_20240513,0.162,18,,,no licor
A6BROHOR1_20240503,A6BROHOR1_20240503,1.049,18,,,ligule
F5BROMAD2_20240425,F5BROMAD2_20240425,0.991,18,,,ligule
F4BRODIA2_20240506,F4BRODIA2_20240506,1.558,18,,,licor
B3BROHOR1_20240503,B3BROHOR1_20240503,0.46,18,,,dead
J6PLAERE2_20240424,J6PLAERE2_20240424,1.04,18,,,copy
C8AIRCAR2_20240505,C8AIRCAR2_20240505,0.382,18,,,
D1AIRCAR2_20240505,D1AIRCAR2_20240505,0.286,18,,,
E1AIRCAR2_20240505,E1AIRCAR2_20240505,0.331,18,,,
E3AIRCAR2_20240505,E3AIRCAR2_20240505,0.238,18,,,
F1AIRCAR2_20240505,F1AIRCAR2_20240505,0.27,18,,,
G7AIRCAR2_20240505,G7AIRCAR2_20240505,0.259,18,,,
H2AIRCAR2_20240505,H2AIRCAR2_20240505,0.291,18,,,
H6AIRCAR2_20240505,H6AIRCAR2_20240505,0.316,18,,,
I5AIRCAR2_20240505,I5AIRCAR2_20240505,0.275,18,,,
I6AIRCAR2_20240505,I6AIRCAR2_20240505,0.294,18,,,
I8AIRCAR2_20240505,I8AIRCAR2_20240505,0.258,18,,,
J2AIRCAR2_20240505,J2AIRCAR2_20240505,0.162,18,,,
A2AMSMEN3_20240328,A2AMSMEN3_20240328,1.912,18,,,
A4AMSMEN1_20240328,A4AMSMEN1_20240328,4.251,18,,,
B8AMSMEN2_20240328,B8AMSMEN2_20240328,1.426,18,,,
C6AMSMEN1_20240328,C6AMSMEN1_20240328,2.676,18,,,
C7AMSMEN1_20240328,C7AMSMEN1_20240328,3.192,18,,,
D3AMSMEN1_20240328,D3AMSMEN1_20240328,2.461,18,,,
D3AMSMEN2_20240328,D3AMSMEN2_20240328,4.766,18,,,
D5AMSMEN1_20240328,D5AMSMEN1_20240328,3.037,18,,,
E2AMSMEN1_20240328,E2AMSMEN1_20240328,0.756,18,,,
E2AMSMEN3_20240328,E2AMSMEN3_20240328,3.501,18,,,
E2AMSMEN4_20240328,E2AMSMEN4_20240328,2.133,18,,,
E4AMSMEN1_20240328,E4AMSMEN1_20240328,3.783,18,,,
F2AMSMEN1_20240328,F2AMSMEN1_20240328,3.27,18,,,
G4AMSMEN1_20240328,G4AMSMEN1_20240328,3.384,18,,,
I3AMSMEN1_20240328,I3AMSMEN1_20240328,0.42,18,,,
J4AMSMEN1_20240328,J4AMSMEN1_20240328,2.015,18,,,
J7AMSMEN1_20240328,J7AMSMEN1_20240328,2.449,18,,,
J7AMSMEN3_20240328,J7AMSMEN3_20240328,2.346,18,,,
A1AVEBAR1_20240505,A1AVEBAR1_20240505,1.208,18,,,
A4AVEBAR2_20240506,A4AVEBAR2_20240506,1.676,18,,,
A8AVEBAR1_20240505,A8AVEBAR1_20240505,2.282,18,,,
B2AVEBAR1_20240505,B2AVEBAR1_20240505,1.384,18,,,
B8AVEBAR1_20240505,B8AVEBAR1_20240505,1.59,18,,,
C1AVEBAR1_20240505,C1AVEBAR1_20240505,1.584,18,,,
C3AVEBAR1_20240505,C3AVEBAR1_20240505,2.479,18,,,
C7AVEBAR1_20240505,C7AVEBAR1_20240505,3.005,18,,,
C8AVEBAR1_20240505,C8AVEBAR1_20240505,2.878,18,,,
D1AVEBAR1_20240505,D1AVEBAR1_20240505,1.63,18,,,
D2AVEBAR1_20240505,D2AVEBAR1_20240505,3.09,18,,,
D3AVEBAR1_20240505,D3AVEBAR1_20240505,2.268,18,,,
D4AVEBAR1_20240505,D4AVEBAR1_20240505,1.135,18,,,
D5AVEBAR2_20240505,D5AVEBAR2_20240505,1.11,18,,,
D6AVEBAR1_20240505,D6AVEBAR1_20240505,3.411,18,,,
E1AVEBAR1_20240505,E1AVEBAR1_20240505,2.383,18,,,
E2AVEBAR1_20240505,E2AVEBAR1_20240505,1.472,18,,,
E3AVEBAR2_20240505,E3AVEBAR2_20240505,2.199,18,,,
E7AVEBAR1_20240505,E7AVEBAR1_20240505,2.224,18,,,
E8AVEBAR1_20240505,E8AVEBAR1_20240505,3.002,18,,,
F2AVEBAR1_20240505,F2AVEBAR1_20240505,2.4,18,,,
F3AVEBAR1_20240505,F3AVEBAR1_20240505,2.18,18,,,
F4AVEBAR1_20240505,F4AVEBAR1_20240505,2.263,18,,,
F5AVEBAR1_20240505,F5AVEBAR1_20240505,2.549,18,,,
F7AVEBAR1_20240505,F7AVEBAR1_20240505,2.864,18,,,
F8AVEBAR1_20240505,F8AVEBAR1_20240505,2.859,18,,,
G5AVEBAR1_20240505,G5AVEBAR1_20240505,2.545,18,,,
G8AVEBAR1_20240505,G8AVEBAR1_20240505,2.442,18,,,
H2AVEBAR1_20240505,H2AVEBAR1_20240505,1.982,18,,,
H4AVEBAR1_20240505,H4AVEBAR1_20240505,2.415,18,,,
H5AVEBAR1_20240505,H5AVEBAR1_20240505,2.75,18,,,
H6AVEBAR1_20240505,H6AVEBAR1_20240505,2.288,18,,,
I1AVEBAR1_20240505,I1AVEBAR1_20240505,1.717,18,,,
I4AVEBAR1_20240505,I4AVEBAR1_20240505,3.237,18,,,
J2AVEBAR1_20240505,J2AVEBAR1_20240505,1.802,18,,,
A7AVEFAT1_20240503,A7AVEFAT1_20240503,1.968,18,,,
D7AVEFAT1_20240503,D7AVEFAT1_20240503,1.927,18,,,
D8AVEFAT1_20240503,D8AVEFAT1_20240503,2.412,18,,,
E5AVEFAT1_20240503,E5AVEFAT1_20240503,2.047,18,,,
E6AVEFAT1_20240503,E6AVEFAT1_20240503,1.09,18,,,
H1AVEFAT1_20240503,H1AVEFAT1_20240503,0.689,18,,,
H8AVEFAT1_20240503,H8AVEFAT1_20240503,1.133,18,,,
J8AVEFAT1_20240503,J8AVEFAT1_20240503,0.679,18,,,
A2BROARE1_20240319,A2BROARE1_20240319,2.289,18,,,
A4BROARE3_20240319,A4BROARE3_20240319,1.808,18,,,
B8BROARE3_20240319,B8BROARE3_20240319,1.969,18,,,
C6BROARE1_20240319,C6BROARE1_20240319,1.905,18,,,
C7BROARE1_20240319,C7BROARE1_20240319,2.265,18,,,
D3BROARE3_20240319,D3BROARE3_20240319,2.385,18,,,
D5BROARE1_20240319,D5BROARE1_20240319,1.099,18,,,
E2BROARE1_20240319,E2BROARE1_20240319,2.356,18,,,
E4BROARE1_20240319,E4BROARE1_20240319,1.662,18,,,
F2BROARE1_20240319,F2BROARE1_20240319,2.235,18,,,
F7BROARE1_20240319,F7BROARE1_20240319,1.72,18,,,
G4BROARE1_20240319,G4BROARE1_20240319,2.164,18,,,
H3BROARE1_20240319,H3BROARE1_20240319,1.072,18,,,
I3BROARE3_20240319,I3BROARE3_20240319,2.561,18,,,
J4BROARE1_20240319,J4BROARE1_20240319,1.728,18,,,
J7BROARE1_20240319,J7BROARE1_20240319,2.003,18,,,
A1BRODIA1_20240506,A1BRODIA1_20240506,1.616,18,,,
A2BRODIA2_20240506,A2BRODIA2_20240506,1.658,18,,,
A3BRODIA2_20240506,A3BRODIA2_20240506,1.64,18,,,
A6BRODIA2_20240506,A6BRODIA2_20240506,1.249,18,,,
A7BRODIA2_20240506,A7BRODIA2_20240506,1.436,18,,,
A8BRODIA2_20240506,A8BRODIA2_20240506,1.631,18,,,
B1BRODIA2_20240506,B1BRODIA2_20240506,1.687,18,,,
B2BRODIA2_20240506,B2BRODIA2_20240506,1.483,18,,,
B3BRODIA2_20240506,B3BRODIA2_20240506,1.491,18,,,
B4BRODIA2_20240506,B4BRODIA2_20240506,1.779,18,,,
B5BRODIA2_20240506,B5BRODIA2_20240506,1.374,18,,,
B7BRODIA1_20240506,B7BRODIA1_20240506,2.284,18,,,
B8BRODIA1_20240506,B8BRODIA1_20240506,2.186,18,,,
C1BRODIA2_20240506,C1BRODIA2_20240506,1.434,18,,,
C2BRODIA2_20240506,C2BRODIA2_20240506,1.871,18,,,
C4BRODIA2_20240506,C4BRODIA2_20240506,1.343,18,,,
C5BRODIA2_20240506,C5BRODIA2_20240506,1.373,18,,,
C6BRODIA2_20240506,C6BRODIA2_20240506,1.425,18,,,
C7BRODIA2_20240506,C7BRODIA2_20240506,1.723,18,,,
C8BRODIA2_20240506,C8BRODIA2_20240506,1.78,18,,,
D1BRODIA2_20240506,D1BRODIA2_20240506,2.056,18,,,
D2BRODIA2_20240506,D2BRODIA2_20240506,2.887,18,,,
D3BRODIA2_20240506,D3BRODIA2_20240506,1.928,18,,,
D4BRODIA2_20240506,D4BRODIA2_20240506,2.019,18,,,
D5BRODIA2_20240506,D5BRODIA2_20240506,2.018,18,,,
D6BRODIA2_20240506,D6BRODIA2_20240506,1.579,18,,,
D7BRODIA2_20240506,D7BRODIA2_20240506,1.393,18,,,
D8BRODIA2_20240506,D8BRODIA2_20240506,1.755,18,,,
E2BRODIA2_20240506,E2BRODIA2_20240506,1.352,18,,,
E3BRODIA2_20240506,E3BRODIA2_20240506,1.846,18,,,
E4BRODIA2_20240506,E4BRODIA2_20240506,1.797,18,,,
E5BRODIA2_20240506,E5BRODIA2_20240506,1.533,18,,,
E6BRODIA2_20240506,E6BRODIA2_20240506,1.511,18,,,
E7BRODIA2_20240506,E7BRODIA2_20240506,1.7,18,,,
E8BRODIA2_20240506,E8BRODIA2_20240506,1.825,18,,,
F1BRODIA2_20240506,F1BRODIA2_20240506,1.716,18,,,
F2BRODIA1_20240506,F2BRODIA1_20240506,1.825,18,,,
F3BRODIA2_20240506,F3BRODIA2_20240506,1.844,18,,,
F5BRODIA2_20240506,F5BRODIA2_20240506,1.94,18,,,
F6BRODIA1_20240506,F6BRODIA1_20240506,0.985,18,,,
F7BRODIA1_20240506,F7BRODIA1_20240506,1.596,18,,,
F8BRODIA2_20240506,F8BRODIA2_20240506,1.638,18,,,
G1BRODIA2_20240506,G1BRODIA2_20240506,2.063,18,,,
G2BRODIA2_20240506,G2BRODIA2_20240506,1.917,18,,,
G3BRODIA2_20240506,G3BRODIA2_20240506,2.376,18,,,
G4BRODIA2_20240506,G4BRODIA2_20240506,1.895,18,,,
G5BRODIA2_20240506,G5BRODIA2_20240506,1.709,18,,,
G6BRODIA2_20240506,G6BRODIA2_20240506,2.025,18,,,
G7BRODIA2_20240506,G7BRODIA2_20240506,1.775,18,,,
G8BRODIA2_20240506,G8BRODIA2_20240506,1.889,18,,,
H1BRODIA2_20240506,H1BRODIA2_20240506,1.73,18,,,
H2BRODIA2_20240506,H2BRODIA2_20240506,2.098,18,,,
H3BRODIA2_20240506,H3BRODIA2_20240506,1.526,18,,,
H4BRODIA2_20240506,H4BRODIA2_20240506,1.889,18,,,
H5BRODIA1_20240506,H5BRODIA1_20240506,1.928,18,,,
H6BRODIA2_20240506,H6BRODIA2_20240506,2.149,18,,,
H7BRODIA2_20240506,H7BRODIA2_20240506,2.016,18,,,
H8BRODIA2_20240506,H8BRODIA2_20240506,1.996,18,,,
I1BRODIA1_20240506,I1BRODIA1_20240506,2.195,18,,,
I2BRODIA2_20240506,I2BRODIA2_20240506,1.5,18,,,
I3BRODIA2_20240506,I3BRODIA2_20240506,1.893,18,,,
I4BRODIA2_20240506,I4BRODIA2_20240506,2.112,18,,,
I7BRODIA2_20240506,I7BRODIA2_20240506,2.301,18,,,
J1BRODIA2_20240506,J1BRODIA2_20240506,1.668,18,,,
J2BRODIA2_20240506,J2BRODIA2_20240506,2.475,18,,,
J3BRODIA2_20240506,J3BRODIA2_20240506,1.135,18,,,
J3CLAPUR2_20240507,J3CLAPUR2_20240507,0.518,18,,,
J4BRODIA2_20240506,J4BRODIA2_20240506,1.642,18,,,
J6BRODIA1_20240506,J6BRODIA1_20240506,2.27,18,,,
J7BRODIA2_20240506,J7BRODIA2_20240506,2.027,18,,,
J8BRODIA2_20240506,J8BRODIA2_20240506,1.928,18,,,
A1BROHOR2_20240427,A1BROHOR2_20240427,0.537,18,,,
A3BROHOR2_20240427,A3BROHOR2_20240427,0.745,18,,,
A5BROHOR1_20240503,A5BROHOR1_20240503,0.594,18,,,
A7BROHOR1_20240503,A7BROHOR1_20240503,0.782,18,,,
A8BROHOR1_20240503,A8BROHOR1_20240503,1.214,18,,,
B1BROHOR1_20240503,B1BROHOR1_20240503,0.915,18,,,
B2BROHOR1_20240503,B2BROHOR1_20240503,1.091,18,,,
B4BROHOR1_20240503,B4BROHOR1_20240503,0.706,18,,,
B5BROHOR1_20240503,B5BROHOR1_20240503,0.471,18,,,
B7BROHOR1_20240503,B7BROHOR1_20240503,1.356,18,,,
C1BROHOR1_20240503,C1BROHOR1_20240503,0.467,18,,,
C2BROHOR1_20240503,C2BROHOR1_20240503,0.72,18,,,
C3BROHOR1_20240503,C3BROHOR1_20240503,0.969,18,,,
C5BROHOR2_20240503,C5BROHOR2_20240503,0.966,18,,,
C8BROHOR2_20240502,C8BROHOR2_20240502,1.551,18,,,
D1BROHOR2_20240503,D1BROHOR2_20240503,1.324,18,,,
D2BROHOR1_20240503,D2BROHOR1_20240503,1.848,18,,,
D4BROHOR1_20240503,D4BROHOR1_20240503,1.281,18,,,
D6BROHOR1_20240503,D6BROHOR1_20240503,1.448,18,,,
D7BROHOR1_20240503,D7BROHOR1_20240503,0.622,18,,,
D8BROHOR1_20240503,D8BROHOR1_20240503,1.41,18,,,
E1BROHOR2_20240503,E1BROHOR2_20240503,1.958,18,,,
E3BROHOR1_20240503,E3BROHOR1_20240503,1.945,18,,,
E5BROHOR1_20240513,E5BROHOR1_20240513,0.684,18,,,
E6BROHOR1_20240503,E6BROHOR1_20240503,0.419,18,,,
E7BROHOR2_20240503,E7BROHOR2_20240503,1.441,18,,,
E8BROHOR2_20240503,E8BROHOR2_20240503,1.435,18,,,
F1BROHOR2_20240427,F1BROHOR2_20240427,1.352,18,,,
F3BROHOR2_20240427,F3BROHOR2_20240427,1.179,18,,,
F4BROHOR1_20240503,F4BROHOR1_20240503,1.482,18,,,
F5BROHOR1_20240503,F5BROHOR1_20240503,2.021,18,,,
F6BROHOR1_20240503,F6BROHOR1_20240503,0.768,18,,,
F8BROHOR1_20240503,F8BROHOR1_20240503,1.606,18,,,
G1BROHOR1_20240503,G1BROHOR1_20240503,1.208,18,,,
G2BROHOR1_20240503,G2BROHOR1_20240503,1.347,18,,,
G3BROHOR1_20240503,G3BROHOR1_20240503,0.829,18,,,
G5BROHOR1_20240503,G5BROHOR1_20240503,1.226,18,,,
G6BROHOR1_20240503,G6BROHOR1_20240503,2.248,18,,,
G7BROHOR1_20240503,G7BROHOR1_20240503,1.372,18,,,
G8BROHOR1_20240503,G8BROHOR1_20240503,1.424,18,,,
H1BROHOR1_20240503,H1BROHOR1_20240503,0.773,18,,,
H2BROHOR1_20240503,H2BROHOR1_20240503,1.904,18,,,
H4BROHOR1_20240503,H4BROHOR1_20240503,0.906,18,,,
H5BROHOR1_20240503,H5BROHOR1_20240503,0.895,18,,,
H6BROHOR1_20240503,H6BROHOR1_20240503,1.508,18,,,
H7BROHOR1_20240503,H7BROHOR1_20240503,1.382,18,,,
H8BROHOR1_20240503,H8BROHOR1_20240503,0.993,18,,,
I2BROHOR2_20240503,I2BROHOR2_20240503,0.57,18,,,
I4BROHOR1_20240503,I4BROHOR1_20240503,1.152,18,,,
I5BROHOR2_20240503,I5BROHOR2_20240503,0.998,18,,,
I6BROHOR2_20240503,I6BROHOR2_20240503,2.255,18,,,
I7BROHOR1_20240503,I7BROHOR1_20240503,1.188,18,,,
I8BROHOR2_20240503,I8BROHOR2_20240503,1.435,18,,,
J1BROHOR1_20240503,J1BROHOR1_20240503,0.969,18,,,
J2BROHOR1_20240503,J2BROHOR1_20240503,1.718,18,,,
J3BROHOR1_20240503,J3BROHOR1_20240503,0.857,18,,,
J8BROHOR1_20240503,J8BROHOR1_20240503,0.891,18,,,
A6BROMAD2_20240425,A6BROMAD2_20240425,0.454,18,,,
A8BROMAD2_20240425,A8BROMAD2_20240425,0.966,18,,,
B5BROMAD2_20240425,B5BROMAD2_20240425,0.601,18,,,
C2BROMAD2_20240425,C2BROMAD2_20240425,0.891,18,,,
C7BROMAD2_20240425,C7BROMAD2_20240425,1.29,18,,,
D4BROMAD2_20240426,D4BROMAD2_20240426,0.483,18,,,
D7BROMAD2_20240426,D7BROMAD2_20240426,0.303,18,,,
D8BROMAD1_20240426,D8BROMAD1_20240426,0.575,18,,,
E4BROMAD2_20240426,E4BROMAD2_20240426,0.656,18,,,
E5BROMAD1_20240426,E5BROMAD1_20240426,0.332,18,,,
E6BROMAD2_20240426,E6BROMAD2_20240426,0.456,18,,,
E7BROMAD2_20240426,E7BROMAD2_20240426,1.353,18,,,
F4BROMAD2_20240425,F4BROMAD2_20240425,1.133,18,,,
G2BROMAD2_20240425,G2BROMAD2_20240425,1.472,18,,,
G3BROMAD2_20240425,G3BROMAD2_20240425,0.721,18,,,
G4BROMAD2_20240425,G4BROMAD2_20240425,1.406,18,,,
H1BROMAD2_20240426,H1BROMAD2_20240426,0.363,18,,,
H3BROMAD2_20240425,H3BROMAD2_20240425,0.912,18,,,
H4BROMAD2_20240426,H4BROMAD2_20240426,1.083,18,,,
H7BROMAD2_20240425,H7BROMAD2_20240425,1.276,18,,,
I2BROMAD1_20240426,I2BROMAD1_20240426,0.555,18,,,
I3BROMAD2_20240426,I3BROMAD2_20240426,0.975,18,,,
I7BROMAD1_20240426,I7BROMAD1_20240426,0.918,18,,,
J3BROMAD2_20240426,J3BROMAD2_20240426,1.048,18,,,
J4BROMAD2_20240426,J4BROMAD2_20240426,0.528,18,,,
J5BROMAD2_20240426,J5BROMAD2_20240426,0.447,18,,,
J6BROMAD1_20240426,J6BROMAD1_20240426,0.372,18,,,
J7BROMAD2_20240426,J7BROMAD2_20240426,0.873,18,,,
J8BROMAD2_20240426,J8BROMAD2_20240426,0.626,18,,,
B8CAUCOU1_20240401,B8CAUCOU1_20240401,2.553,18,,,
A6CENMEL2_20240509,A6CENMEL2_20240509,1.438,18,,,
A7CENMEL1_20240509,A7CENMEL1_20240509,5.067,18,,,
B3CENMEL2_20240509,B3CENMEL2_20240509,0.414,18,,,
B6CENMEL2_20240509,B6CENMEL2_20240509,1.663,18,,,
C2CENMEL2_20240509,C2CENMEL2_20240509,3.059,18,,,
D7CENMEL2_20240509,D7CENMEL2_20240509,5.684,18,,,
D8CENMEL2_20240509,D8CENMEL2_20240509,3.409,18,,,
E5CENMEL1_20240509,E5CENMEL1_20240509,3.074,18,,,
E6CENMEL1_20240509,E6CENMEL1_20240509,3.34,18,,,
F6CENMEL2_20240509,F6CENMEL2_20240509,2.014,18,,,
G3CENMEL2_20240509,G3CENMEL2_20240509,3.533,18,,,
H1CENMEL2_20240509,H1CENMEL2_20240509,1.928,18,,,
H8CENMEL1_20240509,H8CENMEL1_20240509,3.019,18,,,
I2CENMEL2_20240509,I2CENMEL2_20240509,2.063,18,,,
J5CENMEL2_20240509,J5CENMEL2_20240509,0.119,18,,,
J8CENMEL2_20240509,J8CENMEL2_20240509,3.208,18,,,
A1CLAPUR2_20240501,A1CLAPUR2_20240501,1.219,18,,,
A3CLAPUR2_20240501,A3CLAPUR2_20240501,0.071,18,,,
A5CLAPUR2_20240501,A5CLAPUR2_20240501,1.95,18,,,
A8CLAPUR2_20240501,A8CLAPUR2_20240501,2.805,18,,,
B1CLAPUR2_20240501,B1CLAPUR2_20240501,1.212,18,,,
B1CLAPUR2_20240507,B1CLAPUR2_20240507,1.925,18,,,
B2CLAPUR2_20240507,B2CLAPUR2_20240507,0.433,18,,,
B5CLAPUR2_20240507,B5CLAPUR2_20240507,1.535,18,,,
B7CLAPUR2_20240507,B7CLAPUR2_20240507,0.91,18,,,
C3CLAPUR2_20240507,C3CLAPUR2_20240507,1.667,18,,,
C4CLAPUR2_20240507,C4CLAPUR2_20240507,0.764,18,,,
C5CLAPUR2_20240507,C5CLAPUR2_20240507,0.737,18,,,
C8CLAPUR2_20240507,C8CLAPUR2_20240507,0.957,18,,,
D1CLAPUR2_20240507,D1CLAPUR2_20240507,1.483,18,,,
D2CLAPUR2_20240507,D2CLAPUR2_20240507,2.047,18,,,
D4CLAPUR2_20240507,D4CLAPUR2_20240507,1.285,18,,,
D6CLAPUR2_20240507,D6CLAPUR2_20240507,1.801,18,,,
E1CLAPUR2_20240507,E1CLAPUR2_20240507,3.353,18,,,
E3CLAPUR2_20240507,E3CLAPUR2_20240507,3.216,18,,,
E7CLAPUR2_20240507,E7CLAPUR2_20240507,1.156,18,,,
E8CLAPUR2_20240507,E8CLAPUR2_20240507,2.861,18,,,
F1CLAPUR2_20240501,F1CLAPUR2_20240501,2.444,18,,,
F3CLAPUR2_20240501,F3CLAPUR2_20240501,0.6,18,,,
F4CLAPUR2_20240501,F4CLAPUR2_20240501,0.838,18,,,
F5CLAPUR2_20240501,F5CLAPUR2_20240501,1.764,18,,,
F8CLAPUR2_20240501,F8CLAPUR2_20240501,1.761,18,,,
G1CLAPUR2_20240501,G1CLAPUR2_20240501,2.569,18,,,
G2CLAPUR2_20240507,G2CLAPUR2_20240507,1.572,18,,,
G5CLAPUR2_20240507,G5CLAPUR2_20240507,1.132,18,,,
G6CLAPUR2_20240507,G6CLAPUR2_20240507,1.256,18,,,
G7CLAPUR2_20240507,G7CLAPUR2_20240507,1.631,18,,,
G8CLAPUR2_20240507,G8CLAPUR2_20240507,0.704,18,,,
H2CLAPUR2_20240507,H2CLAPUR2_20240507,2.794,18,,,
H4CLAPUR2_20240507,H4CLAPUR2_20240507,1.032,18,,,
H5CLAPUR2_20240507,H5CLAPUR2_20240507,3.167,18,,,
H6CLAPUR2_20240507,H6CLAPUR2_20240507,1.804,18,,,
H7CLAPUR2_20240507,H7CLAPUR2_20240507,1.049,18,,,
I1CLAPUR2_20240507,I1CLAPUR2_20240507,2.003,18,,,
I4CLAPUR2_20240507,I4CLAPUR2_20240507,1.805,18,,,
I5CLAPUR2_20240507,I5CLAPUR2_20240507,1.077,18,,,
I6CLAPUR2_20240507,I6CLAPUR2_20240507,0.901,18,,,
I7CLAPUR2_20240507,I7CLAPUR2_20240507,1.26,18,,,
I8CLAPUR2_20240507,I8CLAPUR2_20240507,0.696,18,,,
J1CLAPUR2_20240507,J1CLAPUR2_20240507,1.513,18,,,
J2CLAPUR2_20240507,J2CLAPUR2_20240507,1.406,18,,,
J3CLAPUR2_20240507,J3CLAPUR2_20240507,1.248,18,,,
J6CLAPUR2_20240507,J6CLAPUR2_20240507,1.436,18,,,
A6CORFIL1_20240518,A6CORFIL1_20240518,0.783,18,,,
D7CORFIL2_20240518,D7CORFIL2_20240518,2.046,18,,,
D8CORFIL2_20240518,D8CORFIL2_20240518,4.925,18,,,
E5CORFIL2_20240518,E5CORFIL2_20240518,0.891,18,,,
E6CORFIL2_20240518,E6CORFIL2_20240518,2.224,18,,,
F6CORFIL2_20240518,F6CORFIL2_20240518,2.313,18,,,
G3CORFIL1_20240518,G3CORFIL1_20240518,2.334,18,,,
I2CORFIL1_20240518,I2CORFIL1_20240518,0.21,18,,,
J5CORFIL1_20240518,J5CORFIL1_20240518,0.399,18,,,
E1DANCAL1_20240531,E1DANCAL1_20240531,0.309,18,,,
E3DANCAL2_20240518,E3DANCAL2_20240518,0.497,18,,,
G7DANCAL1_20240531,G7DANCAL1_20240531,0.353,18,,,
H6DANCAL1_20240531,H6DANCAL1_20240531,0.514,18,,,
A1DAUPUS1_20240509,A1DAUPUS1_20240509,0.876,18,,,
B1DAUPUS2_20240509,B1DAUPUS2_20240509,0.284,18,,,
B4DAUPUS1_20240509,B4DAUPUS1_20240509,0.412,18,,,
B7DAUPUS2_20240509,B7DAUPUS2_20240509,2.163,18,,,
C4DAUPUS2_20240509,C4DAUPUS2_20240509,2.592,18,,,
C8DAUPUS1_20240509,C8DAUPUS1_20240509,1.677,18,,,
D1DAUPUS2_20240509,D1DAUPUS2_20240509,4.526,18,,,
D2DAUPUS2_20240509,D2DAUPUS2_20240509,2.598,18,,,
D6DAUPUS2_20240509,D6DAUPUS2_20240509,3.327,18,,,
E1DAUPUS1_20240509,E1DAUPUS1_20240509,1.054,18,,,
E3DAUPUS2_20240509,E3DAUPUS2_20240509,3.175,18,,,
E8DAUPUS2_20240509,E8DAUPUS2_20240509,0.624,18,,,
F1DAUPUS2_20240509,F1DAUPUS2_20240509,2.422,18,,,
F3DAUPUS1_20240509,F3DAUPUS1_20240509,2.653,18,,,
F8DAUPUS2_20240509,F8DAUPUS2_20240509,2.05,18,,,
G1DAUPUS1_20240509,G1DAUPUS1_20240509,1.308,18,,,
G7DAUPUS1_20240509,G7DAUPUS1_20240509,1.994,18,,,
G8DAUPUS1_20240513,G8DAUPUS1_20240513,2.033,18,,,
H2DAUPUS2_20240509,H2DAUPUS2_20240509,2.715,18,,,
H5DAUPUS2_20240509,H5DAUPUS2_20240509,4.426,18,,,
H6DAUPUS1_20240509,H6DAUPUS1_20240509,1.599,18,,,
I1DAUPUS2_20240509,I1DAUPUS2_20240509,2.112,18,,,
I4DAUPUS2_20240509,I4DAUPUS2_20240509,1.57,18,,,
I5DAUPUS2_20240509,I5DAUPUS2_20240509,0.814,18,,,
I8DAUPUS1_20240509,I8DAUPUS1_20240509,3.638,18,,,
J1DAUPUS2_20240509,J1DAUPUS2_20240509,3.215,18,,,
A5ELYCAP2_20240503,A5ELYCAP2_20240503,0.677,18,,,
A8ELYCAP1_20240505,A8ELYCAP1_20240505,0.271,18,,,
B2ELYCAP2_20240505,B2ELYCAP2_20240505,0.481,18,,,
B5ELYCAP2_20240505,B5ELYCAP2_20240505,0.148,18,,,
C1ELYCAP1_20240505,C1ELYCAP1_20240505,0.413,18,,,
D4ELYCAP2_20240505,D4ELYCAP2_20240505,0.951,18,,,
E7ELYCAP1_20240505,E7ELYCAP1_20240505,0.591,18,,,
F4ELYCAP1_20240505,F4ELYCAP1_20240505,0.172,18,,,
F5ELYCAP2_20240503,F5ELYCAP2_20240503,0.477,18,,,
G2ELYCAP1_20240505,G2ELYCAP1_20240505,0.57,18,,,
G5ELYCAP2_20240505,G5ELYCAP2_20240505,0.497,18,,,
H4ELYCAP2_20240505,H4ELYCAP2_20240505,0.406,18,,,
H7ELYCAP1_20240505,H7ELYCAP1_20240505,0.162,18,,,
I7ELYCAP2_20240505,I7ELYCAP2_20240505,0.388,18,,,
J3ELYCAP1_20240505,J3ELYCAP1_20240505,0.267,18,,,
J6ELYCAP1_20240505,J6ELYCAP1_20240505,0.547,18,,,
B8CAUCOU1_20240401,B8CAUCOU1_20240401,2.553,18,,,
C6EROCIC1_20240401,C6EROCIC1_20240401,1.728,18,,,
C6EROCIC2_20240401,C6EROCIC2_20240401,4.256,18,,,
D5EROCIC1_20240401,D5EROCIC1_20240401,3.608,18,,,
E2EROCIC2_20240401,E2EROCIC2_20240401,5.914,18,,,
E6EROCIC1_20240401,E6EROCIC1_20240401,2.702,18,,,
E6EROCIC2_20240401,E6EROCIC2_20240401,2.701,18,,,
F2EROCIC2_20240401,F2EROCIC2_20240401,2.763,18,,,
F6EROCIC2_20240401,F6EROCIC2_20240401,0.791,18,,,
H3EROCIC1_20240401,H3EROCIC1_20240401,3.501,18,,,
J4EROCIC1_20240401,J4EROCIC1_20240401,3.491,18,,,
J4EROCIC2_20240401,J4EROCIC2_20240401,5.015,18,,,
A2ESCCAL1_20240502,A2ESCCAL1_20240502,0.812,18,,,
A7ESCCAL1_20240502,A7ESCCAL1_20240502,1.004,18,,,
C2ESCCAL1_20240502,C2ESCCAL1_20240502,1.155,18,,,
E5ESCCAL1_20240502,E5ESCCAL1_20240502,0.204,18,,,
J8ESCCAL1_20240502,J8ESCCAL1_20240502,1.307,18,,,
A1GALPAR2_20240531,A1GALPAR2_20240531,0.761,18,,,
C8GALPAR2_20240531,C8GALPAR2_20240531,0.404,18,,,
D1GALPAR2_20240531,D1GALPAR2_20240531,0.909,18,,,
E1GALPAR2_20240531,E1GALPAR2_20240531,0.616,18,,,
E3GALPAR2_20240531,E3GALPAR2_20240531,0.34,18,,,
F1GALPAR2_20240531,F1GALPAR2_20240531,1.202,18,,,
G6GALPAR2_20240531,G6GALPAR2_20240531,0.432,18,,,
G7GALPAR2_20240531,G7GALPAR2_20240531,0.323,18,,,
H2GALPAR2_20240531,H2GALPAR2_20240531,0.489,18,,,
H6GALPAR2_20240531,H6GALPAR2_20240531,0.894,18,,,
I5GALPAR2_20240531,I5GALPAR2_20240531,0.385,18,,,
I6GALPAR2_20240531,I6GALPAR2_20240531,0.307,18,,,
I8GALPAR2_20240531,I8GALPAR2_20240531,0.357,18,,,
J2GALPAR2_20240531,J2GALPAR2_20240531,0.335,18,,,
B7GERDIS3_20240423,B7GERDIS3_20240423,2.34,18,,,
C4GERDIS2_20240423,C4GERDIS2_20240423,0.566,18,,,
C5GERDIS2_20240423,C5GERDIS2_20240423,3.384,18,,,
D2GERDIS2_20240423,D2GERDIS2_20240423,3.357,18,,,
D6GERDIS1_20240423,D6GERDIS1_20240423,4.723,18,,,
D6GERDIS1_20242324,D6GERDIS1_20242324,1.166,18,,,
E8GERDIS1_20240423,E8GERDIS1_20240423,3.614,18,,,
F3GERDIS2_20240423,F3GERDIS2_20240423,2.035,18,,,
F8GERDIS1_20240423,F8GERDIS1_20240423,4.245,18,,,
G1GERDIS1_20240423,G1GERDIS1_20240423,3.062,18,,,
G8GERDIS2_20240423,G8GERDIS2_20240423,3.561,18,,,
H5GERDIS2_20240423,H5GERDIS2_20240423,4.398,18,,,
I1GERDIS1_20240423,I1GERDIS1_20240423,2.701,18,,,
I4GERDIS2_20240423,I4GERDIS2_20240423,1.694,18,,,
J1GERDIS2_20240423,J1GERDIS2_20240423,3.297,18,,,
A5HOLVIR1_20240515,A5HOLVIR1_20240515,1.239,18,,,
A5HOLVIR2_20240515,A5HOLVIR2_20240515,0.423,18,,,
B2HOLVIR2_20240515,B2HOLVIR2_20240515,0.777,18,,,
B5HOLVIR2_20240515,B5HOLVIR2_20240515,1.021,18,,,
C1HOLVIR2_20240515,C1HOLVIR2_20240515,1.297,18,,,
D4HOLVIR1_20240515,D4HOLVIR1_20240515,1.99,18,,,
G2HOLVIR1_20240515,G2HOLVIR1_20240515,1.197,18,,,
H4HOLVIR2_20240515,H4HOLVIR2_20240515,1.618,18,,,
H7HOLVIR2_20240515,H7HOLVIR2_20240515,1.48,18,,,
I7HOLVIR2_20240515,I7HOLVIR2_20240515,1.735,18,,,
J3HOLVIR2_20240515,J3HOLVIR2_20240515,3.627,18,,,
J6HOLVIR1_20240515,J6HOLVIR1_20240515,0.884,18,,,
A1HYPGLA1_20240509,A1HYPGLA1_20240509,3.357,18,,,
B4HYPGLA2_20240509,B4HYPGLA2_20240509,0.635,18,,,
C3HYPGLA1_20240509,C3HYPGLA1_20240509,0.521,18,,,
C8HYPGLA1_20240509,C8HYPGLA1_20240509,3.768,18,,,
D1HYPGLA1_20240509,D1HYPGLA1_20240509,2.868,18,,,
E1HYPGLA2_20240509,E1HYPGLA2_20240509,4.762,18,,,
E3HYPGLA2_20240509,E3HYPGLA2_20240509,0.892,18,,,
F1HYPGLA1_20240509,F1HYPGLA1_20240509,3.022,18,,,
G6HYPGLA1_20240509,G6HYPGLA1_20240509,1.836,18,,,
G7HYPGLA1_20240509,G7HYPGLA1_20240509,5.186,18,,,
H2HYPGLA1_20240509,H2HYPGLA1_20240509,4.172,18,,,
H6HYPGLA2_20240509,H6HYPGLA2_20240509,3.93,18,,,
I6HYPGLA2_20240509,I6HYPGLA2_20240509,0.505,18,,,
I8HYPGLA2_20240509,I8HYPGLA2_20240509,1.186,18,,,
J2HYPGLA1_20240509,J2HYPGLA1_20240509,1.138,18,,,
A8LUPBIC1_20240424,A8LUPBIC1_20240424,2.961,18,,,
A8LUPBIC2_20240424,A8LUPBIC2_20240424,2.664,18,,,
D6LUPBIC1_20240429,D6LUPBIC1_20240429,0.844,18,,,
E7LUPBIC1_20240429,E7LUPBIC1_20240429,3.451,18,,,
E8LUPBIC1_20240429,E8LUPBIC1_20240429,1.466,18,,,
F4LUPBIC1_20240424,F4LUPBIC1_20240424,3.123,18,,,
F8LUPBIC1_20240424,F8LUPBIC1_20240424,1.469,18,,,
G2LUPBIC1_20240424,G2LUPBIC1_20240424,2.806,18,,,
G5LUPBIC2_20240425,G5LUPBIC2_20240425,1.185,18,,,
G8LUPBIC1_20240429,G8LUPBIC1_20240429,0.82,18,,,
H4LUPBIC1_20240425,H4LUPBIC1_20240425,1.783,18,,,
D3LUPMIC1_20240425,D3LUPMIC1_20240425,5.989,18,,,
D5LUPMIC1_20240425,D5LUPMIC1_20240425,4.988,18,,,
E2LUPMIC1_20240424,E2LUPMIC1_20240424,5.628,18,,,
E4LUPMIC2_20240425,E4LUPMIC2_20240425,5.484,18,,,
F2LUPMIC1_20240424,F2LUPMIC1_20240424,5.839,18,,,
F7LUPMIC2_20240424,F7LUPMIC2_20240424,5.97,18,,,
B8LUPSUC1_20240424,B8LUPSUC1_20240424,4.367,18,,,
D3LUPSUC1_20240425,D3LUPSUC1_20240425,4.94,18,,,
D5LUPSUC2_20240425,D5LUPSUC2_20240425,4.525,18,,,
A1MADGRA1_20240513,A1MADGRA1_20240513,0.835,18,,,
A3MADGRA2_20240513,A3MADGRA2_20240513,0.641,18,,,
B1MADGRA1_20240513,B1MADGRA1_20240513,0.632,18,,,
B4MADGRA1_20240513,B4MADGRA1_20240513,0.914,18,,,
B7MADGRA1_20240513,B7MADGRA1_20240513,0.881,18,,,
C3MADGRA2_20240513,C3MADGRA2_20240513,1.009,18,,,
C4MADGRA2_20240511,C4MADGRA2_20240511,0.906,18,,,
C5MADGRA2_20240511,C5MADGRA2_20240511,0.663,18,,,
C8MADGRA2_20240511,C8MADGRA2_20240511,1.099,18,,,
D1MADGRA1_20240511,D1MADGRA1_20240511,1.129,18,,,
D2MADGRA2_20240511,D2MADGRA2_20240511,1.738,18,,,
E1MADGRA2_20240511,E1MADGRA2_20240511,1.176,18,,,
E3MADGRA2_20240511,E3MADGRA2_20240511,1.492,18,,,
F1MADGRA2_20240513,F1MADGRA2_20240513,1.272,18,,,
F3MADGRA1_20240513,F3MADGRA1_20240513,2.499,18,,,
F8MADGRA1_20240513,F8MADGRA1_20240513,1.704,18,,,
F8MADGRA2_20240511,F8MADGRA2_20240511,1.639,18,,,
G1MADGRA2_20240513,G1MADGRA2_20240513,1.865,18,,,
G6MADGRA2_20240513,G6MADGRA2_20240513,1.049,18,,,
G7MADGRA2_20240513,G7MADGRA2_20240513,1.592,18,,,
G8MADGRA1_20240513,G8MADGRA1_20240513,1.96,18,,,
H2MADGRA1_20240511,H2MADGRA1_20240511,1.325,18,,,
H5MADGRA2_20240511,H5MADGRA2_20240511,1.897,18,,,
H6MADGRA2_20240511,H6MADGRA2_20240511,0.911,18,,,
I1MADGRA1_20240511,I1MADGRA1_20240511,1.508,18,,,
I5MADGRA2_20240511,I5MADGRA2_20240511,4.042,18,,,
I6MADGRA2_20240511,I6MADGRA2_20240511,1.001,18,,,
I8MADGRA2_20240511,I8MADGRA2_20240511,1.32,18,,,
J2MADGRA2_20240511,J2MADGRA2_20240511,1.567,18,,,
A6MICCAL1_20240427,A6MICCAL1_20240427,0.714,18,,,
A7MICCAL2_20240429,A7MICCAL2_20240429,0.662,18,,,
A8MICCAL2_20240429,A8MICCAL2_20240429,0.427,18,,,
B2MICCAL2_20240429,B2MICCAL2_20240429,0.712,18,,,
B6MICCAL2_20240429,B6MICCAL2_20240429,0.124,18,,,
C2MICCAL2_20240429,C2MICCAL2_20240429,0.228,18,,,
C2MICCAL3_20240429,C2MICCAL3_20240429,0.599,18,,,
D7MICCAL2_20240429,D7MICCAL2_20240429,0.645,18,,,
D8MICCAL2_20240429,D8MICCAL2_20240429,0.851,18,,,
E5MICCAL2_20240429,E5MICCAL2_20240429,0.404,18,,,
E6MICCAL1_20240429,E6MICCAL1_20240429,0.603,18,,,
E7MICCAL2_20240429,E7MICCAL2_20240429,0.548,18,,,
F4MICCAL1_20240427,F4MICCAL1_20240427,1.308,18,,,
F6MICCAL1_20240429,F6MICCAL1_20240429,0.937,18,,,
G2MICCAL2_20240429,G2MICCAL2_20240429,1.172,18,,,
G3MICCAL2_20240429,G3MICCAL2_20240429,0.768,18,,,
G5MICCAL2_20240429,G5MICCAL2_20240429,1.731,18,,,
H1MICCAL2_20240429,H1MICCAL2_20240429,1.008,18,,,
H4MICCAL1_20240429,H4MICCAL1_20240429,1.934,18,,,
H7MICCAL1_20240429,H7MICCAL1_20240429,0.561,18,,,
H8MICCAL2_20240429,H8MICCAL2_20240429,0.855,18,,,
I2MICCAL1_20240429,I2MICCAL1_20240429,0.351,18,,,
J3MICCAL2_20240429,J3MICCAL2_20240429,0.999,18,,,
J6MICCAL2_20240429,J6MICCAL2_20240429,0.334,18,,,
J8MICCAL2_20240429,J8MICCAL2_20240429,0.706,18,,,
A4PHATAN1_20240403,A4PHATAN1_20240403,3.786,18,,,
B8PHATAN1_20240403,B8PHATAN1_20240403,2.957,18,,,
C6PHATAN1_20240403,C6PHATAN1_20240403,2.595,18,,,
C6PHATAN2_20240403,C6PHATAN2_20240403,4.226,18,,,
C7PHATAN1_20240403,C7PHATAN1_20240403,3.588,18,,,
D3PHATAN1_20240403,D3PHATAN1_20240403,2.307,18,,,
D3PHATAN2_20240403,D3PHATAN2_20240403,2.632,18,,,
D5PHATAN1_20240403,D5PHATAN1_20240403,3.027,18,,,
E2PHATAN1_20240403,E2PHATAN1_20240403,2.048,18,,,
E4PHATAN1_20240403,E4PHATAN1_20240403,4.249,18,,,
E4PHATAN2_20240403,E4PHATAN2_20240403,3.844,18,,,
G4PHATAN1_20240403,G4PHATAN1_20240403,3.601,18,,,
H3PHATAN1_20240403,H3PHATAN1_20240403,2.315,18,,,
A5PLAERE2_20240424,A5PLAERE2_20240424,0.684,18,,,
D4PLAERE2_20240424,D4PLAERE2_20240424,1.072,18,,,
E7PLAERE1_20240424,E7PLAERE1_20240424,1.105,18,,,
F4PLAERE2_20240424,F4PLAERE2_20240424,1.13,18,,,
F5PLAERE2_20240424,F5PLAERE2_20240424,0.988,18,,,
G2PLAERE2_20240424,G2PLAERE2_20240424,0.919,18,,,
H4PLAERE2_20240424,H4PLAERE2_20240424,1.021,18,,,
H7PLAERE1_20240424,H7PLAERE1_20240424,0.641,18,,,
I7PLAERE2_20240421,I7PLAERE2_20240421,1.693,18,,,
J6PLAERE2_20240424,J6PLAERE2_20240424,1.063,18,,,
J6PLAERE3_20240424,J6PLAERE3_20240424,0.577,18,,,
B4PLANOT1_20240429,B4PLANOT1_20240429,0.243,18,,,
C3PLANOT1_20240429,C3PLANOT1_20240429,2.145,18,,,
D1PLANOT1_20240429,D1PLANOT1_20240429,1.131,18,,,
E1PLANOT2_20240429,E1PLANOT2_20240429,1.445,18,,,
E3PLANOT1_20240429,E3PLANOT1_20240429,0.86,18,,,
H2PLANOT1_20240429,H2PLANOT1_20240429,0.658,18,,,
H6PLANOT2_20240429,H6PLANOT2_20240429,0.626,18,,,
G4SALCOL2_20240424,G4SALCOL2_20240424,5.192,18,,,
G6SANBIP1_20240518,G6SANBIP1_20240518,5.048,18,,,
A6STIPUL2_20240513,A6STIPUL2_20240513,0.342,18,,,
D8STIPUL1_20240513,D8STIPUL1_20240513,0.237,18,,,
E5STIPUL1_20240513,E5STIPUL1_20240513,0.3,18,,,
E6STIPUL2_20240513,E6STIPUL2_20240513,0.47,18,,,
F6STIPUL1_20240513,F6STIPUL1_20240513,0.326,18,,,
G3STIPUL1_20240513,G3STIPUL1_20240513,0.576,18,,,
G3STIPUL2_20240513,G3STIPUL2_20240513,0.364,18,,,
H1STIPUL1_20240513,H1STIPUL1_20240513,0.297,18,,,
H8STIPUL2_20240513,H8STIPUL2_20240513,0.426,18,,,
I2STIPUL2_20240513,I2STIPUL2_20240513,0.372,18,,,
J5STIPUL2_20240513,J5STIPUL2_20240513,0.369,18,,,
J8STIPUL1_20240513,J8STIPUL1_20240513,0.168,18,,,
A3TORARV2_20240507,A3TORARV2_20240507,0.629,18,,,
B1TORARV2_20240507,B1TORARV2_20240507,2.291,18,,,
B7TORARV2_20240507,B7TORARV2_20240507,2.129,18,,,
C4TORARV1_20240507,C4TORARV1_20240507,4.039,18,,,
D2TORARV2_20240507,D2TORARV2_20240507,3.531,18,,,
D6TORARV2_20240507,D6TORARV2_20240507,2.345,18,,,
E8TORARV2_20240507,E8TORARV2_20240507,5.171,18,,,
F3TORARV2_20240507,F3TORARV2_20240507,3.491,18,,,
F8TORARV2_20240507,F8TORARV2_20240507,2.421,18,,,
G1TORARV2_20240507,G1TORARV2_20240507,3.403,18,,,
G8TORARV2_20240507,G8TORARV2_20240507,4.417,18,,,
H5TORARV2_20240507,H5TORARV2_20240507,2.252,18,,,
I1TORARV2_20240507,I1TORARV2_20240507,2.648,18,,,
I4TORARV2_20240507,I4TORARV2_20240507,1.859,18,,,
J1TORARV2_20240507,J1TORARV2_20240507,3.051,18,,,
B7TRIHIR1_20240515,B7TRIHIR1_20240515,3.517,18,,,
B7TRIHIR2_20240515,B7TRIHIR2_20240515,3.019,18,,,
C5TRIHIR1_20240515,C5TRIHIR1_20240515,1.342,18,,,
D2TRIHIR1_20240515,D2TRIHIR1_20240515,1.83,18,,,
E7TRIHIR1_20240515,E7TRIHIR1_20240515,2.66,18,,,
E7TRIHIR2_20240515,E7TRIHIR2_20240515,2.082,18,,,
E8TRIHIR1_20240515,E8TRIHIR1_20240515,2.491,18,,,
E8TRIHIR2_20240515,E8TRIHIR2_20240515,3.626,18,,,
F3TRIHIR1_20240515,F3TRIHIR1_20240515,3.485,18,,,
F8TRIHIR1_20240515,F8TRIHIR1_20240515,0.734,18,,,
F8TRIHIR2_20240515,F8TRIHIR2_20240515,2.512,18,,,
G1TRIHIR2_20240515,G1TRIHIR2_20240515,2.992,18,,,
G2TRIHIR2_20240515,G2TRIHIR2_20240515,2.155,18,,,
H5TRIHIR2_20240515,H5TRIHIR2_20240515,2.558,18,,,
A3VICSAT1_20240501,A3VICSAT1_20240501,1.27,18,,,
B1VICSAT1_20240501,B1VICSAT1_20240501,1.907,18,,,
B7IVCAST1_20240501,B7IVCAST1_20240501,1.44,18,,,
C4VICSAT2_20240501,C4VICSAT2_20240501,2.787,18,,,
C5VICSAT1_20240501,C5VICSAT1_20240501,1.422,18,,,
D2VICSAT1_20240501,D2VICSAT1_20240501,1.765,18,,,
D6VICSAT2_20240501,D6VICSAT2_20240501,3.061,18,,,
E8VICSAT2_20240501,E8VICSAT2_20240501,3.246,18,,,
F3VICSAT2_20240501,F3VICSAT2_20240501,2.567,18,,,
F8VICSAT2_20240501,F8VICSAT2_20240501,1.762,18,,,
G8VICSAT2_20240501,G8VICSAT2_20240501,3.014,18,,,
H5VICSAT2_20240501,H5VICSAT2_20240501,2.042,18,,,
I1VICSAT2_20240501,I1VICSAT2_20240501,2.037,18,,,
I4VICSAT2_20240501,I4VICSAT2_20240501,2.239,18,,,
J1VICSAT2_20240501,J1VICSAT2_20240501,2.136,18,,,
B3MICCAL2_20240429,B3MICCAL2_20240429,1.123,18,,,no licor
A6AVEFAT1_20240503,A6AVEFAT1_20240503,1.032,18,,,too small